#
# There is insufficient memory for the Java Runtime Environment to continue.
# Native memory allocation (mmap) failed to map 193986560 bytes. Error detail: G1 virtual space
# Possible reasons:
#   The system is out of physical RAM or swap space
#   This process is running with CompressedOops enabled, and the Java Heap may be blocking the growth of the native heap
# Possible solutions:
#   Reduce memory load on the system
#   Increase physical memory or swap space
#   Check if swap backing store is full
#   Decrease Java heap size (-Xmx/-Xms)
#   Decrease number of Java threads
#   Decrease Java thread stack sizes (-Xss)
#   Set larger code cache with -XX:ReservedCodeCacheSize=
#   JVM is running with Unscaled Compressed Oops mode in which the Java heap is
#     placed in the first 4GB address space. The Java Heap base address is the
#     maximum limit for the native heap growth. Please use -XX:HeapBaseMinAddress
#     to set the Java Heap base and to place the Java Heap above 4GB virtual address.
# This output file may be truncated or incomplete.
#
#  Out of Memory Error (os_windows.cpp:3690), pid=23284, tid=20760
#
# JRE version: OpenJDK Runtime Environment Microsoft-13106358 (17.0.18+8) (build 17.0.18+8-LTS)
# Java VM: OpenJDK 64-Bit Server VM Microsoft-13106358 (17.0.18+8-LTS, mixed mode, sharing, tiered, compressed oops, compressed class ptrs, g1 gc, windows-amd64)
# No core dump will be written. Minidumps are not enabled by default on client versions of Windows
#

---------------  S U M M A R Y ------------

Command Line: --add-opens=java.base/java.lang=ALL-UNNAMED --add-opens=java.base/java.lang.invoke=ALL-UNNAMED --add-opens=java.base/java.util=ALL-UNNAMED --add-opens=java.prefs/java.util.prefs=ALL-UNNAMED --add-exports=jdk.compiler/com.sun.tools.javac.api=ALL-UNNAMED --add-exports=jdk.compiler/com.sun.tools.javac.util=ALL-UNNAMED --add-opens=java.base/java.util=ALL-UNNAMED --add-opens=java.prefs/java.util.prefs=ALL-UNNAMED --add-opens=java.base/java.nio.charset=ALL-UNNAMED --add-opens=java.base/java.net=ALL-UNNAMED --add-opens=java.base/java.util.concurrent.atomic=ALL-UNNAMED --add-opens=java.xml/javax.xml.namespace=ALL-UNNAMED -XX:MaxMetaspaceSize=1G -XX:+HeapDumpOnOutOfMemoryError -Xmx2G -Dfile.encoding=UTF-8 -Duser.country=US -Duser.language=en -Duser.variant -javaagent:C:\Users\megda\.gradle\wrapper\dists\gradle-8.14-all\c2qonpi39x1mddn7hk5gh9iqj\gradle-8.14\lib\agents\gradle-instrumentation-agent-8.14.jar org.gradle.launcher.daemon.bootstrap.GradleDaemon 8.14

Host: 12th Gen Intel(R) Core(TM) i5-12450H, 12 cores, 7G,  Windows 11 , 64 bit Build 26100 (10.0.26100.8328)
Time: Mon May 25 12:07:57 2026 Arab Standard Time elapsed time: 132.114510 seconds (0d 0h 2m 12s)

---------------  T H R E A D  ---------------

Current thread (0x0000020267774e30):  VMThread "VM Thread" [stack: 0x000000235a900000,0x000000235aa00000] [id=20760]

Stack: [0x000000235a900000,0x000000235aa00000]
Native frames: (J=compiled Java code, j=interpreted, Vv=VM code, C=native code)
V  [jvm.dll+0x68c879]  (no source info available)
V  [jvm.dll+0x845979]  (no source info available)
V  [jvm.dll+0x8476e8]  (no source info available)
V  [jvm.dll+0x847d73]  (no source info available)
V  [jvm.dll+0x24cf6f]  (no source info available)
V  [jvm.dll+0x68bc79]  (no source info available)
V  [jvm.dll+0x68023a]  (no source info available)
V  [jvm.dll+0x3101a0]  (no source info available)
V  [jvm.dll+0x310042]  (no source info available)
V  [jvm.dll+0x317599]  (no source info available)
V  [jvm.dll+0x369999]  (no source info available)
V  [jvm.dll+0x369bcd]  (no source info available)
V  [jvm.dll+0x2e69aa]  (no source info available)
V  [jvm.dll+0x2e9a28]  (no source info available)
V  [jvm.dll+0x2f4154]  (no source info available)
V  [jvm.dll+0x32913d]  (no source info available)
V  [jvm.dll+0x84c5fd]  (no source info available)
V  [jvm.dll+0x84d313]  (no source info available)
V  [jvm.dll+0x84d844]  (no source info available)
V  [jvm.dll+0x84dc28]  (no source info available)
V  [jvm.dll+0x84dd1e]  (no source info available)
V  [jvm.dll+0x7f5ebc]  (no source info available)
V  [jvm.dll+0x68de17]  (no source info available)
C  [ucrtbase.dll+0x37b0]  (no source info available)
C  [KERNEL32.DLL+0x2e957]  (no source info available)
C  [ntdll.dll+0x427c]  (no source info available)

VM_Operation (0x000000235a5ffb50): G1PauseRemark, mode: safepoint, requested by thread 0x0000020246e2ff00


---------------  P R O C E S S  ---------------

Threads class SMR info:
_java_thread_list=0x000002027a4965c0, length=192, elements={
0x0000020246dc09a0, 0x0000020267777f20, 0x00000202677789f0, 0x0000020267791970,
0x0000020267792240, 0x0000020267792b10, 0x00000202677933e0, 0x00000202677970b0,
0x00000202677b96a0, 0x00000202677b9bc0, 0x0000020267766030, 0x000002026799e340,
0x000002026d628010, 0x000002026cae6060, 0x000002026cae3af0, 0x0000020267b47d50,
0x000002026d863ec0, 0x000002026d8639b0, 0x000002026d8643d0, 0x000002026d8648e0,
0x000002026d867160, 0x000002027025b7a0, 0x000002027025c6d0, 0x000002027025cbe0,
0x000002027025d0f0, 0x000002027025e530, 0x000002027025b290, 0x000002027025e020,
0x000002026e05d420, 0x000002026e05bad0, 0x000002026e05ed70, 0x000002026e05ca00,
0x000002026e05c4f0, 0x000002026e05d930, 0x000002026e05cf10, 0x000002026fa49770,
0x000002026fa4a190, 0x0000020272a591b0, 0x0000020272a5b520, 0x0000020272a58790,
0x0000020272a58ca0, 0x0000020272a5a0e0, 0x00000202783180b0, 0x0000020278320e70,
0x00000202703116f0, 0x00000202703102b0, 0x00000202703107c0, 0x0000020270310cd0,
0x0000020270312620, 0x000002027030f380, 0x00000202703111e0, 0x0000020270311c00,
0x0000020270313040, 0x000002027030f890, 0x0000020270313550, 0x000002027030fda0,
0x0000020270316d00, 0x00000202703153b0, 0x0000020270315dd0, 0x00000202703158c0,
0x0000020270314480, 0x00000202703162e0, 0x0000020270314990, 0x00000202703167f0,
0x0000020270313a60, 0x0000020270317210, 0x0000020270317720, 0x0000020270313f70,
0x0000020270317c30, 0x0000020270314ea0, 0x0000020270319580, 0x0000020270318140,
0x0000020270319fa0, 0x0000020270318650, 0x0000020270318b60, 0x0000020270319070,
0x000002027031be00, 0x000002027031b8f0, 0x000002027031d240, 0x000002027031c820,
0x000002027031cd30, 0x0000020270319a90, 0x000002027031a9c0, 0x000002027031d750,
0x000002027031dc60, 0x000002027031e170, 0x000002027031e680, 0x000002027031aed0,
0x000002027031b3e0, 0x000002027031eb90, 0x0000020278314900, 0x0000020278315830,
0x0000020278316760, 0x0000020278317690, 0x0000020278316c70, 0x0000020278317180,
0x0000020278317ba0, 0x0000020278315320, 0x00000202783185c0, 0x0000020278315d40,
0x0000020278314e10, 0x000002027831b350, 0x00000202783194f0, 0x000002027831a420,
0x000002027831c280, 0x000002027831bd70, 0x0000020278318ad0, 0x000002027831c790,
0x0000020278318fe0, 0x000002027831cca0, 0x000002027831ae40, 0x0000020278319a00,
0x000002027831d1b0, 0x000002027831d6c0, 0x000002027831b860, 0x0000020278319f10,
0x000002027831dbd0, 0x000002027831e0e0, 0x000002027831a930, 0x0000020278320960,
0x0000020278321380, 0x000002027831f010, 0x000002027831f520, 0x000002027831eb00,
0x000002027831fa30, 0x0000020278321da0, 0x000002027831e5f0, 0x00000202783236f0,
0x00000202783222b0, 0x00000202783227c0, 0x0000020278322cd0, 0x000002027831ff40,
0x0000020278323c00, 0x0000020278320450, 0x0000020278324110, 0x00000202705da750,
0x00000202705d6fa0, 0x00000202705dac60, 0x00000202705d74b0, 0x00000202705db170,
0x00000202705d7ed0, 0x00000202705d79c0, 0x00000202705db680, 0x00000202705dbb90,
0x00000202705d88f0, 0x00000202705d8e00, 0x00000202705d83e0, 0x00000202705d9310,
0x00000202705dc0a0, 0x00000202705dc5b0, 0x00000202705dcfd0, 0x00000202705d9820,
0x00000202705d9d30, 0x00000202705ddf00, 0x00000202705dd4e0, 0x00000202705de410,
0x00000202705dd9f0, 0x000002026fa47e20, 0x000002026fa464d0, 0x000002026fa455a0,
0x000002026fa45090, 0x000002026fa45ab0, 0x000002026fa46ef0, 0x000002026fa47400,
0x000002026fa48840, 0x000002026fa47910, 0x000002026fa49c80, 0x000002026fa48d50,
0x000002026fa48330, 0x000002026fa469e0, 0x000002026fa4bae0, 0x000002026fa4a6a0,
0x000002026fa4abb0, 0x000002026fa4b0c0, 0x000002026fa4b5d0, 0x000002026fa4bff0,
0x000002026fa4c500, 0x000002026fa4ca10, 0x0000020270d89900, 0x0000020270d884c0,
0x0000020270d893f0, 0x0000020270d89e10, 0x0000020270d8a320, 0x0000020270d8a830,
0x0000020270d8ad40, 0x0000020270d8b250, 0x0000020270d8b760, 0x0000020270d87fb0,
0x0000020270d889d0, 0x0000020270d8dad0, 0x0000020270d8c690, 0x000002027138a040
}
_to_delete_list=0x0000020273252010, length=191, elements={
0x0000020246dc09a0, 0x0000020267777f20, 0x00000202677789f0, 0x0000020267791970,
0x0000020267792240, 0x0000020267792b10, 0x00000202677933e0, 0x00000202677970b0,
0x00000202677b96a0, 0x00000202677b9bc0, 0x0000020267766030, 0x000002026799e340,
0x000002026d628010, 0x000002026cae6060, 0x000002026cae3af0, 0x0000020267b47d50,
0x000002026d863ec0, 0x000002026d8639b0, 0x000002026d8643d0, 0x000002026d8648e0,
0x000002026d867160, 0x000002027025b7a0, 0x000002027025c6d0, 0x000002027025cbe0,
0x000002027025d0f0, 0x000002027025e530, 0x000002027025b290, 0x000002027025e020,
0x000002026e05d420, 0x000002026e05bad0, 0x000002026e05ed70, 0x000002026e05ca00,
0x000002026e05c4f0, 0x000002026e05d930, 0x000002026e05cf10, 0x000002026fa49770,
0x000002026fa4a190, 0x0000020272a591b0, 0x0000020272a5b520, 0x0000020272a58790,
0x0000020272a58ca0, 0x0000020272a5a0e0, 0x00000202783180b0, 0x0000020278320e70,
0x00000202703116f0, 0x00000202703102b0, 0x00000202703107c0, 0x0000020270310cd0,
0x0000020270312620, 0x000002027030f380, 0x00000202703111e0, 0x0000020270311c00,
0x0000020270313040, 0x000002027030f890, 0x0000020270313550, 0x000002027030fda0,
0x0000020270316d00, 0x00000202703153b0, 0x0000020270315dd0, 0x00000202703158c0,
0x0000020270314480, 0x00000202703162e0, 0x0000020270314990, 0x00000202703167f0,
0x0000020270313a60, 0x0000020270317210, 0x0000020270317720, 0x0000020270313f70,
0x0000020270317c30, 0x0000020270314ea0, 0x0000020270319580, 0x0000020270318140,
0x0000020270319fa0, 0x0000020270318650, 0x0000020270318b60, 0x0000020270319070,
0x000002027031be00, 0x000002027031b8f0, 0x000002027031d240, 0x000002027031c820,
0x000002027031cd30, 0x0000020270319a90, 0x000002027031a9c0, 0x000002027031d750,
0x000002027031dc60, 0x000002027031e170, 0x000002027031e680, 0x000002027031aed0,
0x000002027031b3e0, 0x000002027031eb90, 0x0000020278314900, 0x0000020278315830,
0x0000020278316760, 0x0000020278317690, 0x0000020278316c70, 0x0000020278317180,
0x0000020278317ba0, 0x0000020278315320, 0x00000202783185c0, 0x0000020278315d40,
0x0000020278314e10, 0x000002027831b350, 0x00000202783194f0, 0x000002027831a420,
0x000002027831c280, 0x000002027831bd70, 0x0000020278318ad0, 0x000002027831c790,
0x0000020278318fe0, 0x000002027831cca0, 0x000002027831ae40, 0x0000020278319a00,
0x000002027831d1b0, 0x000002027831d6c0, 0x000002027831b860, 0x0000020278319f10,
0x000002027831dbd0, 0x000002027831e0e0, 0x000002027831a930, 0x0000020278320960,
0x0000020278321380, 0x000002027831f010, 0x000002027831f520, 0x000002027831eb00,
0x000002027831fa30, 0x0000020278321da0, 0x000002027831e5f0, 0x00000202783236f0,
0x00000202783222b0, 0x00000202783227c0, 0x0000020278322cd0, 0x000002027831ff40,
0x0000020278323c00, 0x0000020278320450, 0x0000020278324110, 0x00000202705da750,
0x00000202705d6fa0, 0x00000202705dac60, 0x00000202705d74b0, 0x00000202705db170,
0x00000202705d7ed0, 0x00000202705d79c0, 0x00000202705db680, 0x00000202705dbb90,
0x00000202705d88f0, 0x00000202705d8e00, 0x00000202705d83e0, 0x00000202705d9310,
0x00000202705dc0a0, 0x00000202705dc5b0, 0x00000202705dcfd0, 0x00000202705d9820,
0x00000202705d9d30, 0x00000202705ddf00, 0x00000202705dd4e0, 0x00000202705de410,
0x00000202705dd9f0, 0x000002026fa47e20, 0x000002026fa464d0, 0x000002026fa455a0,
0x000002026fa45090, 0x000002026fa45ab0, 0x000002026fa46ef0, 0x000002026fa47400,
0x000002026fa48840, 0x000002026fa47910, 0x000002026fa49c80, 0x000002026fa48d50,
0x000002026fa48330, 0x000002026fa469e0, 0x000002026fa4bae0, 0x000002026fa4a6a0,
0x000002026fa4abb0, 0x000002026fa4b0c0, 0x000002026fa4b5d0, 0x000002026fa4bff0,
0x000002026fa4c500, 0x000002026fa4ca10, 0x0000020270d89900, 0x0000020270d884c0,
0x0000020270d893f0, 0x0000020270d89e10, 0x0000020270d8a320, 0x0000020270d8a830,
0x0000020270d8ad40, 0x0000020270d8b250, 0x0000020270d8b760, 0x0000020270d87fb0,
0x0000020270d889d0, 0x0000020270d8dad0, 0x0000020270d8c690
}

Java Threads: ( => current thread )
  0x0000020246dc09a0 JavaThread "main" [_thread_blocked, id=14036, stack(0x000000235a300000,0x000000235a400000)]
  0x0000020267777f20 JavaThread "Reference Handler" daemon [_thread_blocked, id=17136, stack(0x000000235aa00000,0x000000235ab00000)]
  0x00000202677789f0 JavaThread "Finalizer" daemon [_thread_blocked, id=11792, stack(0x000000235ab00000,0x000000235ac00000)]
  0x0000020267791970 JavaThread "Signal Dispatcher" daemon [_thread_blocked, id=24456, stack(0x000000235ac00000,0x000000235ad00000)]
  0x0000020267792240 JavaThread "Attach Listener" daemon [_thread_blocked, id=25340, stack(0x000000235ad00000,0x000000235ae00000)]
  0x0000020267792b10 JavaThread "Service Thread" daemon [_thread_blocked, id=5996, stack(0x000000235ae00000,0x000000235af00000)]
  0x00000202677933e0 JavaThread "Monitor Deflation Thread" daemon [_thread_blocked, id=12656, stack(0x000000235af00000,0x000000235b000000)]
  0x00000202677970b0 JavaThread "C2 CompilerThread0" daemon [_thread_blocked, id=25232, stack(0x000000235b000000,0x000000235b100000)]
  0x00000202677b96a0 JavaThread "C1 CompilerThread0" daemon [_thread_blocked, id=10440, stack(0x000000235b100000,0x000000235b200000)]
  0x00000202677b9bc0 JavaThread "Sweeper thread" daemon [_thread_blocked, id=16484, stack(0x000000235b200000,0x000000235b300000)]
  0x0000020267766030 JavaThread "Common-Cleaner" daemon [_thread_blocked, id=13460, stack(0x000000235b300000,0x000000235b400000)]
  0x000002026799e340 JavaThread "Notification Thread" daemon [_thread_blocked, id=23356, stack(0x000000235b400000,0x000000235b500000)]
  0x000002026d628010 JavaThread "Daemon health stats" [_thread_blocked, id=23988, stack(0x000000235bc00000,0x000000235bd00000)]
  0x000002026cae6060 JavaThread "Incoming local TCP Connector on port 54651" [_thread_in_native, id=21640, stack(0x000000235bd00000,0x000000235be00000)]
  0x000002026cae3af0 JavaThread "Daemon periodic checks" [_thread_blocked, id=17728, stack(0x000000235be00000,0x000000235bf00000)]
  0x0000020267b47d50 JavaThread "Daemon" [_thread_blocked, id=24888, stack(0x000000235bf00000,0x000000235c000000)]
  0x000002026d863ec0 JavaThread "Daemon worker" [_thread_blocked, id=4124, stack(0x000000235c100000,0x000000235c200000)]
  0x000002026d8639b0 JavaThread "Cache worker for journal cache (C:\Users\megda\.gradle\caches\journal-1)" [_thread_blocked, id=19544, stack(0x000000235c600000,0x000000235c700000)]
  0x000002026d8643d0 JavaThread "File lock request listener" [_thread_in_native, id=21596, stack(0x000000235c700000,0x000000235c800000)]
  0x000002026d8648e0 JavaThread "Cache worker for file hash cache (C:\Users\megda\.gradle\caches\8.14\fileHashes)" [_thread_blocked, id=5076, stack(0x000000235c800000,0x000000235c900000)]
  0x000002026d867160 JavaThread "File watcher server" daemon [_thread_in_native, id=6232, stack(0x000000235d200000,0x000000235d300000)]
  0x000002027025b7a0 JavaThread "File watcher consumer" daemon [_thread_blocked, id=12868, stack(0x000000235d300000,0x000000235d400000)]
  0x000002027025c6d0 JavaThread "jar transforms" [_thread_blocked, id=2352, stack(0x000000235d400000,0x000000235d500000)]
  0x000002027025cbe0 JavaThread "jar transforms Thread 2" [_thread_blocked, id=22440, stack(0x000000235d500000,0x000000235d600000)]
  0x000002027025d0f0 JavaThread "jar transforms Thread 3" [_thread_blocked, id=8944, stack(0x000000235d600000,0x000000235d700000)]
  0x000002027025e530 JavaThread "jar transforms Thread 4" [_thread_blocked, id=5424, stack(0x000000235c500000,0x000000235c600000)]
  0x000002027025b290 JavaThread "jar transforms Thread 5" [_thread_blocked, id=20068, stack(0x000000235d100000,0x000000235d200000)]
  0x000002027025e020 JavaThread "Cache worker for file content cache (C:\Users\megda\.gradle\caches\8.14\fileContent)" [_thread_blocked, id=25020, stack(0x000000235dc00000,0x000000235dd00000)]
  0x000002026e05d420 JavaThread "jar transforms Thread 6" [_thread_blocked, id=16468, stack(0x000000235dd00000,0x000000235de00000)]
  0x000002026e05bad0 JavaThread "jar transforms Thread 7" [_thread_blocked, id=9260, stack(0x000000235de00000,0x000000235df00000)]
  0x000002026e05ed70 JavaThread "jar transforms Thread 8" [_thread_blocked, id=5628, stack(0x000000235df00000,0x000000235e000000)]
  0x000002026e05ca00 JavaThread "jar transforms Thread 9" [_thread_blocked, id=21964, stack(0x000000235e000000,0x000000235e100000)]
  0x000002026e05c4f0 JavaThread "jar transforms Thread 10" [_thread_blocked, id=16896, stack(0x000000235e100000,0x000000235e200000)]
  0x000002026e05d930 JavaThread "jar transforms Thread 11" [_thread_blocked, id=20784, stack(0x000000235e200000,0x000000235e300000)]
  0x000002026e05cf10 JavaThread "jar transforms Thread 12" [_thread_blocked, id=23492, stack(0x000000235e300000,0x000000235e400000)]
  0x000002026fa49770 JavaThread "Memory manager" [_thread_blocked, id=18124, stack(0x0000002360700000,0x0000002360800000)]
  0x000002026fa4a190 JavaThread "included builds" [_thread_blocked, id=21564, stack(0x0000002360900000,0x0000002360a00000)]
  0x0000020272a591b0 JavaThread "RMI Scheduler(0)" daemon [_thread_blocked, id=2964, stack(0x000000235e400000,0x000000235e500000)]
  0x0000020272a5b520 JavaThread "RMI GC Daemon" daemon [_thread_blocked, id=10796, stack(0x0000002363b00000,0x0000002363c00000)]
  0x0000020272a58790 JavaThread "RMI TCP Accept-0" daemon [_thread_in_native, id=11480, stack(0x0000002363d00000,0x0000002363e00000)]
  0x0000020272a58ca0 JavaThread "RMI Reaper" [_thread_blocked, id=21228, stack(0x0000002363e00000,0x0000002363f00000)]
  0x0000020272a5a0e0 JavaThread "RMI TCP Connection(idle)" daemon [_thread_blocked, id=9436, stack(0x0000002363f00000,0x0000002364000000)]
  0x00000202783180b0 JavaThread "VFS cleanup" [_thread_blocked, id=22348, stack(0x000000235a000000,0x000000235a100000)]
  0x0000020278320e70 JavaThread "included builds" [_thread_blocked, id=23604, stack(0x000000235fc00000,0x000000235fd00000)]
  0x00000202703116f0 JavaThread "Handler for socket connection from /127.0.0.1:54651 to /127.0.0.1:35910" [_thread_in_native, id=19788, stack(0x000000235a100000,0x000000235a200000)]
  0x00000202703102b0 JavaThread "Cancel handler" [_thread_blocked, id=19596, stack(0x000000235a200000,0x000000235a300000)]
  0x00000202703107c0 JavaThread "Asynchronous log dispatcher for DefaultDaemonConnection: socket connection from /127.0.0.1:54651 to /127.0.0.1:35910" [_thread_blocked, id=8332, stack(0x000000235b600000,0x000000235b700000)]
  0x0000020270310cd0 JavaThread "Stdin handler" [_thread_blocked, id=1836, stack(0x000000235c000000,0x000000235c100000)]
  0x0000020270312620 JavaThread "Daemon client event forwarder" [_thread_blocked, id=8820, stack(0x000000235c200000,0x000000235c300000)]
  0x000002027030f380 JavaThread "Cache worker for file hash cache (C:\Users\megda\Telemedicine101\Telemedicine101\android\.gradle\8.14\fileHashes)" [_thread_blocked, id=9308, stack(0x000000235c300000,0x000000235c400000)]
  0x00000202703111e0 JavaThread "Cache worker for Build Output Cleanup Cache (C:\Users\megda\Telemedicine101\Telemedicine101\android\.gradle\buildOutputCleanup)" [_thread_blocked, id=18384, stack(0x000000235c400000,0x000000235c500000)]
  0x0000020270311c00 JavaThread "Cache worker for checksums cache (C:\Users\megda\Telemedicine101\Telemedicine101\android\.gradle\8.14\checksums)" [_thread_blocked, id=8940, stack(0x000000235cd00000,0x000000235ce00000)]
  0x0000020270313040 JavaThread "Cache worker for cache directory md-supplier (C:\Users\megda\.gradle\caches\8.14\md-supplier)" [_thread_blocked, id=5180, stack(0x000000235ce00000,0x000000235cf00000)]
  0x000002027030f890 JavaThread "Cache worker for cache directory md-rule (C:\Users\megda\.gradle\caches\8.14\md-rule)" [_thread_blocked, id=23468, stack(0x000000235d700000,0x000000235d800000)]
  0x0000020270313550 JavaThread "Cache worker for Build Output Cleanup Cache (D:\flutter\packages\flutter_tools\gradle\.gradle\buildOutputCleanup)" [_thread_blocked, id=1896, stack(0x000000235d900000,0x000000235da00000)]
  0x000002027030fda0 JavaThread "Unconstrained build operations" [_thread_blocked, id=7840, stack(0x000000235db00000,0x000000235dc00000)]
  0x0000020270316d00 JavaThread "Unconstrained build operations Thread 2" [_thread_blocked, id=26484, stack(0x000000235e500000,0x000000235e600000)]
  0x00000202703153b0 JavaThread "Unconstrained build operations Thread 3" [_thread_blocked, id=3076, stack(0x000000235e600000,0x000000235e700000)]
  0x0000020270315dd0 JavaThread "Unconstrained build operations Thread 4" [_thread_blocked, id=25436, stack(0x000000235e700000,0x000000235e800000)]
  0x00000202703158c0 JavaThread "Unconstrained build operations Thread 5" [_thread_blocked, id=21260, stack(0x000000235e800000,0x000000235e900000)]
  0x0000020270314480 JavaThread "Unconstrained build operations Thread 6" [_thread_blocked, id=25864, stack(0x000000235e900000,0x000000235ea00000)]
  0x00000202703162e0 JavaThread "Unconstrained build operations Thread 7" [_thread_blocked, id=25932, stack(0x000000235ea00000,0x000000235eb00000)]
  0x0000020270314990 JavaThread "Unconstrained build operations Thread 8" [_thread_blocked, id=25640, stack(0x000000235eb00000,0x000000235ec00000)]
  0x00000202703167f0 JavaThread "Unconstrained build operations Thread 9" [_thread_blocked, id=3148, stack(0x000000235ec00000,0x000000235ed00000)]
  0x0000020270313a60 JavaThread "Unconstrained build operations Thread 10" [_thread_blocked, id=18512, stack(0x000000235ed00000,0x000000235ee00000)]
  0x0000020270317210 JavaThread "Unconstrained build operations Thread 11" [_thread_blocked, id=9292, stack(0x000000235ee00000,0x000000235ef00000)]
  0x0000020270317720 JavaThread "Unconstrained build operations Thread 12" [_thread_blocked, id=17024, stack(0x000000235ef00000,0x000000235f000000)]
  0x0000020270313f70 JavaThread "Unconstrained build operations Thread 13" [_thread_blocked, id=20936, stack(0x000000235f000000,0x000000235f100000)]
  0x0000020270317c30 JavaThread "Unconstrained build operations Thread 14" [_thread_blocked, id=22408, stack(0x000000235f100000,0x000000235f200000)]
  0x0000020270314ea0 JavaThread "Unconstrained build operations Thread 15" [_thread_blocked, id=20024, stack(0x000000235f200000,0x000000235f300000)]
  0x0000020270319580 JavaThread "Unconstrained build operations Thread 16" [_thread_blocked, id=2600, stack(0x000000235f300000,0x000000235f400000)]
  0x0000020270318140 JavaThread "Unconstrained build operations Thread 17" [_thread_blocked, id=6224, stack(0x000000235f400000,0x000000235f500000)]
  0x0000020270319fa0 JavaThread "Unconstrained build operations Thread 18" [_thread_blocked, id=5184, stack(0x000000235f500000,0x000000235f600000)]
  0x0000020270318650 JavaThread "Unconstrained build operations Thread 19" [_thread_blocked, id=25096, stack(0x000000235f600000,0x000000235f700000)]
  0x0000020270318b60 JavaThread "Unconstrained build operations Thread 20" [_thread_blocked, id=7036, stack(0x000000235f700000,0x000000235f800000)]
  0x0000020270319070 JavaThread "Unconstrained build operations Thread 21" [_thread_blocked, id=22556, stack(0x000000235f800000,0x000000235f900000)]
  0x000002027031be00 JavaThread "Unconstrained build operations Thread 22" [_thread_blocked, id=3332, stack(0x000000235f900000,0x000000235fa00000)]
  0x000002027031b8f0 JavaThread "build event listener" [_thread_blocked, id=2440, stack(0x000000235fa00000,0x000000235fb00000)]
  0x000002027031d240 JavaThread "included builds" [_thread_blocked, id=23956, stack(0x000000235fb00000,0x000000235fc00000)]
  0x000002027031c820 JavaThread "Execution worker" [_thread_blocked, id=21428, stack(0x000000235fd00000,0x000000235fe00000)]
  0x000002027031cd30 JavaThread "Execution worker Thread 2" [_thread_blocked, id=18444, stack(0x000000235fe00000,0x000000235ff00000)]
  0x0000020270319a90 JavaThread "Execution worker Thread 3" [_thread_blocked, id=16436, stack(0x000000235ff00000,0x0000002360000000)]
  0x000002027031a9c0 JavaThread "Execution worker Thread 4" [_thread_blocked, id=21424, stack(0x0000002360000000,0x0000002360100000)]
  0x000002027031d750 JavaThread "Execution worker Thread 5" [_thread_blocked, id=18392, stack(0x0000002360100000,0x0000002360200000)]
  0x000002027031dc60 JavaThread "Execution worker Thread 6" [_thread_blocked, id=24936, stack(0x0000002360200000,0x0000002360300000)]
  0x000002027031e170 JavaThread "Execution worker Thread 7" [_thread_blocked, id=11732, stack(0x0000002360300000,0x0000002360400000)]
  0x000002027031e680 JavaThread "Execution worker Thread 8" [_thread_blocked, id=7500, stack(0x0000002360400000,0x0000002360500000)]
  0x000002027031aed0 JavaThread "Execution worker Thread 9" [_thread_blocked, id=21940, stack(0x0000002360500000,0x0000002360600000)]
  0x000002027031b3e0 JavaThread "Execution worker Thread 10" [_thread_blocked, id=16372, stack(0x0000002360600000,0x0000002360700000)]
  0x000002027031eb90 JavaThread "Cache worker for execution history cache (D:\flutter\packages\flutter_tools\gradle\.gradle\8.14\executionHistory)" [_thread_blocked, id=20956, stack(0x0000002360800000,0x0000002360900000)]
  0x0000020278314900 JavaThread "Execution worker Thread 11" [_thread_blocked, id=13472, stack(0x0000002360a00000,0x0000002360b00000)]
  0x0000020278315830 JavaThread "Unconstrained build operations Thread 23" [_thread_blocked, id=23052, stack(0x0000002360b00000,0x0000002360c00000)]
  0x0000020278316760 JavaThread "Unconstrained build operations Thread 24" [_thread_blocked, id=23864, stack(0x0000002360c00000,0x0000002360d00000)]
  0x0000020278317690 JavaThread "Unconstrained build operations Thread 25" [_thread_blocked, id=18456, stack(0x0000002360d00000,0x0000002360e00000)]
  0x0000020278316c70 JavaThread "Unconstrained build operations Thread 26" [_thread_blocked, id=2168, stack(0x0000002360e00000,0x0000002360f00000)]
  0x0000020278317180 JavaThread "Unconstrained build operations Thread 27" [_thread_blocked, id=17952, stack(0x0000002360f00000,0x0000002361000000)]
  0x0000020278317ba0 JavaThread "Unconstrained build operations Thread 28" [_thread_blocked, id=18200, stack(0x0000002361000000,0x0000002361100000)]
  0x0000020278315320 JavaThread "Unconstrained build operations Thread 29" [_thread_blocked, id=25264, stack(0x0000002361100000,0x0000002361200000)]
  0x00000202783185c0 JavaThread "Unconstrained build operations Thread 30" [_thread_blocked, id=9340, stack(0x0000002361200000,0x0000002361300000)]
  0x0000020278315d40 JavaThread "Unconstrained build operations Thread 31" [_thread_blocked, id=11496, stack(0x0000002361300000,0x0000002361400000)]
  0x0000020278314e10 JavaThread "Unconstrained build operations Thread 32" [_thread_blocked, id=19776, stack(0x0000002361400000,0x0000002361500000)]
  0x000002027831b350 JavaThread "Unconstrained build operations Thread 33" [_thread_blocked, id=19804, stack(0x0000002361500000,0x0000002361600000)]
  0x00000202783194f0 JavaThread "Unconstrained build operations Thread 34" [_thread_blocked, id=8344, stack(0x0000002361600000,0x0000002361700000)]
  0x000002027831a420 JavaThread "Unconstrained build operations Thread 35" [_thread_blocked, id=26200, stack(0x0000002361700000,0x0000002361800000)]
  0x000002027831c280 JavaThread "Unconstrained build operations Thread 36" [_thread_blocked, id=25676, stack(0x0000002361800000,0x0000002361900000)]
  0x000002027831bd70 JavaThread "Unconstrained build operations Thread 37" [_thread_blocked, id=15476, stack(0x0000002361900000,0x0000002361a00000)]
  0x0000020278318ad0 JavaThread "Unconstrained build operations Thread 38" [_thread_blocked, id=25124, stack(0x0000002361a00000,0x0000002361b00000)]
  0x000002027831c790 JavaThread "Unconstrained build operations Thread 39" [_thread_blocked, id=22812, stack(0x0000002361b00000,0x0000002361c00000)]
  0x0000020278318fe0 JavaThread "Unconstrained build operations Thread 40" [_thread_blocked, id=19652, stack(0x0000002361c00000,0x0000002361d00000)]
  0x000002027831cca0 JavaThread "Unconstrained build operations Thread 41" [_thread_blocked, id=5704, stack(0x0000002361d00000,0x0000002361e00000)]
  0x000002027831ae40 JavaThread "Unconstrained build operations Thread 42" [_thread_blocked, id=9500, stack(0x0000002361e00000,0x0000002361f00000)]
  0x0000020278319a00 JavaThread "Unconstrained build operations Thread 43" [_thread_blocked, id=24732, stack(0x0000002361f00000,0x0000002362000000)]
  0x000002027831d1b0 JavaThread "Unconstrained build operations Thread 44" [_thread_blocked, id=22288, stack(0x0000002362000000,0x0000002362100000)]
  0x000002027831d6c0 JavaThread "Unconstrained build operations Thread 45" [_thread_blocked, id=13056, stack(0x0000002362100000,0x0000002362200000)]
  0x000002027831b860 JavaThread "Unconstrained build operations Thread 46" [_thread_blocked, id=4520, stack(0x0000002362200000,0x0000002362300000)]
  0x0000020278319f10 JavaThread "Unconstrained build operations Thread 47" [_thread_blocked, id=5376, stack(0x0000002362300000,0x0000002362400000)]
  0x000002027831dbd0 JavaThread "Unconstrained build operations Thread 48" [_thread_blocked, id=24672, stack(0x0000002362400000,0x0000002362500000)]
  0x000002027831e0e0 JavaThread "Unconstrained build operations Thread 49" [_thread_blocked, id=4052, stack(0x0000002362500000,0x0000002362600000)]
  0x000002027831a930 JavaThread "Unconstrained build operations Thread 50" [_thread_blocked, id=25788, stack(0x0000002362600000,0x0000002362700000)]
  0x0000020278320960 JavaThread "Unconstrained build operations Thread 51" [_thread_blocked, id=16128, stack(0x0000002362700000,0x0000002362800000)]
  0x0000020278321380 JavaThread "Unconstrained build operations Thread 52" [_thread_blocked, id=20928, stack(0x0000002362800000,0x0000002362900000)]
  0x000002027831f010 JavaThread "Unconstrained build operations Thread 53" [_thread_blocked, id=26236, stack(0x0000002362900000,0x0000002362a00000)]
  0x000002027831f520 JavaThread "Unconstrained build operations Thread 54" [_thread_blocked, id=23372, stack(0x0000002362a00000,0x0000002362b00000)]
  0x000002027831eb00 JavaThread "Unconstrained build operations Thread 55" [_thread_blocked, id=18896, stack(0x0000002362b00000,0x0000002362c00000)]
  0x000002027831fa30 JavaThread "Unconstrained build operations Thread 56" [_thread_blocked, id=13248, stack(0x0000002362c00000,0x0000002362d00000)]
  0x0000020278321da0 JavaThread "Unconstrained build operations Thread 57" [_thread_blocked, id=25452, stack(0x0000002362d00000,0x0000002362e00000)]
  0x000002027831e5f0 JavaThread "Unconstrained build operations Thread 58" [_thread_blocked, id=20944, stack(0x0000002362f00000,0x0000002363000000)]
  0x00000202783236f0 JavaThread "Unconstrained build operations Thread 59" [_thread_blocked, id=23952, stack(0x0000002363000000,0x0000002363100000)]
  0x00000202783222b0 JavaThread "Unconstrained build operations Thread 60" [_thread_blocked, id=19616, stack(0x0000002363100000,0x0000002363200000)]
  0x00000202783227c0 JavaThread "Unconstrained build operations Thread 61" [_thread_blocked, id=4400, stack(0x0000002363200000,0x0000002363300000)]
  0x0000020278322cd0 JavaThread "Unconstrained build operations Thread 62" [_thread_blocked, id=8860, stack(0x0000002363300000,0x0000002363400000)]
  0x000002027831ff40 JavaThread "Unconstrained build operations Thread 63" [_thread_blocked, id=24516, stack(0x0000002363400000,0x0000002363500000)]
  0x0000020278323c00 JavaThread "Unconstrained build operations Thread 64" [_thread_blocked, id=10052, stack(0x0000002363500000,0x0000002363600000)]
  0x0000020278320450 JavaThread "Unconstrained build operations Thread 65" [_thread_blocked, id=22520, stack(0x0000002363600000,0x0000002363700000)]
  0x0000020278324110 JavaThread "Unconstrained build operations Thread 66" [_thread_blocked, id=15916, stack(0x0000002363700000,0x0000002363800000)]
  0x00000202705da750 JavaThread "Unconstrained build operations Thread 67" [_thread_blocked, id=8780, stack(0x0000002363800000,0x0000002363900000)]
  0x00000202705d6fa0 JavaThread "Unconstrained build operations Thread 68" [_thread_blocked, id=8248, stack(0x0000002363900000,0x0000002363a00000)]
  0x00000202705dac60 JavaThread "build event listener" [_thread_blocked, id=19604, stack(0x0000002363a00000,0x0000002363b00000)]
  0x00000202705d74b0 JavaThread "Problems report writer" [_thread_blocked, id=24540, stack(0x0000002364100000,0x0000002364200000)]
  0x00000202705db170 JavaThread "Unconstrained build operations Thread 69" [_thread_blocked, id=24692, stack(0x0000002364200000,0x0000002364300000)]
  0x00000202705d7ed0 JavaThread "Unconstrained build operations Thread 70" [_thread_blocked, id=13272, stack(0x0000002364300000,0x0000002364400000)]
  0x00000202705d79c0 JavaThread "Unconstrained build operations Thread 71" [_thread_blocked, id=25204, stack(0x0000002364400000,0x0000002364500000)]
  0x00000202705db680 JavaThread "Unconstrained build operations Thread 72" [_thread_blocked, id=5292, stack(0x0000002364500000,0x0000002364600000)]
  0x00000202705dbb90 JavaThread "Unconstrained build operations Thread 73" [_thread_blocked, id=23184, stack(0x0000002364600000,0x0000002364700000)]
  0x00000202705d88f0 JavaThread "Unconstrained build operations Thread 74" [_thread_blocked, id=9592, stack(0x0000002364700000,0x0000002364800000)]
  0x00000202705d8e00 JavaThread "Unconstrained build operations Thread 75" [_thread_blocked, id=4388, stack(0x0000002364800000,0x0000002364900000)]
  0x00000202705d83e0 JavaThread "Unconstrained build operations Thread 76" [_thread_blocked, id=2656, stack(0x0000002364900000,0x0000002364a00000)]
  0x00000202705d9310 JavaThread "Unconstrained build operations Thread 77" [_thread_blocked, id=19324, stack(0x0000002364a00000,0x0000002364b00000)]
  0x00000202705dc0a0 JavaThread "Unconstrained build operations Thread 78" [_thread_blocked, id=18988, stack(0x0000002364b00000,0x0000002364c00000)]
  0x00000202705dc5b0 JavaThread "Unconstrained build operations Thread 79" [_thread_blocked, id=12600, stack(0x0000002364c00000,0x0000002364d00000)]
  0x00000202705dcfd0 JavaThread "Unconstrained build operations Thread 80" [_thread_blocked, id=22372, stack(0x0000002364d00000,0x0000002364e00000)]
  0x00000202705d9820 JavaThread "Unconstrained build operations Thread 81" [_thread_blocked, id=5788, stack(0x0000002364e00000,0x0000002364f00000)]
  0x00000202705d9d30 JavaThread "Unconstrained build operations Thread 82" [_thread_blocked, id=26096, stack(0x0000002364f00000,0x0000002365000000)]
  0x00000202705ddf00 JavaThread "Unconstrained build operations Thread 83" [_thread_blocked, id=25960, stack(0x0000002365000000,0x0000002365100000)]
  0x00000202705dd4e0 JavaThread "Unconstrained build operations Thread 84" [_thread_blocked, id=15236, stack(0x0000002365100000,0x0000002365200000)]
  0x00000202705de410 JavaThread "Unconstrained build operations Thread 85" [_thread_blocked, id=2792, stack(0x0000002365200000,0x0000002365300000)]
  0x00000202705dd9f0 JavaThread "Unconstrained build operations Thread 86" [_thread_blocked, id=22068, stack(0x0000002365300000,0x0000002365400000)]
  0x000002026fa47e20 JavaThread "Unconstrained build operations Thread 87" [_thread_blocked, id=17276, stack(0x0000002365400000,0x0000002365500000)]
  0x000002026fa464d0 JavaThread "Unconstrained build operations Thread 88" [_thread_blocked, id=2072, stack(0x0000002365500000,0x0000002365600000)]
  0x000002026fa455a0 JavaThread "Unconstrained build operations Thread 89" [_thread_blocked, id=19668, stack(0x0000002365600000,0x0000002365700000)]
  0x000002026fa45090 JavaThread "Unconstrained build operations Thread 90" [_thread_blocked, id=14128, stack(0x0000002365700000,0x0000002365800000)]
  0x000002026fa45ab0 JavaThread "Unconstrained build operations Thread 91" [_thread_blocked, id=22064, stack(0x0000002365800000,0x0000002365900000)]
  0x000002026fa46ef0 JavaThread "Unconstrained build operations Thread 92" [_thread_blocked, id=19900, stack(0x0000002365900000,0x0000002365a00000)]
  0x000002026fa47400 JavaThread "Unconstrained build operations Thread 93" [_thread_blocked, id=5496, stack(0x0000002365a00000,0x0000002365b00000)]
  0x000002026fa48840 JavaThread "Unconstrained build operations Thread 94" [_thread_blocked, id=13264, stack(0x0000002365b00000,0x0000002365c00000)]
  0x000002026fa47910 JavaThread "Unconstrained build operations Thread 95" [_thread_blocked, id=3176, stack(0x0000002365c00000,0x0000002365d00000)]
  0x000002026fa49c80 JavaThread "Unconstrained build operations Thread 96" [_thread_blocked, id=17628, stack(0x0000002365d00000,0x0000002365e00000)]
  0x000002026fa48d50 JavaThread "Unconstrained build operations Thread 97" [_thread_blocked, id=25184, stack(0x0000002365e00000,0x0000002365f00000)]
  0x000002026fa48330 JavaThread "Unconstrained build operations Thread 98" [_thread_blocked, id=21100, stack(0x0000002365f00000,0x0000002366000000)]
  0x000002026fa469e0 JavaThread "Unconstrained build operations Thread 99" [_thread_blocked, id=21912, stack(0x0000002366000000,0x0000002366100000)]
  0x000002026fa4bae0 JavaThread "Unconstrained build operations Thread 100" [_thread_blocked, id=21240, stack(0x0000002366100000,0x0000002366200000)]
  0x000002026fa4a6a0 JavaThread "Unconstrained build operations Thread 101" [_thread_blocked, id=20396, stack(0x0000002366200000,0x0000002366300000)]
  0x000002026fa4abb0 JavaThread "Unconstrained build operations Thread 102" [_thread_blocked, id=25316, stack(0x0000002366300000,0x0000002366400000)]
  0x000002026fa4b0c0 JavaThread "Unconstrained build operations Thread 103" [_thread_blocked, id=6680, stack(0x0000002366400000,0x0000002366500000)]
  0x000002026fa4b5d0 JavaThread "Unconstrained build operations Thread 104" [_thread_blocked, id=9144, stack(0x0000002366500000,0x0000002366600000)]
  0x000002026fa4bff0 JavaThread "Unconstrained build operations Thread 105" [_thread_blocked, id=14524, stack(0x0000002366600000,0x0000002366700000)]
  0x000002026fa4c500 JavaThread "Unconstrained build operations Thread 106" [_thread_blocked, id=6844, stack(0x0000002366700000,0x0000002366800000)]
  0x000002026fa4ca10 JavaThread "Unconstrained build operations Thread 107" [_thread_blocked, id=21732, stack(0x0000002366800000,0x0000002366900000)]
  0x0000020270d89900 JavaThread "Unconstrained build operations Thread 108" [_thread_blocked, id=25752, stack(0x0000002366900000,0x0000002366a00000)]
  0x0000020270d884c0 JavaThread "Unconstrained build operations Thread 109" [_thread_blocked, id=23856, stack(0x0000002366a00000,0x0000002366b00000)]
  0x0000020270d893f0 JavaThread "Unconstrained build operations Thread 110" [_thread_blocked, id=16428, stack(0x0000002366b00000,0x0000002366c00000)]
  0x0000020270d89e10 JavaThread "Unconstrained build operations Thread 111" [_thread_blocked, id=25432, stack(0x0000002366c00000,0x0000002366d00000)]
  0x0000020270d8a320 JavaThread "Unconstrained build operations Thread 112" [_thread_blocked, id=4532, stack(0x0000002366d00000,0x0000002366e00000)]
  0x0000020270d8a830 JavaThread "Unconstrained build operations Thread 113" [_thread_blocked, id=7248, stack(0x0000002362e00000,0x0000002362f00000)]
  0x0000020270d8ad40 JavaThread "Unconstrained build operations Thread 114" [_thread_blocked, id=1412, stack(0x0000002366e00000,0x0000002366f00000)]
  0x0000020270d8b250 JavaThread "Unconstrained build operations Thread 115" [_thread_blocked, id=11296, stack(0x0000002366f00000,0x0000002367000000)]
  0x0000020270d8b760 JavaThread "Unconstrained build operations Thread 116" [_thread_blocked, id=24112, stack(0x0000002367000000,0x0000002367100000)]
  0x0000020270d87fb0 JavaThread "Unconstrained build operations Thread 117" [_thread_blocked, id=24780, stack(0x0000002367100000,0x0000002367200000)]
  0x0000020270d889d0 JavaThread "Unconstrained build operations Thread 118" [_thread_blocked, id=1996, stack(0x0000002367200000,0x0000002367300000)]
  0x0000020270d8dad0 JavaThread "Unconstrained build operations Thread 119" [_thread_blocked, id=25632, stack(0x0000002367300000,0x0000002367400000)]
  0x0000020270d8c690 JavaThread "Unconstrained build operations Thread 120" [_thread_blocked, id=7600, stack(0x0000002367400000,0x0000002367500000)]
  0x000002027138a040 JavaThread "C2 CompilerThread1" daemon [_thread_blocked, id=5416, stack(0x0000002367500000,0x0000002367600000)]

Other Threads:
=>0x0000020267774e30 VMThread "VM Thread" [stack: 0x000000235a900000,0x000000235aa00000] [id=20760]
  0x0000020246dc1730 WatcherThread [stack: 0x000000235b500000,0x000000235b600000] [id=11324]
  0x0000020246e1f090 GCTaskThread "GC Thread#0" [stack: 0x000000235a400000,0x000000235a500000] [id=22680]
  0x000002026c3a52f0 GCTaskThread "GC Thread#1" [stack: 0x000000235b700000,0x000000235b800000] [id=19064]
  0x000002026c2c1630 GCTaskThread "GC Thread#2" [stack: 0x000000235b800000,0x000000235b900000] [id=24748]
  0x000002026c9d7100 GCTaskThread "GC Thread#3" [stack: 0x000000235b900000,0x000000235ba00000] [id=22296]
  0x000002026c9d7970 GCTaskThread "GC Thread#4" [stack: 0x000000235ba00000,0x000000235bb00000] [id=13024]
  0x000002026c9d6890 GCTaskThread "GC Thread#5" [stack: 0x000000235bb00000,0x000000235bc00000] [id=20384]
  0x000002026c9d76a0 GCTaskThread "GC Thread#6" [stack: 0x000000235c900000,0x000000235ca00000] [id=20548]
  0x000002026c9d7c40 GCTaskThread "GC Thread#7" [stack: 0x000000235ca00000,0x000000235cb00000] [id=20432]
  0x000002026d892ac0 GCTaskThread "GC Thread#8" [stack: 0x000000235cb00000,0x000000235cc00000] [id=26344]
  0x000002026d8927f0 GCTaskThread "GC Thread#9" [stack: 0x000000235cc00000,0x000000235cd00000] [id=21776]
  0x0000020246e2ff00 ConcurrentGCThread "G1 Main Marker" [stack: 0x000000235a500000,0x000000235a600000] [id=9112]
  0x0000020246e30830 ConcurrentGCThread "G1 Conc#0" [stack: 0x000000235a600000,0x000000235a700000] [id=10800]
  0x000002026d893330 ConcurrentGCThread "G1 Conc#1" [stack: 0x000000235cf00000,0x000000235d000000] [id=12188]
  0x000002026d8938d0 ConcurrentGCThread "G1 Conc#2" [stack: 0x000000235d000000,0x000000235d100000] [id=9696]
  0x0000020246e6ecd0 ConcurrentGCThread "G1 Refine#0" [stack: 0x000000235a700000,0x000000235a800000] [id=13968]
  0x000002026def9c50 ConcurrentGCThread "G1 Refine#1" [stack: 0x000000235d800000,0x000000235d900000] [id=23328]
  0x000002026e60dcd0 ConcurrentGCThread "G1 Refine#2" [stack: 0x000000235da00000,0x000000235db00000] [id=20408]
  0x0000020267627640 ConcurrentGCThread "G1 Service" [stack: 0x000000235a800000,0x000000235a900000] [id=980]

Threads with active compile tasks:

VM state: at safepoint (normal execution)

VM Mutex/Monitor currently owned by a thread:  ([mutex/lock_event])
[0x0000020246dbb7e0] Threads_lock - owner thread: 0x0000020267774e30
[0x0000020246dbb2d0] Heap_lock - owner thread: 0x0000020246e2ff00

Heap address: 0x0000000080000000, size: 2048 MB, Compressed Oops mode: 32-bit

CDS archive(s) mapped at: [0x0000020200000000-0x0000020200bb0000-0x0000020200bb0000), size 12255232, SharedBaseAddress: 0x0000020200000000, ArchiveRelocationMode: 1.
Compressed class space mapped at: 0x0000020201000000-0x0000020235000000, reserved size: 872415232
Narrow klass base: 0x0000020200000000, Narrow klass shift: 0, Narrow klass range: 0x100000000

GC Precious Log:
 CPUs: 12 total, 12 available
 Memory: 7916M
 Large Page Support: Disabled
 NUMA Support: Disabled
 Compressed Oops: Enabled (32-bit)
 Heap Region Size: 1M
 Heap Min Capacity: 8M
 Heap Initial Capacity: 124M
 Heap Max Capacity: 2G
 Pre-touch: Disabled
 Parallel Workers: 10
 Concurrent Workers: 3
 Concurrent Refinement Workers: 10
 Periodic GC: Disabled

Heap:
 garbage-first heap   total 394240K, used 347860K [0x0000000080000000, 0x0000000100000000)
  region size 1024K, 14 young (14336K), 3 survivors (3072K)
 Metaspace       used 123282K, committed 124992K, reserved 983040K
  class space    used 17021K, committed 17792K, reserved 851968K

Heap Regions: E=young(eden), S=young(survivor), O=old, HS=humongous(starts), HC=humongous(continues), CS=collection set, F=free, OA=open archive, CA=closed archive, TAMS=top-at-mark-start (previous, next)
|   0|0x0000000080000000, 0x0000000080100000, 0x0000000080100000|100%|HS|  |TAMS 0x0000000080100000, 0x0000000080000000| Complete 
|   1|0x0000000080100000, 0x0000000080200000, 0x0000000080200000|100%|HC|  |TAMS 0x0000000080200000, 0x0000000080100000| Complete 
|   2|0x0000000080200000, 0x0000000080300000, 0x0000000080300000|100%|HC|  |TAMS 0x0000000080300000, 0x0000000080200000| Complete 
|   3|0x0000000080300000, 0x0000000080400000, 0x0000000080400000|100%| O|  |TAMS 0x0000000080400000, 0x0000000080300000| Untracked 
|   4|0x0000000080400000, 0x0000000080500000, 0x0000000080500000|100%| O|  |TAMS 0x0000000080500000, 0x0000000080400000| Untracked 
|   5|0x0000000080500000, 0x0000000080600000, 0x0000000080600000|100%| O|  |TAMS 0x0000000080600000, 0x0000000080500000| Untracked 
|   6|0x0000000080600000, 0x0000000080700000, 0x0000000080700000|100%|HS|  |TAMS 0x0000000080700000, 0x0000000080600000| Complete 
|   7|0x0000000080700000, 0x0000000080800000, 0x0000000080800000|100%| O|  |TAMS 0x0000000080800000, 0x0000000080700000| Untracked 
|   8|0x0000000080800000, 0x0000000080900000, 0x0000000080900000|100%| O|  |TAMS 0x0000000080900000, 0x0000000080800000| Untracked 
|   9|0x0000000080900000, 0x0000000080a00000, 0x0000000080a00000|100%| O|  |TAMS 0x0000000080a00000, 0x0000000080900000| Untracked 
|  10|0x0000000080a00000, 0x0000000080b00000, 0x0000000080b00000|100%| O|  |TAMS 0x0000000080b00000, 0x0000000080a00000| Untracked 
|  11|0x0000000080b00000, 0x0000000080c00000, 0x0000000080c00000|100%| O|  |TAMS 0x0000000080c00000, 0x0000000080b00000| Untracked 
|  12|0x0000000080c00000, 0x0000000080d00000, 0x0000000080d00000|100%| O|  |TAMS 0x0000000080d00000, 0x0000000080c00000| Updating 
|  13|0x0000000080d00000, 0x0000000080e00000, 0x0000000080e00000|100%| O|  |TAMS 0x0000000080e00000, 0x0000000080d00000| Untracked 
|  14|0x0000000080e00000, 0x0000000080f00000, 0x0000000080f00000|100%| O|  |TAMS 0x0000000080f00000, 0x0000000080e00000| Untracked 
|  15|0x0000000080f00000, 0x0000000080feac00, 0x0000000081000000| 91%| O|  |TAMS 0x0000000080feac00, 0x0000000080f00000| Untracked 
|  16|0x0000000081000000, 0x0000000081100000, 0x0000000081100000|100%| O|  |TAMS 0x0000000081100000, 0x0000000081000000| Untracked 
|  17|0x0000000081100000, 0x0000000081200000, 0x0000000081200000|100%| O|  |TAMS 0x0000000081200000, 0x0000000081100000| Untracked 
|  18|0x0000000081200000, 0x0000000081300000, 0x0000000081300000|100%| O|  |TAMS 0x0000000081300000, 0x0000000081200000| Updating 
|  19|0x0000000081300000, 0x0000000081400000, 0x0000000081400000|100%| O|  |TAMS 0x0000000081400000, 0x0000000081300000| Untracked 
|  20|0x0000000081400000, 0x0000000081500000, 0x0000000081500000|100%| O|  |TAMS 0x0000000081500000, 0x0000000081400000| Untracked 
|  21|0x0000000081500000, 0x0000000081600000, 0x0000000081600000|100%| O|  |TAMS 0x0000000081600000, 0x0000000081500000| Updating 
|  22|0x0000000081600000, 0x0000000081700000, 0x0000000081700000|100%| O|  |TAMS 0x0000000081700000, 0x0000000081600000| Updating 
|  23|0x0000000081700000, 0x0000000081800000, 0x0000000081800000|100%| O|  |TAMS 0x0000000081800000, 0x0000000081700000| Updating 
|  24|0x0000000081800000, 0x0000000081900000, 0x0000000081900000|100%| O|  |TAMS 0x0000000081900000, 0x0000000081800000| Updating 
|  25|0x0000000081900000, 0x0000000081a00000, 0x0000000081a00000|100%| O|  |TAMS 0x0000000081a00000, 0x0000000081900000| Untracked 
|  26|0x0000000081a00000, 0x0000000081b00000, 0x0000000081b00000|100%| O|  |TAMS 0x0000000081b00000, 0x0000000081a00000| Untracked 
|  27|0x0000000081b00000, 0x0000000081c00000, 0x0000000081c00000|100%| O|  |TAMS 0x0000000081c00000, 0x0000000081b00000| Updating 
|  28|0x0000000081c00000, 0x0000000081d00000, 0x0000000081d00000|100%| O|  |TAMS 0x0000000081d00000, 0x0000000081c00000| Untracked 
|  29|0x0000000081d00000, 0x0000000081e00000, 0x0000000081e00000|100%| O|  |TAMS 0x0000000081e00000, 0x0000000081d00000| Untracked 
|  30|0x0000000081e00000, 0x0000000081f00000, 0x0000000081f00000|100%| O|  |TAMS 0x0000000081f00000, 0x0000000081e00000| Untracked 
|  31|0x0000000081f00000, 0x0000000082000000, 0x0000000082000000|100%| O|  |TAMS 0x0000000082000000, 0x0000000081f00000| Updating 
|  32|0x0000000082000000, 0x0000000082100000, 0x0000000082100000|100%| O|  |TAMS 0x0000000082100000, 0x0000000082000000| Updating 
|  33|0x0000000082100000, 0x0000000082200000, 0x0000000082200000|100%| O|  |TAMS 0x0000000082200000, 0x0000000082100000| Updating 
|  34|0x0000000082200000, 0x0000000082300000, 0x0000000082300000|100%| O|  |TAMS 0x0000000082300000, 0x0000000082200000| Updating 
|  35|0x0000000082300000, 0x0000000082400000, 0x0000000082400000|100%| O|  |TAMS 0x0000000082400000, 0x0000000082300000| Updating 
|  36|0x0000000082400000, 0x0000000082500000, 0x0000000082500000|100%| O|  |TAMS 0x0000000082500000, 0x0000000082400000| Updating 
|  37|0x0000000082500000, 0x0000000082600000, 0x0000000082600000|100%|HS|  |TAMS 0x0000000082600000, 0x0000000082500000| Complete 
|  38|0x0000000082600000, 0x0000000082700000, 0x0000000082700000|100%|HC|  |TAMS 0x0000000082700000, 0x0000000082600000| Complete 
|  39|0x0000000082700000, 0x0000000082800000, 0x0000000082800000|100%|HS|  |TAMS 0x0000000082800000, 0x0000000082700000| Complete 
|  40|0x0000000082800000, 0x0000000082900000, 0x0000000082900000|100%|HC|  |TAMS 0x0000000082900000, 0x0000000082800000| Complete 
|  41|0x0000000082900000, 0x0000000082a00000, 0x0000000082a00000|100%|HS|  |TAMS 0x0000000082a00000, 0x0000000082900000| Complete 
|  42|0x0000000082a00000, 0x0000000082b00000, 0x0000000082b00000|100%|HC|  |TAMS 0x0000000082b00000, 0x0000000082a00000| Complete 
|  43|0x0000000082b00000, 0x0000000082c00000, 0x0000000082c00000|100%|HC|  |TAMS 0x0000000082c00000, 0x0000000082b00000| Complete 
|  44|0x0000000082c00000, 0x0000000082d00000, 0x0000000082d00000|100%| O|  |TAMS 0x0000000082d00000, 0x0000000082c00000| Updating 
|  45|0x0000000082d00000, 0x0000000082e00000, 0x0000000082e00000|100%| O|  |TAMS 0x0000000082e00000, 0x0000000082d00000| Updating 
|  46|0x0000000082e00000, 0x0000000082f00000, 0x0000000082f00000|100%| O|  |TAMS 0x0000000082f00000, 0x0000000082e00000| Updating 
|  47|0x0000000082f00000, 0x0000000083000000, 0x0000000083000000|100%| O|  |TAMS 0x0000000083000000, 0x0000000082f00000| Updating 
|  48|0x0000000083000000, 0x0000000083100000, 0x0000000083100000|100%| O|  |TAMS 0x0000000083100000, 0x0000000083000000| Updating 
|  49|0x0000000083100000, 0x0000000083200000, 0x0000000083200000|100%| O|  |TAMS 0x0000000083200000, 0x0000000083100000| Untracked 
|  50|0x0000000083200000, 0x0000000083300000, 0x0000000083300000|100%| O|  |TAMS 0x0000000083300000, 0x0000000083200000| Untracked 
|  51|0x0000000083300000, 0x0000000083400000, 0x0000000083400000|100%| O|  |TAMS 0x0000000083400000, 0x0000000083300000| Updating 
|  52|0x0000000083400000, 0x0000000083500000, 0x0000000083500000|100%| O|  |TAMS 0x0000000083500000, 0x0000000083400000| Untracked 
|  53|0x0000000083500000, 0x0000000083600000, 0x0000000083600000|100%| O|  |TAMS 0x0000000083600000, 0x0000000083500000| Untracked 
|  54|0x0000000083600000, 0x0000000083700000, 0x0000000083700000|100%| O|  |TAMS 0x0000000083700000, 0x0000000083600000| Updating 
|  55|0x0000000083700000, 0x0000000083800000, 0x0000000083800000|100%| O|  |TAMS 0x0000000083800000, 0x0000000083700000| Updating 
|  56|0x0000000083800000, 0x0000000083900000, 0x0000000083900000|100%|HS|  |TAMS 0x0000000083900000, 0x0000000083800000| Complete 
|  57|0x0000000083900000, 0x0000000083a00000, 0x0000000083a00000|100%|HC|  |TAMS 0x0000000083a00000, 0x0000000083900000| Complete 
|  58|0x0000000083a00000, 0x0000000083b00000, 0x0000000083b00000|100%|HC|  |TAMS 0x0000000083b00000, 0x0000000083a00000| Complete 
|  59|0x0000000083b00000, 0x0000000083c00000, 0x0000000083c00000|100%| O|  |TAMS 0x0000000083c00000, 0x0000000083b00000| Updating 
|  60|0x0000000083c00000, 0x0000000083d00000, 0x0000000083d00000|100%|HS|  |TAMS 0x0000000083d00000, 0x0000000083c00000| Complete 
|  61|0x0000000083d00000, 0x0000000083e00000, 0x0000000083e00000|100%| O|  |TAMS 0x0000000083e00000, 0x0000000083d00000| Untracked 
|  62|0x0000000083e00000, 0x0000000083f00000, 0x0000000083f00000|100%| O|  |TAMS 0x0000000083f00000, 0x0000000083e00000| Updating 
|  63|0x0000000083f00000, 0x0000000084000000, 0x0000000084000000|100%| O|  |TAMS 0x0000000084000000, 0x0000000083f00000| Untracked 
|  64|0x0000000084000000, 0x0000000084100000, 0x0000000084100000|100%| O|  |TAMS 0x0000000084100000, 0x0000000084000000| Updating 
|  65|0x0000000084100000, 0x0000000084200000, 0x0000000084200000|100%| O|  |TAMS 0x0000000084200000, 0x0000000084100000| Updating 
|  66|0x0000000084200000, 0x0000000084300000, 0x0000000084300000|100%| O|  |TAMS 0x0000000084300000, 0x0000000084200000| Updating 
|  67|0x0000000084300000, 0x0000000084400000, 0x0000000084400000|100%| O|  |TAMS 0x0000000084400000, 0x0000000084300000| Updating 
|  68|0x0000000084400000, 0x0000000084500000, 0x0000000084500000|100%| O|  |TAMS 0x0000000084500000, 0x0000000084400000| Updating 
|  69|0x0000000084500000, 0x0000000084600000, 0x0000000084600000|100%| O|  |TAMS 0x0000000084600000, 0x0000000084500000| Updating 
|  70|0x0000000084600000, 0x0000000084700000, 0x0000000084700000|100%| O|  |TAMS 0x0000000084700000, 0x0000000084600000| Updating 
|  71|0x0000000084700000, 0x0000000084800000, 0x0000000084800000|100%| O|  |TAMS 0x0000000084800000, 0x0000000084700000| Updating 
|  72|0x0000000084800000, 0x0000000084900000, 0x0000000084900000|100%| O|  |TAMS 0x0000000084900000, 0x0000000084800000| Updating 
|  73|0x0000000084900000, 0x0000000084a00000, 0x0000000084a00000|100%| O|  |TAMS 0x0000000084a00000, 0x0000000084900000| Updating 
|  74|0x0000000084a00000, 0x0000000084b00000, 0x0000000084b00000|100%| O|  |TAMS 0x0000000084b00000, 0x0000000084a00000| Updating 
|  75|0x0000000084b00000, 0x0000000084c00000, 0x0000000084c00000|100%| O|  |TAMS 0x0000000084c00000, 0x0000000084b00000| Updating 
|  76|0x0000000084c00000, 0x0000000084d00000, 0x0000000084d00000|100%| O|  |TAMS 0x0000000084d00000, 0x0000000084c00000| Updating 
|  77|0x0000000084d00000, 0x0000000084e00000, 0x0000000084e00000|100%| O|  |TAMS 0x0000000084e00000, 0x0000000084d00000| Updating 
|  78|0x0000000084e00000, 0x0000000084f00000, 0x0000000084f00000|100%| O|  |TAMS 0x0000000084f00000, 0x0000000084e00000| Updating 
|  79|0x0000000084f00000, 0x0000000085000000, 0x0000000085000000|100%| O|  |TAMS 0x0000000085000000, 0x0000000084f00000| Updating 
|  80|0x0000000085000000, 0x0000000085100000, 0x0000000085100000|100%|HS|  |TAMS 0x0000000085100000, 0x0000000085000000| Complete 
|  81|0x0000000085100000, 0x0000000085200000, 0x0000000085200000|100%|HS|  |TAMS 0x0000000085200000, 0x0000000085100000| Complete 
|  82|0x0000000085200000, 0x0000000085300000, 0x0000000085300000|100%|HS|  |TAMS 0x0000000085300000, 0x0000000085200000| Complete 
|  83|0x0000000085300000, 0x0000000085400000, 0x0000000085400000|100%|HC|  |TAMS 0x0000000085400000, 0x0000000085300000| Complete 
|  84|0x0000000085400000, 0x0000000085500000, 0x0000000085500000|100%|HS|  |TAMS 0x0000000085500000, 0x0000000085400000| Complete 
|  85|0x0000000085500000, 0x0000000085600000, 0x0000000085600000|100%|HS|  |TAMS 0x0000000085600000, 0x0000000085500000| Complete 
|  86|0x0000000085600000, 0x0000000085700000, 0x0000000085700000|100%| O|  |TAMS 0x0000000085700000, 0x0000000085600000| Updating 
|  87|0x0000000085700000, 0x0000000085800000, 0x0000000085800000|100%|HS|  |TAMS 0x0000000085800000, 0x0000000085700000| Complete 
|  88|0x0000000085800000, 0x0000000085900000, 0x0000000085900000|100%|HC|  |TAMS 0x0000000085900000, 0x0000000085800000| Complete 
|  89|0x0000000085900000, 0x0000000085a00000, 0x0000000085a00000|100%|HS|  |TAMS 0x0000000085a00000, 0x0000000085900000| Complete 
|  90|0x0000000085a00000, 0x0000000085b00000, 0x0000000085b00000|100%|HS|  |TAMS 0x0000000085b00000, 0x0000000085a00000| Complete 
|  91|0x0000000085b00000, 0x0000000085c00000, 0x0000000085c00000|100%| O|  |TAMS 0x0000000085c00000, 0x0000000085b00000| Updating 
|  92|0x0000000085c00000, 0x0000000085d00000, 0x0000000085d00000|100%| O|  |TAMS 0x0000000085d00000, 0x0000000085c00000| Updating 
|  93|0x0000000085d00000, 0x0000000085e00000, 0x0000000085e00000|100%| O|  |TAMS 0x0000000085e00000, 0x0000000085d00000| Updating 
|  94|0x0000000085e00000, 0x0000000085f00000, 0x0000000085f00000|100%| O|  |TAMS 0x0000000085f00000, 0x0000000085e00000| Updating 
|  95|0x0000000085f00000, 0x0000000086000000, 0x0000000086000000|100%| O|  |TAMS 0x0000000086000000, 0x0000000085f00000| Updating 
|  96|0x0000000086000000, 0x0000000086100000, 0x0000000086100000|100%| O|  |TAMS 0x0000000086100000, 0x0000000086000000| Updating 
|  97|0x0000000086100000, 0x0000000086200000, 0x0000000086200000|100%| O|  |TAMS 0x0000000086200000, 0x0000000086100000| Updating 
|  98|0x0000000086200000, 0x0000000086300000, 0x0000000086300000|100%| O|  |TAMS 0x0000000086300000, 0x0000000086200000| Updating 
|  99|0x0000000086300000, 0x0000000086400000, 0x0000000086400000|100%| O|  |TAMS 0x0000000086400000, 0x0000000086300000| Untracked 
| 100|0x0000000086400000, 0x0000000086500000, 0x0000000086500000|100%| O|  |TAMS 0x0000000086500000, 0x0000000086400000| Updating 
| 101|0x0000000086500000, 0x0000000086600000, 0x0000000086600000|100%| O|  |TAMS 0x0000000086600000, 0x0000000086500000| Untracked 
| 102|0x0000000086600000, 0x0000000086700000, 0x0000000086700000|100%| O|  |TAMS 0x0000000086700000, 0x0000000086600000| Untracked 
| 103|0x0000000086700000, 0x0000000086800000, 0x0000000086800000|100%| O|  |TAMS 0x0000000086800000, 0x0000000086700000| Updating 
| 104|0x0000000086800000, 0x0000000086900000, 0x0000000086900000|100%| O|  |TAMS 0x0000000086900000, 0x0000000086800000| Untracked 
| 105|0x0000000086900000, 0x0000000086a00000, 0x0000000086a00000|100%| O|  |TAMS 0x0000000086a00000, 0x0000000086900000| Untracked 
| 106|0x0000000086a00000, 0x0000000086b00000, 0x0000000086b00000|100%| O|  |TAMS 0x0000000086b00000, 0x0000000086a00000| Untracked 
| 107|0x0000000086b00000, 0x0000000086c00000, 0x0000000086c00000|100%| O|  |TAMS 0x0000000086c00000, 0x0000000086b00000| Updating 
| 108|0x0000000086c00000, 0x0000000086d00000, 0x0000000086d00000|100%| O|  |TAMS 0x0000000086d00000, 0x0000000086c00000| Updating 
| 109|0x0000000086d00000, 0x0000000086e00000, 0x0000000086e00000|100%|HS|  |TAMS 0x0000000086e00000, 0x0000000086d00000| Complete 
| 110|0x0000000086e00000, 0x0000000086f00000, 0x0000000086f00000|100%| O|  |TAMS 0x0000000086f00000, 0x0000000086e00000| Untracked 
| 111|0x0000000086f00000, 0x0000000087000000, 0x0000000087000000|100%| O|  |TAMS 0x0000000087000000, 0x0000000086f00000| Updating 
| 112|0x0000000087000000, 0x0000000087100000, 0x0000000087100000|100%| O|  |TAMS 0x0000000087100000, 0x0000000087000000| Updating 
| 113|0x0000000087100000, 0x0000000087200000, 0x0000000087200000|100%| O|  |TAMS 0x0000000087200000, 0x0000000087100000| Untracked 
| 114|0x0000000087200000, 0x0000000087300000, 0x0000000087300000|100%| O|  |TAMS 0x0000000087300000, 0x0000000087200000| Untracked 
| 115|0x0000000087300000, 0x0000000087400000, 0x0000000087400000|100%| O|  |TAMS 0x0000000087400000, 0x0000000087300000| Updating 
| 116|0x0000000087400000, 0x0000000087500000, 0x0000000087500000|100%| O|  |TAMS 0x0000000087500000, 0x0000000087400000| Updating 
| 117|0x0000000087500000, 0x0000000087600000, 0x0000000087600000|100%| O|  |TAMS 0x0000000087600000, 0x0000000087500000| Updating 
| 118|0x0000000087600000, 0x0000000087700000, 0x0000000087700000|100%| O|  |TAMS 0x0000000087700000, 0x0000000087600000| Updating 
| 119|0x0000000087700000, 0x0000000087800000, 0x0000000087800000|100%| O|  |TAMS 0x0000000087800000, 0x0000000087700000| Updating 
| 120|0x0000000087800000, 0x0000000087900000, 0x0000000087900000|100%| O|  |TAMS 0x0000000087900000, 0x0000000087800000| Updating 
| 121|0x0000000087900000, 0x0000000087a00000, 0x0000000087a00000|100%| O|  |TAMS 0x0000000087a00000, 0x0000000087900000| Updating 
| 122|0x0000000087a00000, 0x0000000087b00000, 0x0000000087b00000|100%| O|  |TAMS 0x0000000087b00000, 0x0000000087a00000| Updating 
| 123|0x0000000087b00000, 0x0000000087c00000, 0x0000000087c00000|100%| O|  |TAMS 0x0000000087c00000, 0x0000000087b00000| Updating 
| 124|0x0000000087c00000, 0x0000000087d00000, 0x0000000087d00000|100%| O|  |TAMS 0x0000000087d00000, 0x0000000087c00000| Updating 
| 125|0x0000000087d00000, 0x0000000087e00000, 0x0000000087e00000|100%| O|  |TAMS 0x0000000087e00000, 0x0000000087d00000| Updating 
| 126|0x0000000087e00000, 0x0000000087f00000, 0x0000000087f00000|100%| O|  |TAMS 0x0000000087f00000, 0x0000000087e00000| Updating 
| 127|0x0000000087f00000, 0x0000000088000000, 0x0000000088000000|100%| O|  |TAMS 0x0000000088000000, 0x0000000087f00000| Updating 
| 128|0x0000000088000000, 0x0000000088100000, 0x0000000088100000|100%| O|  |TAMS 0x0000000088100000, 0x0000000088000000| Updating 
| 129|0x0000000088100000, 0x0000000088200000, 0x0000000088200000|100%| O|  |TAMS 0x0000000088200000, 0x0000000088100000| Updating 
| 130|0x0000000088200000, 0x0000000088300000, 0x0000000088300000|100%| O|  |TAMS 0x0000000088300000, 0x0000000088200000| Untracked 
| 131|0x0000000088300000, 0x0000000088400000, 0x0000000088400000|100%| O|  |TAMS 0x0000000088400000, 0x0000000088300000| Updating 
| 132|0x0000000088400000, 0x0000000088500000, 0x0000000088500000|100%| O|  |TAMS 0x0000000088500000, 0x0000000088400000| Updating 
| 133|0x0000000088500000, 0x0000000088600000, 0x0000000088600000|100%| O|  |TAMS 0x0000000088600000, 0x0000000088500000| Updating 
| 134|0x0000000088600000, 0x0000000088700000, 0x0000000088700000|100%| O|  |TAMS 0x0000000088700000, 0x0000000088600000| Updating 
| 135|0x0000000088700000, 0x0000000088800000, 0x0000000088800000|100%| O|  |TAMS 0x0000000088800000, 0x0000000088700000| Updating 
| 136|0x0000000088800000, 0x0000000088900000, 0x0000000088900000|100%| O|  |TAMS 0x0000000088900000, 0x0000000088800000| Updating 
| 137|0x0000000088900000, 0x0000000088a00000, 0x0000000088a00000|100%| O|  |TAMS 0x0000000088a00000, 0x0000000088900000| Updating 
| 138|0x0000000088a00000, 0x0000000088b00000, 0x0000000088b00000|100%| O|  |TAMS 0x0000000088b00000, 0x0000000088a00000| Updating 
| 139|0x0000000088b00000, 0x0000000088c00000, 0x0000000088c00000|100%| O|  |TAMS 0x0000000088c00000, 0x0000000088b00000| Updating 
| 140|0x0000000088c00000, 0x0000000088d00000, 0x0000000088d00000|100%| O|  |TAMS 0x0000000088d00000, 0x0000000088c00000| Updating 
| 141|0x0000000088d00000, 0x0000000088e00000, 0x0000000088e00000|100%|HS|  |TAMS 0x0000000088e00000, 0x0000000088d00000| Complete 
| 142|0x0000000088e00000, 0x0000000088f00000, 0x0000000088f00000|100%|HS|  |TAMS 0x0000000088f00000, 0x0000000088e00000| Complete 
| 143|0x0000000088f00000, 0x0000000089000000, 0x0000000089000000|100%|HS|  |TAMS 0x0000000089000000, 0x0000000088f00000| Complete 
| 144|0x0000000089000000, 0x0000000089100000, 0x0000000089100000|100%|HS|  |TAMS 0x0000000089100000, 0x0000000089000000| Complete 
| 145|0x0000000089100000, 0x0000000089200000, 0x0000000089200000|100%| O|  |TAMS 0x0000000089200000, 0x0000000089100000| Untracked 
| 146|0x0000000089200000, 0x0000000089300000, 0x0000000089300000|100%| O|  |TAMS 0x0000000089300000, 0x0000000089200000| Updating 
| 147|0x0000000089300000, 0x0000000089400000, 0x0000000089400000|100%| O|  |TAMS 0x0000000089400000, 0x0000000089300000| Updating 
| 148|0x0000000089400000, 0x0000000089500000, 0x0000000089500000|100%| O|  |TAMS 0x0000000089500000, 0x0000000089400000| Updating 
| 149|0x0000000089500000, 0x0000000089600000, 0x0000000089600000|100%| O|  |TAMS 0x0000000089600000, 0x0000000089500000| Updating 
| 150|0x0000000089600000, 0x0000000089700000, 0x0000000089700000|100%| O|  |TAMS 0x0000000089700000, 0x0000000089600000| Updating 
| 151|0x0000000089700000, 0x0000000089800000, 0x0000000089800000|100%| O|  |TAMS 0x0000000089800000, 0x0000000089700000| Updating 
| 152|0x0000000089800000, 0x0000000089900000, 0x0000000089900000|100%| O|  |TAMS 0x0000000089900000, 0x0000000089800000| Updating 
| 153|0x0000000089900000, 0x0000000089a00000, 0x0000000089a00000|100%| O|  |TAMS 0x0000000089a00000, 0x0000000089900000| Updating 
| 154|0x0000000089a00000, 0x0000000089b00000, 0x0000000089b00000|100%| O|  |TAMS 0x0000000089b00000, 0x0000000089a00000| Updating 
| 155|0x0000000089b00000, 0x0000000089c00000, 0x0000000089c00000|100%| O|  |TAMS 0x0000000089c00000, 0x0000000089b00000| Updating 
| 156|0x0000000089c00000, 0x0000000089d00000, 0x0000000089d00000|100%| O|  |TAMS 0x0000000089d00000, 0x0000000089c00000| Updating 
| 157|0x0000000089d00000, 0x0000000089e00000, 0x0000000089e00000|100%|HS|  |TAMS 0x0000000089e00000, 0x0000000089d00000| Complete 
| 158|0x0000000089e00000, 0x0000000089f00000, 0x0000000089f00000|100%|HS|  |TAMS 0x0000000089f00000, 0x0000000089e00000| Complete 
| 159|0x0000000089f00000, 0x000000008a000000, 0x000000008a000000|100%|HS|  |TAMS 0x000000008a000000, 0x0000000089f00000| Complete 
| 160|0x000000008a000000, 0x000000008a100000, 0x000000008a100000|100%|HS|  |TAMS 0x000000008a100000, 0x000000008a000000| Complete 
| 161|0x000000008a100000, 0x000000008a200000, 0x000000008a200000|100%|HC|  |TAMS 0x000000008a200000, 0x000000008a100000| Complete 
| 162|0x000000008a200000, 0x000000008a300000, 0x000000008a300000|100%| O|  |TAMS 0x000000008a300000, 0x000000008a200000| Updating 
| 163|0x000000008a300000, 0x000000008a400000, 0x000000008a400000|100%| O|  |TAMS 0x000000008a400000, 0x000000008a300000| Updating 
| 164|0x000000008a400000, 0x000000008a500000, 0x000000008a500000|100%| O|  |TAMS 0x000000008a500000, 0x000000008a400000| Updating 
| 165|0x000000008a500000, 0x000000008a600000, 0x000000008a600000|100%| O|  |TAMS 0x000000008a600000, 0x000000008a500000| Updating 
| 166|0x000000008a600000, 0x000000008a700000, 0x000000008a700000|100%| O|  |TAMS 0x000000008a700000, 0x000000008a600000| Updating 
| 167|0x000000008a700000, 0x000000008a800000, 0x000000008a800000|100%| O|  |TAMS 0x000000008a800000, 0x000000008a700000| Untracked 
| 168|0x000000008a800000, 0x000000008a900000, 0x000000008a900000|100%| O|  |TAMS 0x000000008a900000, 0x000000008a800000| Untracked 
| 169|0x000000008a900000, 0x000000008aa00000, 0x000000008aa00000|100%| O|  |TAMS 0x000000008aa00000, 0x000000008a900000| Untracked 
| 170|0x000000008aa00000, 0x000000008ab00000, 0x000000008ab00000|100%| O|  |TAMS 0x000000008ab00000, 0x000000008aa00000| Updating 
| 171|0x000000008ab00000, 0x000000008ac00000, 0x000000008ac00000|100%| O|  |TAMS 0x000000008ac00000, 0x000000008ab00000| Updating 
| 172|0x000000008ac00000, 0x000000008ad00000, 0x000000008ad00000|100%| O|  |TAMS 0x000000008ad00000, 0x000000008ac00000| Updating 
| 173|0x000000008ad00000, 0x000000008ae00000, 0x000000008ae00000|100%| O|  |TAMS 0x000000008ae00000, 0x000000008ad00000| Updating 
| 174|0x000000008ae00000, 0x000000008af00000, 0x000000008af00000|100%| O|  |TAMS 0x000000008af00000, 0x000000008ae00000| Updating 
| 175|0x000000008af00000, 0x000000008b000000, 0x000000008b000000|100%| O|  |TAMS 0x000000008b000000, 0x000000008af00000| Updating 
| 176|0x000000008b000000, 0x000000008b100000, 0x000000008b100000|100%|HS|  |TAMS 0x000000008b100000, 0x000000008b000000| Complete 
| 177|0x000000008b100000, 0x000000008b200000, 0x000000008b200000|100%|HS|  |TAMS 0x000000008b200000, 0x000000008b100000| Complete 
| 178|0x000000008b200000, 0x000000008b300000, 0x000000008b300000|100%| O|  |TAMS 0x000000008b300000, 0x000000008b200000| Updating 
| 179|0x000000008b300000, 0x000000008b400000, 0x000000008b400000|100%| O|  |TAMS 0x000000008b400000, 0x000000008b300000| Updating 
| 180|0x000000008b400000, 0x000000008b400000, 0x000000008b500000|  0%| F|  |TAMS 0x000000008b400000, 0x000000008b400000| Untracked 
| 181|0x000000008b500000, 0x000000008b600000, 0x000000008b600000|100%| O|  |TAMS 0x000000008b600000, 0x000000008b500000| Updating 
| 182|0x000000008b600000, 0x000000008b700000, 0x000000008b700000|100%| O|  |TAMS 0x000000008b700000, 0x000000008b600000| Updating 
| 183|0x000000008b700000, 0x000000008b800000, 0x000000008b800000|100%| O|  |TAMS 0x000000008b800000, 0x000000008b700000| Updating 
| 184|0x000000008b800000, 0x000000008b900000, 0x000000008b900000|100%| O|  |TAMS 0x000000008b900000, 0x000000008b800000| Untracked 
| 185|0x000000008b900000, 0x000000008ba00000, 0x000000008ba00000|100%| O|  |TAMS 0x000000008ba00000, 0x000000008b900000| Updating 
| 186|0x000000008ba00000, 0x000000008bb00000, 0x000000008bb00000|100%| O|  |TAMS 0x000000008bb00000, 0x000000008ba00000| Updating 
| 187|0x000000008bb00000, 0x000000008bc00000, 0x000000008bc00000|100%| O|  |TAMS 0x000000008bc00000, 0x000000008bb00000| Updating 
| 188|0x000000008bc00000, 0x000000008bd00000, 0x000000008bd00000|100%| O|  |TAMS 0x000000008bd00000, 0x000000008bc00000| Updating 
| 189|0x000000008bd00000, 0x000000008be00000, 0x000000008be00000|100%| O|  |TAMS 0x000000008be00000, 0x000000008bd00000| Updating 
| 190|0x000000008be00000, 0x000000008be00000, 0x000000008bf00000|  0%| F|  |TAMS 0x000000008be00000, 0x000000008be00000| Untracked 
| 191|0x000000008bf00000, 0x000000008c000000, 0x000000008c000000|100%| O|  |TAMS 0x000000008c000000, 0x000000008bf00000| Updating 
| 192|0x000000008c000000, 0x000000008c000000, 0x000000008c100000|  0%| F|  |TAMS 0x000000008c000000, 0x000000008c000000| Untracked 
| 193|0x000000008c100000, 0x000000008c200000, 0x000000008c200000|100%| O|  |TAMS 0x000000008c200000, 0x000000008c100000| Updating 
| 194|0x000000008c200000, 0x000000008c300000, 0x000000008c300000|100%| O|  |TAMS 0x000000008c300000, 0x000000008c200000| Updating 
| 195|0x000000008c300000, 0x000000008c300000, 0x000000008c400000|  0%| F|  |TAMS 0x000000008c300000, 0x000000008c300000| Untracked 
| 196|0x000000008c400000, 0x000000008c500000, 0x000000008c500000|100%| O|  |TAMS 0x000000008c500000, 0x000000008c400000| Updating 
| 197|0x000000008c500000, 0x000000008c600000, 0x000000008c600000|100%| O|  |TAMS 0x000000008c600000, 0x000000008c500000| Updating 
| 198|0x000000008c600000, 0x000000008c700000, 0x000000008c700000|100%| O|  |TAMS 0x000000008c700000, 0x000000008c600000| Updating 
| 199|0x000000008c700000, 0x000000008c800000, 0x000000008c800000|100%| O|  |TAMS 0x000000008c800000, 0x000000008c700000| Updating 
| 200|0x000000008c800000, 0x000000008c900000, 0x000000008c900000|100%| O|  |TAMS 0x000000008c900000, 0x000000008c800000| Updating 
| 201|0x000000008c900000, 0x000000008ca00000, 0x000000008ca00000|100%| O|  |TAMS 0x000000008ca00000, 0x000000008c900000| Updating 
| 202|0x000000008ca00000, 0x000000008cb00000, 0x000000008cb00000|100%|HS|  |TAMS 0x000000008cb00000, 0x000000008ca00000| Complete 
| 203|0x000000008cb00000, 0x000000008cc00000, 0x000000008cc00000|100%|HC|  |TAMS 0x000000008cc00000, 0x000000008cb00000| Complete 
| 204|0x000000008cc00000, 0x000000008cd00000, 0x000000008cd00000|100%| O|  |TAMS 0x000000008cd00000, 0x000000008cc00000| Untracked 
| 205|0x000000008cd00000, 0x000000008ce00000, 0x000000008ce00000|100%| O|  |TAMS 0x000000008ce00000, 0x000000008cd00000| Updating 
| 206|0x000000008ce00000, 0x000000008cf00000, 0x000000008cf00000|100%| O|  |TAMS 0x000000008cf00000, 0x000000008ce00000| Updating 
| 207|0x000000008cf00000, 0x000000008d000000, 0x000000008d000000|100%| O|  |TAMS 0x000000008d000000, 0x000000008cf00000| Updating 
| 208|0x000000008d000000, 0x000000008d100000, 0x000000008d100000|100%| O|  |TAMS 0x000000008d100000, 0x000000008d000000| Updating 
| 209|0x000000008d100000, 0x000000008d200000, 0x000000008d200000|100%| O|  |TAMS 0x000000008d200000, 0x000000008d100000| Updating 
| 210|0x000000008d200000, 0x000000008d300000, 0x000000008d300000|100%| O|  |TAMS 0x000000008d300000, 0x000000008d200000| Updating 
| 211|0x000000008d300000, 0x000000008d400000, 0x000000008d400000|100%| O|  |TAMS 0x000000008d400000, 0x000000008d300000| Updating 
| 212|0x000000008d400000, 0x000000008d500000, 0x000000008d500000|100%| O|  |TAMS 0x000000008d500000, 0x000000008d400000| Updating 
| 213|0x000000008d500000, 0x000000008d600000, 0x000000008d600000|100%| O|  |TAMS 0x000000008d600000, 0x000000008d500000| Updating 
| 214|0x000000008d600000, 0x000000008d700000, 0x000000008d700000|100%| O|  |TAMS 0x000000008d700000, 0x000000008d600000| Updating 
| 215|0x000000008d700000, 0x000000008d800000, 0x000000008d800000|100%| O|  |TAMS 0x000000008d800000, 0x000000008d700000| Updating 
| 216|0x000000008d800000, 0x000000008d900000, 0x000000008d900000|100%| O|  |TAMS 0x000000008d900000, 0x000000008d800000| Updating 
| 217|0x000000008d900000, 0x000000008da00000, 0x000000008da00000|100%| O|  |TAMS 0x000000008da00000, 0x000000008d900000| Updating 
| 218|0x000000008da00000, 0x000000008db00000, 0x000000008db00000|100%| O|  |TAMS 0x000000008db00000, 0x000000008da00000| Updating 
| 219|0x000000008db00000, 0x000000008dc00000, 0x000000008dc00000|100%| O|  |TAMS 0x000000008dc00000, 0x000000008db00000| Updating 
| 220|0x000000008dc00000, 0x000000008dd00000, 0x000000008dd00000|100%| O|  |TAMS 0x000000008dd00000, 0x000000008dc00000| Updating 
| 221|0x000000008dd00000, 0x000000008de00000, 0x000000008de00000|100%| O|  |TAMS 0x000000008de00000, 0x000000008dd00000| Updating 
| 222|0x000000008de00000, 0x000000008df00000, 0x000000008df00000|100%| O|  |TAMS 0x000000008df00000, 0x000000008de00000| Untracked 
| 223|0x000000008df00000, 0x000000008e000000, 0x000000008e000000|100%| O|  |TAMS 0x000000008e000000, 0x000000008df00000| Updating 
| 224|0x000000008e000000, 0x000000008e100000, 0x000000008e100000|100%| O|  |TAMS 0x000000008e100000, 0x000000008e000000| Updating 
| 225|0x000000008e100000, 0x000000008e200000, 0x000000008e200000|100%| O|  |TAMS 0x000000008e200000, 0x000000008e100000| Untracked 
| 226|0x000000008e200000, 0x000000008e300000, 0x000000008e300000|100%| O|  |TAMS 0x000000008e300000, 0x000000008e200000| Updating 
| 227|0x000000008e300000, 0x000000008e400000, 0x000000008e400000|100%| O|  |TAMS 0x000000008e400000, 0x000000008e300000| Updating 
| 228|0x000000008e400000, 0x000000008e500000, 0x000000008e500000|100%| O|  |TAMS 0x000000008e500000, 0x000000008e400000| Updating 
| 229|0x000000008e500000, 0x000000008e600000, 0x000000008e600000|100%| O|  |TAMS 0x000000008e600000, 0x000000008e500000| Updating 
| 230|0x000000008e600000, 0x000000008e700000, 0x000000008e700000|100%| O|  |TAMS 0x000000008e700000, 0x000000008e600000| Updating 
| 231|0x000000008e700000, 0x000000008e800000, 0x000000008e800000|100%| O|  |TAMS 0x000000008e800000, 0x000000008e700000| Updating 
| 232|0x000000008e800000, 0x000000008e800000, 0x000000008e900000|  0%| F|  |TAMS 0x000000008e800000, 0x000000008e800000| Untracked 
| 233|0x000000008e900000, 0x000000008ea00000, 0x000000008ea00000|100%| O|  |TAMS 0x000000008ea00000, 0x000000008e900000| Updating 
| 234|0x000000008ea00000, 0x000000008eb00000, 0x000000008eb00000|100%| O|  |TAMS 0x000000008eb00000, 0x000000008ea00000| Updating 
| 235|0x000000008eb00000, 0x000000008ec00000, 0x000000008ec00000|100%| O|  |TAMS 0x000000008ec00000, 0x000000008eb00000| Updating 
| 236|0x000000008ec00000, 0x000000008ed00000, 0x000000008ed00000|100%| O|  |TAMS 0x000000008ed00000, 0x000000008ec00000| Updating 
| 237|0x000000008ed00000, 0x000000008ee00000, 0x000000008ee00000|100%| O|  |TAMS 0x000000008ee00000, 0x000000008ed00000| Updating 
| 238|0x000000008ee00000, 0x000000008ef00000, 0x000000008ef00000|100%| O|  |TAMS 0x000000008ef00000, 0x000000008ee00000| Updating 
| 239|0x000000008ef00000, 0x000000008f000000, 0x000000008f000000|100%| O|  |TAMS 0x000000008f000000, 0x000000008ef00000| Updating 
| 240|0x000000008f000000, 0x000000008f100000, 0x000000008f100000|100%| O|  |TAMS 0x000000008f100000, 0x000000008f000000| Updating 
| 241|0x000000008f100000, 0x000000008f200000, 0x000000008f200000|100%| O|  |TAMS 0x000000008f200000, 0x000000008f100000| Updating 
| 242|0x000000008f200000, 0x000000008f300000, 0x000000008f300000|100%| O|  |TAMS 0x000000008f300000, 0x000000008f200000| Updating 
| 243|0x000000008f300000, 0x000000008f400000, 0x000000008f400000|100%| O|  |TAMS 0x000000008f400000, 0x000000008f300000| Updating 
| 244|0x000000008f400000, 0x000000008f500000, 0x000000008f500000|100%| O|  |TAMS 0x000000008f500000, 0x000000008f400000| Updating 
| 245|0x000000008f500000, 0x000000008f600000, 0x000000008f600000|100%| O|  |TAMS 0x000000008f600000, 0x000000008f500000| Updating 
| 246|0x000000008f600000, 0x000000008f700000, 0x000000008f700000|100%| O|  |TAMS 0x000000008f700000, 0x000000008f600000| Updating 
| 247|0x000000008f700000, 0x000000008f800000, 0x000000008f800000|100%| O|  |TAMS 0x000000008f800000, 0x000000008f700000| Updating 
| 248|0x000000008f800000, 0x000000008f900000, 0x000000008f900000|100%| O|  |TAMS 0x000000008f900000, 0x000000008f800000| Updating 
| 249|0x000000008f900000, 0x000000008fa00000, 0x000000008fa00000|100%| O|  |TAMS 0x000000008fa00000, 0x000000008f900000| Updating 
| 250|0x000000008fa00000, 0x000000008fb00000, 0x000000008fb00000|100%| O|  |TAMS 0x000000008fb00000, 0x000000008fa00000| Updating 
| 251|0x000000008fb00000, 0x000000008fc00000, 0x000000008fc00000|100%| O|  |TAMS 0x000000008fc00000, 0x000000008fb00000| Updating 
| 252|0x000000008fc00000, 0x000000008fd00000, 0x000000008fd00000|100%| O|  |TAMS 0x000000008fd00000, 0x000000008fc00000| Updating 
| 253|0x000000008fd00000, 0x000000008fd00000, 0x000000008fe00000|  0%| F|  |TAMS 0x000000008fd00000, 0x000000008fd00000| Untracked 
| 254|0x000000008fe00000, 0x000000008ff00000, 0x000000008ff00000|100%| O|  |TAMS 0x000000008ff00000, 0x000000008fe00000| Updating 
| 255|0x000000008ff00000, 0x0000000090000000, 0x0000000090000000|100%| O|  |TAMS 0x0000000090000000, 0x000000008ff00000| Updating 
| 256|0x0000000090000000, 0x0000000090100000, 0x0000000090100000|100%| O|  |TAMS 0x0000000090100000, 0x0000000090000000| Updating 
| 257|0x0000000090100000, 0x0000000090200000, 0x0000000090200000|100%| O|  |TAMS 0x0000000090200000, 0x0000000090100000| Updating 
| 258|0x0000000090200000, 0x0000000090300000, 0x0000000090300000|100%| O|  |TAMS 0x0000000090300000, 0x0000000090200000| Updating 
| 259|0x0000000090300000, 0x0000000090400000, 0x0000000090400000|100%| O|  |TAMS 0x0000000090400000, 0x0000000090300000| Updating 
| 260|0x0000000090400000, 0x0000000090500000, 0x0000000090500000|100%| O|  |TAMS 0x0000000090500000, 0x0000000090400000| Updating 
| 261|0x0000000090500000, 0x0000000090600000, 0x0000000090600000|100%| O|  |TAMS 0x0000000090600000, 0x0000000090500000| Updating 
| 262|0x0000000090600000, 0x0000000090700000, 0x0000000090700000|100%| O|  |TAMS 0x0000000090700000, 0x0000000090600000| Updating 
| 263|0x0000000090700000, 0x0000000090800000, 0x0000000090800000|100%| O|  |TAMS 0x0000000090800000, 0x0000000090700000| Updating 
| 264|0x0000000090800000, 0x0000000090900000, 0x0000000090900000|100%| O|  |TAMS 0x0000000090900000, 0x0000000090800000| Updating 
| 265|0x0000000090900000, 0x0000000090a00000, 0x0000000090a00000|100%| O|  |TAMS 0x0000000090a00000, 0x0000000090900000| Updating 
| 266|0x0000000090a00000, 0x0000000090b00000, 0x0000000090b00000|100%| O|  |TAMS 0x0000000090b00000, 0x0000000090a00000| Updating 
| 267|0x0000000090b00000, 0x0000000090c00000, 0x0000000090c00000|100%| O|  |TAMS 0x0000000090c00000, 0x0000000090b00000| Updating 
| 268|0x0000000090c00000, 0x0000000090d00000, 0x0000000090d00000|100%| O|  |TAMS 0x0000000090d00000, 0x0000000090c00000| Updating 
| 269|0x0000000090d00000, 0x0000000090e00000, 0x0000000090e00000|100%| O|  |TAMS 0x0000000090e00000, 0x0000000090d00000| Updating 
| 270|0x0000000090e00000, 0x0000000090e00000, 0x0000000090f00000|  0%| F|  |TAMS 0x0000000090e00000, 0x0000000090e00000| Untracked 
| 271|0x0000000090f00000, 0x0000000091000000, 0x0000000091000000|100%| O|  |TAMS 0x0000000091000000, 0x0000000090f00000| Updating 
| 272|0x0000000091000000, 0x0000000091100000, 0x0000000091100000|100%| O|  |TAMS 0x0000000091100000, 0x0000000091000000| Updating 
| 273|0x0000000091100000, 0x0000000091200000, 0x0000000091200000|100%| O|  |TAMS 0x0000000091200000, 0x0000000091100000| Updating 
| 274|0x0000000091200000, 0x0000000091300000, 0x0000000091300000|100%| O|  |TAMS 0x0000000091300000, 0x0000000091200000| Updating 
| 275|0x0000000091300000, 0x0000000091300000, 0x0000000091400000|  0%| F|  |TAMS 0x0000000091300000, 0x0000000091300000| Untracked 
| 276|0x0000000091400000, 0x0000000091500000, 0x0000000091500000|100%| O|  |TAMS 0x0000000091500000, 0x0000000091400000| Updating 
| 277|0x0000000091500000, 0x0000000091600000, 0x0000000091600000|100%| O|  |TAMS 0x0000000091600000, 0x0000000091500000| Updating 
| 278|0x0000000091600000, 0x0000000091700000, 0x0000000091700000|100%| O|  |TAMS 0x0000000091700000, 0x0000000091600000| Updating 
| 279|0x0000000091700000, 0x0000000091800000, 0x0000000091800000|100%| O|  |TAMS 0x0000000091800000, 0x0000000091700000| Updating 
| 280|0x0000000091800000, 0x0000000091900000, 0x0000000091900000|100%| O|  |TAMS 0x0000000091900000, 0x0000000091800000| Updating 
| 281|0x0000000091900000, 0x0000000091a00000, 0x0000000091a00000|100%| O|  |TAMS 0x0000000091a00000, 0x0000000091900000| Updating 
| 282|0x0000000091a00000, 0x0000000091b00000, 0x0000000091b00000|100%| O|  |TAMS 0x0000000091b00000, 0x0000000091a00000| Updating 
| 283|0x0000000091b00000, 0x0000000091c00000, 0x0000000091c00000|100%| O|  |TAMS 0x0000000091c00000, 0x0000000091b00000| Updating 
| 284|0x0000000091c00000, 0x0000000091d00000, 0x0000000091d00000|100%| O|  |TAMS 0x0000000091d00000, 0x0000000091c00000| Updating 
| 285|0x0000000091d00000, 0x0000000091e00000, 0x0000000091e00000|100%| O|  |TAMS 0x0000000091e00000, 0x0000000091d00000| Updating 
| 286|0x0000000091e00000, 0x0000000091f00000, 0x0000000091f00000|100%| O|  |TAMS 0x0000000091f00000, 0x0000000091e00000| Updating 
| 287|0x0000000091f00000, 0x0000000092000000, 0x0000000092000000|100%| O|  |TAMS 0x0000000092000000, 0x0000000091f00000| Updating 
| 288|0x0000000092000000, 0x0000000092100000, 0x0000000092100000|100%| O|  |TAMS 0x0000000092100000, 0x0000000092000000| Updating 
| 289|0x0000000092100000, 0x0000000092200000, 0x0000000092200000|100%| O|  |TAMS 0x0000000092200000, 0x0000000092100000| Updating 
| 290|0x0000000092200000, 0x0000000092300000, 0x0000000092300000|100%| O|  |TAMS 0x0000000092300000, 0x0000000092200000| Updating 
| 291|0x0000000092300000, 0x0000000092400000, 0x0000000092400000|100%| O|  |TAMS 0x0000000092400000, 0x0000000092300000| Updating 
| 292|0x0000000092400000, 0x0000000092500000, 0x0000000092500000|100%| O|  |TAMS 0x0000000092500000, 0x0000000092400000| Updating 
| 293|0x0000000092500000, 0x0000000092600000, 0x0000000092600000|100%| O|  |TAMS 0x0000000092600000, 0x0000000092500000| Updating 
| 294|0x0000000092600000, 0x0000000092700000, 0x0000000092700000|100%| O|  |TAMS 0x0000000092700000, 0x0000000092600000| Updating 
| 295|0x0000000092700000, 0x0000000092800000, 0x0000000092800000|100%| O|  |TAMS 0x0000000092800000, 0x0000000092700000| Untracked 
| 296|0x0000000092800000, 0x0000000092900000, 0x0000000092900000|100%| O|  |TAMS 0x0000000092900000, 0x0000000092800000| Untracked 
| 297|0x0000000092900000, 0x0000000092a00000, 0x0000000092a00000|100%| O|  |TAMS 0x0000000092a00000, 0x0000000092900000| Untracked 
| 298|0x0000000092a00000, 0x0000000092b00000, 0x0000000092b00000|100%| O|  |TAMS 0x0000000092b00000, 0x0000000092a00000| Untracked 
| 299|0x0000000092b00000, 0x0000000092c00000, 0x0000000092c00000|100%| O|  |TAMS 0x0000000092c00000, 0x0000000092b00000| Untracked 
| 300|0x0000000092c00000, 0x0000000092d00000, 0x0000000092d00000|100%| O|  |TAMS 0x0000000092d00000, 0x0000000092c00000| Untracked 
| 301|0x0000000092d00000, 0x0000000092e00000, 0x0000000092e00000|100%| O|  |TAMS 0x0000000092e00000, 0x0000000092d00000| Updating 
| 302|0x0000000092e00000, 0x0000000092f00000, 0x0000000092f00000|100%| O|  |TAMS 0x0000000092f00000, 0x0000000092e00000| Updating 
| 303|0x0000000092f00000, 0x0000000093000000, 0x0000000093000000|100%| O|  |TAMS 0x0000000093000000, 0x0000000092f00000| Untracked 
| 304|0x0000000093000000, 0x0000000093100000, 0x0000000093100000|100%| O|  |TAMS 0x0000000093100000, 0x0000000093000000| Untracked 
| 305|0x0000000093100000, 0x0000000093200000, 0x0000000093200000|100%| O|  |TAMS 0x0000000093200000, 0x0000000093100000| Untracked 
| 306|0x0000000093200000, 0x0000000093300000, 0x0000000093300000|100%| O|  |TAMS 0x0000000093300000, 0x0000000093200000| Updating 
| 307|0x0000000093300000, 0x0000000093400000, 0x0000000093400000|100%| O|  |TAMS 0x0000000093400000, 0x0000000093300000| Untracked 
| 308|0x0000000093400000, 0x0000000093500000, 0x0000000093500000|100%| O|  |TAMS 0x0000000093500000, 0x0000000093400000| Untracked 
| 309|0x0000000093500000, 0x0000000093600000, 0x0000000093600000|100%| O|  |TAMS 0x0000000093600000, 0x0000000093500000| Untracked 
| 310|0x0000000093600000, 0x0000000093700000, 0x0000000093700000|100%| O|  |TAMS 0x0000000093700000, 0x0000000093600000| Untracked 
| 311|0x0000000093700000, 0x0000000093800000, 0x0000000093800000|100%| O|  |TAMS 0x0000000093800000, 0x0000000093700000| Updating 
| 312|0x0000000093800000, 0x0000000093900000, 0x0000000093900000|100%| O|  |TAMS 0x0000000093900000, 0x0000000093800000| Untracked 
| 313|0x0000000093900000, 0x0000000093a00000, 0x0000000093a00000|100%| O|  |TAMS 0x0000000093a00000, 0x0000000093900000| Updating 
| 314|0x0000000093a00000, 0x0000000093b00000, 0x0000000093b00000|100%| O|  |TAMS 0x0000000093b00000, 0x0000000093a00000| Untracked 
| 315|0x0000000093b00000, 0x0000000093c00000, 0x0000000093c00000|100%| O|  |TAMS 0x0000000093c00000, 0x0000000093b00000| Untracked 
| 316|0x0000000093c00000, 0x0000000093d00000, 0x0000000093d00000|100%| O|  |TAMS 0x0000000093d00000, 0x0000000093c00000| Untracked 
| 317|0x0000000093d00000, 0x0000000093e00000, 0x0000000093e00000|100%| O|  |TAMS 0x0000000093e00000, 0x0000000093d00000| Updating 
| 318|0x0000000093e00000, 0x0000000093f00000, 0x0000000093f00000|100%| O|  |TAMS 0x0000000093f00000, 0x0000000093e00000| Updating 
| 319|0x0000000093f00000, 0x0000000094000000, 0x0000000094000000|100%| O|  |TAMS 0x0000000094000000, 0x0000000093f00000| Untracked 
| 320|0x0000000094000000, 0x0000000094100000, 0x0000000094100000|100%| O|  |TAMS 0x0000000094100000, 0x0000000094000000| Untracked 
| 321|0x0000000094100000, 0x0000000094200000, 0x0000000094200000|100%| O|  |TAMS 0x0000000094200000, 0x0000000094100000| Untracked 
| 322|0x0000000094200000, 0x0000000094300000, 0x0000000094300000|100%| O|  |TAMS 0x0000000094300000, 0x0000000094200000| Updating 
| 323|0x0000000094300000, 0x0000000094400000, 0x0000000094400000|100%| O|  |TAMS 0x0000000094400000, 0x0000000094300000| Untracked 
| 324|0x0000000094400000, 0x0000000094500000, 0x0000000094500000|100%| O|  |TAMS 0x0000000094500000, 0x0000000094400000| Untracked 
| 325|0x0000000094500000, 0x0000000094600000, 0x0000000094600000|100%| O|  |TAMS 0x0000000094600000, 0x0000000094500000| Untracked 
| 326|0x0000000094600000, 0x0000000094700000, 0x0000000094700000|100%| O|  |TAMS 0x0000000094700000, 0x0000000094600000| Untracked 
| 327|0x0000000094700000, 0x0000000094800000, 0x0000000094800000|100%| O|  |TAMS 0x0000000094800000, 0x0000000094700000| Updating 
| 328|0x0000000094800000, 0x0000000094900000, 0x0000000094900000|100%| O|  |TAMS 0x0000000094900000, 0x0000000094800000| Updating 
| 329|0x0000000094900000, 0x0000000094a00000, 0x0000000094a00000|100%| O|  |TAMS 0x0000000094900000, 0x0000000094900000| Untracked 
| 330|0x0000000094a00000, 0x0000000094a70c00, 0x0000000094b00000| 44%| O|  |TAMS 0x0000000094a00000, 0x0000000094a00000| Updating 
| 331|0x0000000094b00000, 0x0000000094b00000, 0x0000000094c00000|  0%| F|  |TAMS 0x0000000094b00000, 0x0000000094b00000| Untracked 
| 332|0x0000000094c00000, 0x0000000094c00000, 0x0000000094d00000|  0%| F|  |TAMS 0x0000000094c00000, 0x0000000094c00000| Untracked 
| 333|0x0000000094d00000, 0x0000000094d00000, 0x0000000094e00000|  0%| F|  |TAMS 0x0000000094d00000, 0x0000000094d00000| Untracked 
| 334|0x0000000094e00000, 0x0000000094e00000, 0x0000000094f00000|  0%| F|  |TAMS 0x0000000094e00000, 0x0000000094e00000| Untracked 
| 335|0x0000000094f00000, 0x0000000094f00000, 0x0000000095000000|  0%| F|  |TAMS 0x0000000094f00000, 0x0000000094f00000| Untracked 
| 336|0x0000000095000000, 0x0000000095000000, 0x0000000095100000|  0%| F|  |TAMS 0x0000000095000000, 0x0000000095000000| Untracked 
| 337|0x0000000095100000, 0x0000000095100000, 0x0000000095200000|  0%| F|  |TAMS 0x0000000095100000, 0x0000000095100000| Untracked 
| 338|0x0000000095200000, 0x0000000095200000, 0x0000000095300000|  0%| F|  |TAMS 0x0000000095200000, 0x0000000095200000| Untracked 
| 339|0x0000000095300000, 0x0000000095300000, 0x0000000095400000|  0%| F|  |TAMS 0x0000000095300000, 0x0000000095300000| Untracked 
| 340|0x0000000095400000, 0x0000000095400000, 0x0000000095500000|  0%| F|  |TAMS 0x0000000095400000, 0x0000000095400000| Untracked 
| 341|0x0000000095500000, 0x0000000095500000, 0x0000000095600000|  0%| F|  |TAMS 0x0000000095500000, 0x0000000095500000| Untracked 
| 342|0x0000000095600000, 0x0000000095600000, 0x0000000095700000|  0%| F|  |TAMS 0x0000000095600000, 0x0000000095600000| Untracked 
| 343|0x0000000095700000, 0x0000000095700000, 0x0000000095800000|  0%| F|  |TAMS 0x0000000095700000, 0x0000000095700000| Untracked 
| 344|0x0000000095800000, 0x0000000095800000, 0x0000000095900000|  0%| F|  |TAMS 0x0000000095800000, 0x0000000095800000| Untracked 
| 345|0x0000000095900000, 0x0000000095900000, 0x0000000095a00000|  0%| F|  |TAMS 0x0000000095900000, 0x0000000095900000| Untracked 
| 346|0x0000000095a00000, 0x0000000095a00000, 0x0000000095b00000|  0%| F|  |TAMS 0x0000000095a00000, 0x0000000095a00000| Untracked 
| 347|0x0000000095b00000, 0x0000000095b00000, 0x0000000095c00000|  0%| F|  |TAMS 0x0000000095b00000, 0x0000000095b00000| Untracked 
| 348|0x0000000095c00000, 0x0000000095c00000, 0x0000000095d00000|  0%| F|  |TAMS 0x0000000095c00000, 0x0000000095c00000| Untracked 
| 349|0x0000000095d00000, 0x0000000095d00000, 0x0000000095e00000|  0%| F|  |TAMS 0x0000000095d00000, 0x0000000095d00000| Untracked 
| 350|0x0000000095e00000, 0x0000000095e00000, 0x0000000095f00000|  0%| F|  |TAMS 0x0000000095e00000, 0x0000000095e00000| Untracked 
| 351|0x0000000095f00000, 0x0000000095f00000, 0x0000000096000000|  0%| F|  |TAMS 0x0000000095f00000, 0x0000000095f00000| Untracked 
| 352|0x0000000096000000, 0x0000000096000000, 0x0000000096100000|  0%| F|  |TAMS 0x0000000096000000, 0x0000000096000000| Untracked 
| 353|0x0000000096100000, 0x0000000096100000, 0x0000000096200000|  0%| F|  |TAMS 0x0000000096100000, 0x0000000096100000| Untracked 
| 354|0x0000000096200000, 0x0000000096200000, 0x0000000096300000|  0%| F|  |TAMS 0x0000000096200000, 0x0000000096200000| Untracked 
| 355|0x0000000096300000, 0x0000000096300000, 0x0000000096400000|  0%| F|  |TAMS 0x0000000096300000, 0x0000000096300000| Untracked 
| 356|0x0000000096400000, 0x0000000096400000, 0x0000000096500000|  0%| F|  |TAMS 0x0000000096400000, 0x0000000096400000| Untracked 
| 357|0x0000000096500000, 0x0000000096500000, 0x0000000096600000|  0%| F|  |TAMS 0x0000000096500000, 0x0000000096500000| Untracked 
| 358|0x0000000096600000, 0x0000000096659bd8, 0x0000000096700000| 35%| S|CS|TAMS 0x0000000096600000, 0x0000000096600000| Complete 
| 359|0x0000000096700000, 0x0000000096700000, 0x0000000096800000|  0%| F|  |TAMS 0x0000000096700000, 0x0000000096700000| Untracked 
| 360|0x0000000096800000, 0x0000000096800000, 0x0000000096900000|  0%| F|  |TAMS 0x0000000096800000, 0x0000000096800000| Untracked 
| 361|0x0000000096900000, 0x0000000096a00000, 0x0000000096a00000|100%| S|CS|TAMS 0x0000000096900000, 0x0000000096900000| Complete 
| 362|0x0000000096a00000, 0x0000000096b00000, 0x0000000096b00000|100%| S|CS|TAMS 0x0000000096a00000, 0x0000000096a00000| Complete 
| 363|0x0000000096b00000, 0x0000000096b00000, 0x0000000096c00000|  0%| F|  |TAMS 0x0000000096b00000, 0x0000000096b00000| Untracked 
| 364|0x0000000096c00000, 0x0000000096c00000, 0x0000000096d00000|  0%| F|  |TAMS 0x0000000096c00000, 0x0000000096c00000| Untracked 
| 365|0x0000000096d00000, 0x0000000096d00000, 0x0000000096e00000|  0%| F|  |TAMS 0x0000000096d00000, 0x0000000096d00000| Untracked 
| 366|0x0000000096e00000, 0x0000000096e00000, 0x0000000096f00000|  0%| F|  |TAMS 0x0000000096e00000, 0x0000000096e00000| Untracked 
| 367|0x0000000096f00000, 0x0000000096f00000, 0x0000000097000000|  0%| F|  |TAMS 0x0000000096f00000, 0x0000000096f00000| Untracked 
| 368|0x0000000097000000, 0x0000000097000000, 0x0000000097100000|  0%| F|  |TAMS 0x0000000097000000, 0x0000000097000000| Untracked 
| 369|0x0000000097100000, 0x00000000971780b0, 0x0000000097200000| 46%| E|  |TAMS 0x0000000097100000, 0x0000000097100000| Complete 
| 370|0x0000000097200000, 0x0000000097300000, 0x0000000097300000|100%| E|CS|TAMS 0x0000000097200000, 0x0000000097200000| Complete 
| 371|0x0000000097300000, 0x0000000097400000, 0x0000000097400000|100%| E|CS|TAMS 0x0000000097300000, 0x0000000097300000| Complete 
| 372|0x0000000097400000, 0x0000000097500000, 0x0000000097500000|100%| E|CS|TAMS 0x0000000097400000, 0x0000000097400000| Complete 
| 373|0x0000000097500000, 0x0000000097600000, 0x0000000097600000|100%| E|CS|TAMS 0x0000000097500000, 0x0000000097500000| Complete 
| 374|0x0000000097600000, 0x0000000097700000, 0x0000000097700000|100%| E|CS|TAMS 0x0000000097600000, 0x0000000097600000| Complete 
| 375|0x0000000097700000, 0x0000000097800000, 0x0000000097800000|100%| E|CS|TAMS 0x0000000097700000, 0x0000000097700000| Complete 
| 376|0x0000000097800000, 0x0000000097900000, 0x0000000097900000|100%| E|CS|TAMS 0x0000000097800000, 0x0000000097800000| Complete 
| 377|0x0000000097900000, 0x0000000097a00000, 0x0000000097a00000|100%| E|CS|TAMS 0x0000000097900000, 0x0000000097900000| Complete 
| 378|0x0000000097a00000, 0x0000000097b00000, 0x0000000097b00000|100%| E|CS|TAMS 0x0000000097a00000, 0x0000000097a00000| Complete 
| 379|0x0000000097b00000, 0x0000000097c00000, 0x0000000097c00000|100%| E|CS|TAMS 0x0000000097b00000, 0x0000000097b00000| Complete 
|2043|0x00000000ffb00000, 0x00000000ffc00000, 0x00000000ffc00000|100%| O|  |TAMS 0x00000000ffc00000, 0x00000000ffb00000| Untracked 
|2044|0x00000000ffc00000, 0x00000000ffd00000, 0x00000000ffd00000|100%| O|  |TAMS 0x00000000ffd00000, 0x00000000ffc00000| Untracked 
|2045|0x00000000ffd00000, 0x00000000ffe00000, 0x00000000ffe00000|100%| O|  |TAMS 0x00000000ffe00000, 0x00000000ffd00000| Untracked 
|2046|0x00000000ffe00000, 0x00000000fff00000, 0x00000000fff00000|100%| O|  |TAMS 0x00000000fff00000, 0x00000000ffe00000| Untracked 
|2047|0x00000000fff00000, 0x0000000100000000, 0x0000000100000000|100%| O|  |TAMS 0x0000000100000000, 0x00000000fff00000| Untracked 

Card table byte_map: [0x00000202602a0000,0x00000202606a0000] _byte_map_base: 0x000002025fea0000

Marking Bits (Prev, Next): (CMBitMap*) 0x0000020246e1f610, (CMBitMap*) 0x0000020246e1f5d0
 Prev Bits: [0x0000020262aa0000, 0x0000020264aa0000)
 Next Bits: [0x0000020260aa0000, 0x0000020262aa0000)

Polling page: 0x0000020246d50000

Metaspace:

Usage:
  Non-class:    103.77 MB used.
      Class:     16.62 MB used.
       Both:    120.39 MB used.

Virtual space:
  Non-class space:      128.00 MB reserved,     104.69 MB ( 82%) committed,  2 nodes.
      Class space:      832.00 MB reserved,      17.38 MB (  2%) committed,  1 nodes.
             Both:      960.00 MB reserved,     122.06 MB ( 13%) committed. 

Chunk freelists:
   Non-Class:  6.67 MB
       Class:  14.59 MB
        Both:  21.26 MB

MaxMetaspaceSize: 1.00 GB
CompressedClassSpaceSize: 832.00 MB
Initial GC threshold: 21.00 MB
Current GC threshold: 184.00 MB
CDS: on
MetaspaceReclaimPolicy: balanced
 - commit_granule_bytes: 65536.
 - commit_granule_words: 8192.
 - virtual_space_node_default_size: 8388608.
 - enlarge_chunks_in_place: 1.
 - new_chunks_are_fully_committed: 0.
 - uncommit_free_chunks: 1.
 - use_allocation_guard: 0.
 - handle_deallocations: 1.


Internal statistics:

num_allocs_failed_limit: 12.
num_arena_births: 2554.
num_arena_deaths: 0.
num_vsnodes_births: 3.
num_vsnodes_deaths: 0.
num_space_committed: 1953.
num_space_uncommitted: 0.
num_chunks_returned_to_freelist: 12.
num_chunks_taken_from_freelist: 8686.
num_chunk_merges: 6.
num_chunk_splits: 5287.
num_chunks_enlarged: 2995.
num_inconsistent_stats: 0.

CodeHeap 'non-profiled nmethods': size=120000Kb used=16728Kb max_used=16728Kb free=103271Kb
 bounds [0x0000020257cd0000, 0x0000020258d30000, 0x000002025f200000]
CodeHeap 'profiled nmethods': size=120000Kb used=34239Kb max_used=34239Kb free=85760Kb
 bounds [0x0000020250200000, 0x0000020252380000, 0x0000020257730000]
CodeHeap 'non-nmethods': size=5760Kb used=2493Kb max_used=2577Kb free=3266Kb
 bounds [0x0000020257730000, 0x00000202579c0000, 0x0000020257cd0000]
 total_blobs=18596 nmethods=17557 adapters=949
 compilation: enabled
              stopped_count=0, restarted_count=0
 full_count=0

Compilation events (20 events):
Event: 129.857 Thread 0x00000202677b96a0 21342       1       org.gradle.api.internal.attributes.immutable.artifact.ImmutableArtifactTypeRegistry::hashCode (5 bytes)
Event: 129.857 Thread 0x00000202677b96a0 nmethod 21342 0x0000020258d1df10 code [0x0000020258d1e0a0, 0x0000020258d1e178]
Event: 129.895 Thread 0x00000202677970b0 21343       4       org.gradle.api.internal.artifacts.ivyservice.ivyresolve.CachingModuleComponentRepository::getName (10 bytes)
Event: 129.896 Thread 0x00000202677970b0 nmethod 21343 0x0000020258d1e210 code [0x0000020258d1e3a0, 0x0000020258d1e458]
Event: 129.926 Thread 0x000002027138a040 21344       4       org.gradle.api.internal.artifacts.ivyservice.resolveengine.excludes.factories.OptimizingExcludeFactory::anyOf (12 bytes)
Event: 129.930 Thread 0x000002027138a040 nmethod 21344 0x0000020258d1e510 code [0x0000020258d1e6c0, 0x0000020258d1e9a8]
Event: 129.949 Thread 0x000002027138a040 21345       4       org.gradle.api.internal.artifacts.ivyservice.resolveengine.graph.builder.ResolveState::pop (18 bytes)
Event: 129.952 Thread 0x000002027138a040 nmethod 21345 0x0000020258d1ec10 code [0x0000020258d1eda0, 0x0000020258d1ef38]
Event: 129.970 Thread 0x000002027138a040 21346       4       org.gradle.api.internal.artifacts.transform.TransformChain::visitTransformSteps (26 bytes)
Event: 129.986 Thread 0x00000202677970b0 21347       4       org.gradle.api.internal.artifacts.transform.TransformedVariant::<init> (15 bytes)
Event: 129.990 Thread 0x00000202677970b0 nmethod 21347 0x0000020258d1f110 code [0x0000020258d1f280, 0x0000020258d1f4b8]
Event: 129.996 Thread 0x000002027138a040 nmethod 21346 0x0000020258d1f510 code [0x0000020258d1f720, 0x0000020258d20a08]
Event: 129.998 Thread 0x00000202677970b0 21348       4       org.gradle.api.internal.artifacts.ivyservice.resolveengine.artifact.DefaultResolvedVariantSet::transformCandidate (14 bytes)
Event: 130.010 Thread 0x000002027138a040 21349       4       org.gradle.api.internal.artifacts.transform.ResolvedVariantTransformer::transform (41 bytes)
Event: 130.027 Thread 0x00000202677970b0 nmethod 21348 0x0000020258d21310 code [0x0000020258d21580, 0x0000020258d22360]
Event: 130.032 Thread 0x00000202677b96a0 21350       1       org.gradle.api.internal.initialization.StandaloneDomainObjectContext::hasMutableState (2 bytes)
Event: 130.032 Thread 0x00000202677b96a0 nmethod 21350 0x0000020258d23090 code [0x0000020258d23220, 0x0000020258d232f8]
Event: 130.037 Thread 0x000002027138a040 nmethod 21349 0x0000020258d23390 code [0x0000020258d23600, 0x0000020258d242e0]
Event: 130.049 Thread 0x00000202677970b0 21351       4       org.gradle.api.internal.artifacts.transform.TransformingAsyncArtifactListener$TransformedArtifact::visit (24 bytes)
Event: 130.072 Thread 0x00000202677970b0 nmethod 21351 0x0000020258d24f90 code [0x0000020258d25200, 0x0000020258d25ae0]

GC Heap History (20 events):
Event: 127.087 GC heap before
{Heap before GC invocations=112 (full 0):
 garbage-first heap   total 394240K, used 346957K [0x0000000080000000, 0x0000000100000000)
  region size 1024K, 21 young (21504K), 3 survivors (3072K)
 Metaspace       used 123142K, committed 124800K, reserved 983040K
  class space    used 17020K, committed 17792K, reserved 851968K
}
Event: 127.095 GC heap after
{Heap after GC invocations=113 (full 0):
 garbage-first heap   total 394240K, used 330516K [0x0000000080000000, 0x0000000100000000)
  region size 1024K, 3 young (3072K), 3 survivors (3072K)
 Metaspace       used 123142K, committed 124800K, reserved 983040K
  class space    used 17020K, committed 17792K, reserved 851968K
}
Event: 127.606 GC heap before
{Heap before GC invocations=113 (full 0):
 garbage-first heap   total 394240K, used 346900K [0x0000000080000000, 0x0000000100000000)
  region size 1024K, 19 young (19456K), 3 survivors (3072K)
 Metaspace       used 123172K, committed 124864K, reserved 983040K
  class space    used 17020K, committed 17792K, reserved 851968K
}
Event: 127.611 GC heap after
{Heap after GC invocations=114 (full 0):
 garbage-first heap   total 394240K, used 331420K [0x0000000080000000, 0x0000000100000000)
  region size 1024K, 2 young (2048K), 2 survivors (2048K)
 Metaspace       used 123172K, committed 124864K, reserved 983040K
  class space    used 17020K, committed 17792K, reserved 851968K
}
Event: 128.255 GC heap before
{Heap before GC invocations=114 (full 0):
 garbage-first heap   total 394240K, used 348828K [0x0000000080000000, 0x0000000100000000)
  region size 1024K, 19 young (19456K), 2 survivors (2048K)
 Metaspace       used 123179K, committed 124864K, reserved 983040K
  class space    used 17021K, committed 17792K, reserved 851968K
}
Event: 128.259 GC heap after
{Heap after GC invocations=115 (full 0):
 garbage-first heap   total 394240K, used 332784K [0x0000000080000000, 0x0000000100000000)
  region size 1024K, 3 young (3072K), 3 survivors (3072K)
 Metaspace       used 123179K, committed 124864K, reserved 983040K
  class space    used 17021K, committed 17792K, reserved 851968K
}
Event: 128.515 GC heap before
{Heap before GC invocations=115 (full 0):
 garbage-first heap   total 394240K, used 349168K [0x0000000080000000, 0x0000000100000000)
  region size 1024K, 19 young (19456K), 3 survivors (3072K)
 Metaspace       used 123190K, committed 124864K, reserved 983040K
  class space    used 17021K, committed 17792K, reserved 851968K
}
Event: 128.522 GC heap after
{Heap after GC invocations=116 (full 0):
 garbage-first heap   total 394240K, used 334828K [0x0000000080000000, 0x0000000100000000)
  region size 1024K, 3 young (3072K), 3 survivors (3072K)
 Metaspace       used 123190K, committed 124864K, reserved 983040K
  class space    used 17021K, committed 17792K, reserved 851968K
}
Event: 128.640 GC heap before
{Heap before GC invocations=116 (full 0):
 garbage-first heap   total 394240K, used 351212K [0x0000000080000000, 0x0000000100000000)
  region size 1024K, 19 young (19456K), 3 survivors (3072K)
 Metaspace       used 123196K, committed 124864K, reserved 983040K
  class space    used 17021K, committed 17792K, reserved 851968K
}
Event: 128.647 GC heap after
{Heap after GC invocations=117 (full 0):
 garbage-first heap   total 394240K, used 336464K [0x0000000080000000, 0x0000000100000000)
  region size 1024K, 2 young (2048K), 2 survivors (2048K)
 Metaspace       used 123196K, committed 124864K, reserved 983040K
  class space    used 17021K, committed 17792K, reserved 851968K
}
Event: 128.906 GC heap before
{Heap before GC invocations=117 (full 0):
 garbage-first heap   total 394240K, used 353872K [0x0000000080000000, 0x0000000100000000)
  region size 1024K, 19 young (19456K), 2 survivors (2048K)
 Metaspace       used 123223K, committed 124928K, reserved 983040K
  class space    used 17021K, committed 17792K, reserved 851968K
}
Event: 128.911 GC heap after
{Heap after GC invocations=118 (full 0):
 garbage-first heap   total 394240K, used 338499K [0x0000000080000000, 0x0000000100000000)
  region size 1024K, 3 young (3072K), 3 survivors (3072K)
 Metaspace       used 123223K, committed 124928K, reserved 983040K
  class space    used 17021K, committed 17792K, reserved 851968K
}
Event: 129.048 GC heap before
{Heap before GC invocations=118 (full 0):
 garbage-first heap   total 394240K, used 354883K [0x0000000080000000, 0x0000000100000000)
  region size 1024K, 19 young (19456K), 3 survivors (3072K)
 Metaspace       used 123235K, committed 124928K, reserved 983040K
  class space    used 17021K, committed 17792K, reserved 851968K
}
Event: 129.056 GC heap after
{Heap after GC invocations=119 (full 0):
 garbage-first heap   total 394240K, used 340615K [0x0000000080000000, 0x0000000100000000)
  region size 1024K, 3 young (3072K), 3 survivors (3072K)
 Metaspace       used 123235K, committed 124928K, reserved 983040K
  class space    used 17021K, committed 17792K, reserved 851968K
}
Event: 129.246 GC heap before
{Heap before GC invocations=119 (full 0):
 garbage-first heap   total 394240K, used 355975K [0x0000000080000000, 0x0000000100000000)
  region size 1024K, 19 young (19456K), 3 survivors (3072K)
 Metaspace       used 123240K, committed 124928K, reserved 983040K
  class space    used 17021K, committed 17792K, reserved 851968K
}
Event: 129.253 GC heap after
{Heap after GC invocations=120 (full 0):
 garbage-first heap   total 394240K, used 342162K [0x0000000080000000, 0x0000000100000000)
  region size 1024K, 2 young (2048K), 2 survivors (2048K)
 Metaspace       used 123240K, committed 124928K, reserved 983040K
  class space    used 17021K, committed 17792K, reserved 851968K
}
Event: 129.535 GC heap before
{Heap before GC invocations=120 (full 0):
 garbage-first heap   total 394240K, used 359570K [0x0000000080000000, 0x0000000100000000)
  region size 1024K, 19 young (19456K), 2 survivors (2048K)
 Metaspace       used 123256K, committed 124928K, reserved 983040K
  class space    used 17021K, committed 17792K, reserved 851968K
}
Event: 129.541 GC heap after
{Heap after GC invocations=121 (full 0):
 garbage-first heap   total 394240K, used 343697K [0x0000000080000000, 0x0000000100000000)
  region size 1024K, 2 young (2048K), 2 survivors (2048K)
 Metaspace       used 123256K, committed 124928K, reserved 983040K
  class space    used 17021K, committed 17792K, reserved 851968K
}
Event: 129.810 GC heap before
{Heap before GC invocations=121 (full 0):
 garbage-first heap   total 394240K, used 361105K [0x0000000080000000, 0x0000000100000000)
  region size 1024K, 19 young (19456K), 2 survivors (2048K)
 Metaspace       used 123282K, committed 124992K, reserved 983040K
  class space    used 17021K, committed 17792K, reserved 851968K
}
Event: 129.822 GC heap after
{Heap after GC invocations=122 (full 0):
 garbage-first heap   total 394240K, used 345812K [0x0000000080000000, 0x0000000100000000)
  region size 1024K, 3 young (3072K), 3 survivors (3072K)
 Metaspace       used 123282K, committed 124992K, reserved 983040K
  class space    used 17021K, committed 17792K, reserved 851968K
}

Dll operation events (16 events):
Event: 0.013 Loaded shared library C:\Program Files\Microsoft\jdk-17.0.18.8-hotspot\bin\java.dll
Event: 0.024 Loaded shared library C:\Program Files\Microsoft\jdk-17.0.18.8-hotspot\bin\jsvml.dll
Event: 0.054 Loaded shared library C:\Program Files\Microsoft\jdk-17.0.18.8-hotspot\bin\zip.dll
Event: 0.057 Loaded shared library C:\Program Files\Microsoft\jdk-17.0.18.8-hotspot\bin\instrument.dll
Event: 0.061 Loaded shared library C:\Program Files\Microsoft\jdk-17.0.18.8-hotspot\bin\net.dll
Event: 0.063 Loaded shared library C:\Program Files\Microsoft\jdk-17.0.18.8-hotspot\bin\nio.dll
Event: 0.064 Loaded shared library C:\Program Files\Microsoft\jdk-17.0.18.8-hotspot\bin\zip.dll
Event: 0.231 Loaded shared library C:\Program Files\Microsoft\jdk-17.0.18.8-hotspot\bin\jimage.dll
Event: 0.325 Loaded shared library C:\Program Files\Microsoft\jdk-17.0.18.8-hotspot\bin\verify.dll
Event: 0.371 Loaded shared library C:\Users\megda\.gradle\native\1def1411415f61bf3af743bc5b6707747c0891f09f0c88961ee8f79bc544acac\windows-amd64\native-platform.dll
Event: 0.381 Loaded shared library C:\Users\megda\.gradle\native\0.2.7\x86_64-windows-gnu\gradle-fileevents.dll
Event: 1.143 Loaded shared library C:\Program Files\Microsoft\jdk-17.0.18.8-hotspot\bin\management.dll
Event: 1.146 Loaded shared library C:\Program Files\Microsoft\jdk-17.0.18.8-hotspot\bin\management_ext.dll
Event: 1.260 Loaded shared library C:\Program Files\Microsoft\jdk-17.0.18.8-hotspot\bin\extnet.dll
Event: 1.443 Loaded shared library C:\Program Files\Microsoft\jdk-17.0.18.8-hotspot\bin\sunmscapi.dll
Event: 26.929 Loaded shared library C:\Program Files\Microsoft\jdk-17.0.18.8-hotspot\bin\rmi.dll

Deoptimization events (20 events):
Event: 129.265 Thread 0x00000202705d79c0 Uncommon trap: trap_request=0xffffff45 fr.pc=0x0000020258c040b8 relative=0x00000000000011f8
Event: 129.265 Thread 0x00000202705d79c0 Uncommon trap: reason=unstable_if action=reinterpret pc=0x0000020258c040b8 method=java.util.concurrent.ConcurrentHashMap.putVal(Ljava/lang/Object;Ljava/lang/Object;Z)Ljava/lang/Object; @ 197 c2
Event: 129.265 Thread 0x00000202705d79c0 DEOPT PACKING pc=0x0000020258c040b8 sp=0x00000023644fe650
Event: 129.266 Thread 0x00000202705d79c0 DEOPT UNPACKING pc=0x00000202577869a3 sp=0x00000023644fe5d0 mode 2
Event: 129.266 Thread 0x00000202705d88f0 Uncommon trap: trap_request=0xffffff45 fr.pc=0x0000020258c040b8 relative=0x00000000000011f8
Event: 129.266 Thread 0x00000202705d88f0 Uncommon trap: reason=unstable_if action=reinterpret pc=0x0000020258c040b8 method=java.util.concurrent.ConcurrentHashMap.putVal(Ljava/lang/Object;Ljava/lang/Object;Z)Ljava/lang/Object; @ 197 c2
Event: 129.266 Thread 0x00000202705d88f0 DEOPT PACKING pc=0x0000020258c040b8 sp=0x00000023647fe100
Event: 129.266 Thread 0x00000202705d88f0 DEOPT UNPACKING pc=0x00000202577869a3 sp=0x00000023647fe080 mode 2
Event: 129.266 Thread 0x00000202705dc0a0 Uncommon trap: trap_request=0xffffff45 fr.pc=0x0000020258c040b8 relative=0x00000000000011f8
Event: 129.266 Thread 0x00000202705dc0a0 Uncommon trap: reason=unstable_if action=reinterpret pc=0x0000020258c040b8 method=java.util.concurrent.ConcurrentHashMap.putVal(Ljava/lang/Object;Ljava/lang/Object;Z)Ljava/lang/Object; @ 197 c2
Event: 129.266 Thread 0x00000202705dc0a0 DEOPT PACKING pc=0x0000020258c040b8 sp=0x0000002364bfe660
Event: 129.266 Thread 0x00000202705dc0a0 DEOPT UNPACKING pc=0x00000202577869a3 sp=0x0000002364bfe5e0 mode 2
Event: 129.271 Thread 0x00000202705d83e0 Uncommon trap: trap_request=0xffffff45 fr.pc=0x00000202581cac1c relative=0x000000000000085c
Event: 129.271 Thread 0x00000202705d83e0 Uncommon trap: reason=unstable_if action=reinterpret pc=0x00000202581cac1c method=java.util.concurrent.ConcurrentHashMap.replaceNode(Ljava/lang/Object;Ljava/lang/Object;Ljava/lang/Object;)Ljava/lang/Object; @ 99 c2
Event: 129.271 Thread 0x00000202705d83e0 DEOPT PACKING pc=0x00000202581cac1c sp=0x00000023649fec20
Event: 129.271 Thread 0x00000202705d83e0 DEOPT UNPACKING pc=0x00000202577869a3 sp=0x00000023649feba8 mode 2
Event: 129.481 Thread 0x000002026d863ec0 Uncommon trap: trap_request=0xffffffd6 fr.pc=0x0000020258c10058 relative=0x0000000000000438
Event: 129.481 Thread 0x000002026d863ec0 Uncommon trap: reason=array_check action=maybe_recompile pc=0x0000020258c10058 method=java.util.HashMap.keysToArray([Ljava/lang/Object;)[Ljava/lang/Object; @ 62 c2
Event: 129.481 Thread 0x000002026d863ec0 DEOPT PACKING pc=0x0000020258c10058 sp=0x000000235c1f75a0
Event: 129.481 Thread 0x000002026d863ec0 DEOPT UNPACKING pc=0x00000202577869a3 sp=0x000000235c1f7528 mode 2

Classes loaded (20 events):
Event: 97.346 Loading class sun/reflect/misc/MethodUtil$1
Event: 97.348 Loading class sun/reflect/misc/MethodUtil$1 done
Event: 97.875 Loading class java/nio/file/StandardCopyOption
Event: 97.876 Loading class java/nio/file/StandardCopyOption done
Event: 97.876 Loading class sun/nio/fs/WindowsFileCopy
Event: 97.876 Loading class sun/nio/fs/WindowsFileCopy done
Event: 98.147 Loading class java/time/Instant$1
Event: 98.147 Loading class java/time/Instant$1 done
Event: 98.229 Loading class java/util/Locale$1
Event: 98.229 Loading class java/util/Locale$1 done
Event: 98.273 Loading class java/util/concurrent/CompletableFuture$AsyncRun
Event: 98.278 Loading class java/util/concurrent/CompletableFuture$AsyncRun done
Event: 105.212 Loading class jdk/internal/math/FormattedFloatingDecimal$Form
Event: 105.213 Loading class jdk/internal/math/FormattedFloatingDecimal$Form done
Event: 105.213 Loading class jdk/internal/math/FormattedFloatingDecimal
Event: 105.213 Loading class jdk/internal/math/FormattedFloatingDecimal done
Event: 105.213 Loading class jdk/internal/math/FormattedFloatingDecimal$1
Event: 105.214 Loading class jdk/internal/math/FormattedFloatingDecimal$1 done
Event: 105.214 Loading class jdk/internal/math/FormattedFloatingDecimal$2
Event: 105.214 Loading class jdk/internal/math/FormattedFloatingDecimal$2 done

Classes unloaded (0 events):
No events

Classes redefined (0 events):
No events

Internal exceptions (20 events):
Event: 114.901 Thread 0x000002026d863ec0 Exception <a 'sun/nio/fs/WindowsException'{0x00000000967bc728}> (0x00000000967bc728) 
thrown [s\src\hotspot\share\prims\jni.cpp, line 516]
Event: 117.350 Thread 0x00000202783180b0 Exception <a 'sun/nio/fs/WindowsException'{0x000000009642e430}> (0x000000009642e430) 
thrown [s\src\hotspot\share\prims\jni.cpp, line 516]
Event: 121.777 Thread 0x000002026d863ec0 Exception <a 'sun/nio/fs/WindowsException'{0x0000000095d7f5f8}> (0x0000000095d7f5f8) 
thrown [s\src\hotspot\share\prims\jni.cpp, line 516]
Event: 121.789 Thread 0x000002026d863ec0 Exception <a 'sun/nio/fs/WindowsException'{0x0000000095d80d60}> (0x0000000095d80d60) 
thrown [s\src\hotspot\share\prims\jni.cpp, line 516]
Event: 121.796 Thread 0x000002026d863ec0 Exception <a 'sun/nio/fs/WindowsException'{0x0000000095d824b8}> (0x0000000095d824b8) 
thrown [s\src\hotspot\share\prims\jni.cpp, line 516]
Event: 121.796 Thread 0x000002026d863ec0 Exception <a 'sun/nio/fs/WindowsException'{0x0000000095d83800}> (0x0000000095d83800) 
thrown [s\src\hotspot\share\prims\jni.cpp, line 516]
Event: 122.397 Thread 0x000002026d863ec0 Exception <a 'sun/nio/fs/WindowsException'{0x0000000095cd09e8}> (0x0000000095cd09e8) 
thrown [s\src\hotspot\share\prims\jni.cpp, line 516]
Event: 122.398 Thread 0x000002026d863ec0 Exception <a 'sun/nio/fs/WindowsException'{0x0000000095cda960}> (0x0000000095cda960) 
thrown [s\src\hotspot\share\prims\jni.cpp, line 516]
Event: 122.400 Thread 0x000002026d863ec0 Exception <a 'sun/nio/fs/WindowsException'{0x0000000095cdc608}> (0x0000000095cdc608) 
thrown [s\src\hotspot\share\prims\jni.cpp, line 516]
Event: 122.401 Thread 0x000002026d863ec0 Exception <a 'sun/nio/fs/WindowsException'{0x0000000095cddea0}> (0x0000000095cddea0) 
thrown [s\src\hotspot\share\prims\jni.cpp, line 516]
Event: 123.377 Thread 0x000002027031d750 Exception <a 'sun/nio/fs/WindowsException'{0x0000000096f336f0}> (0x0000000096f336f0) 
thrown [s\src\hotspot\share\prims\jni.cpp, line 516]
Event: 123.377 Thread 0x000002027031d750 Exception <a 'sun/nio/fs/WindowsException'{0x0000000096f35398}> (0x0000000096f35398) 
thrown [s\src\hotspot\share\prims\jni.cpp, line 516]
Event: 123.377 Thread 0x000002027031d750 Exception <a 'sun/nio/fs/WindowsException'{0x0000000096f36f90}> (0x0000000096f36f90) 
thrown [s\src\hotspot\share\prims\jni.cpp, line 516]
Event: 123.378 Thread 0x000002027031d750 Exception <a 'sun/nio/fs/WindowsException'{0x0000000096f38b20}> (0x0000000096f38b20) 
thrown [s\src\hotspot\share\prims\jni.cpp, line 516]
Event: 123.386 Thread 0x000002027031cd30 Exception <a 'sun/nio/fs/WindowsException'{0x0000000096f23940}> (0x0000000096f23940) 
thrown [s\src\hotspot\share\prims\jni.cpp, line 516]
Event: 123.386 Thread 0x000002027031cd30 Exception <a 'sun/nio/fs/WindowsException'{0x0000000096f255f0}> (0x0000000096f255f0) 
thrown [s\src\hotspot\share\prims\jni.cpp, line 516]
Event: 123.386 Thread 0x000002027031cd30 Exception <a 'sun/nio/fs/WindowsException'{0x0000000096f68b18}> (0x0000000096f68b18) 
thrown [s\src\hotspot\share\prims\jni.cpp, line 516]
Event: 123.837 Thread 0x00000202705d6fa0 Implicit null exception at 0x00000202585fdc8b to 0x00000202585fe6b8
Event: 125.862 Thread 0x000002026d863ec0 Implicit null exception at 0x0000020258c5dc23 to 0x0000020258c5df5c
Event: 125.886 Thread 0x000002026d863ec0 Implicit null exception at 0x0000020258c618cd to 0x0000020258c61c4a

VM Operations (20 events):
Event: 127.095 Executing VM operation: G1CollectForAllocation done
Event: 127.606 Executing VM operation: G1CollectForAllocation
Event: 127.611 Executing VM operation: G1CollectForAllocation done
Event: 128.235 Executing VM operation: G1CollectForAllocation
Event: 128.259 Executing VM operation: G1CollectForAllocation done
Event: 128.515 Executing VM operation: G1CollectForAllocation
Event: 128.522 Executing VM operation: G1CollectForAllocation done
Event: 128.640 Executing VM operation: G1CollectForAllocation
Event: 128.647 Executing VM operation: G1CollectForAllocation done
Event: 128.906 Executing VM operation: G1CollectForAllocation
Event: 128.911 Executing VM operation: G1CollectForAllocation done
Event: 129.048 Executing VM operation: G1CollectForAllocation
Event: 129.056 Executing VM operation: G1CollectForAllocation done
Event: 129.246 Executing VM operation: G1CollectForAllocation
Event: 129.253 Executing VM operation: G1CollectForAllocation done
Event: 129.535 Executing VM operation: G1CollectForAllocation
Event: 129.542 Executing VM operation: G1CollectForAllocation done
Event: 129.809 Executing VM operation: G1CollectForAllocation
Event: 129.823 Executing VM operation: G1CollectForAllocation done
Event: 130.126 Executing VM operation: G1PauseRemark

Memory protections (0 events):
No events

Nmethod flushes (20 events):
Event: 112.592 Thread 0x00000202677b9bc0 flushing  nmethod 0x0000020251f45110
Event: 112.592 Thread 0x00000202677b9bc0 flushing  nmethod 0x0000020251f4aa10
Event: 112.592 Thread 0x00000202677b9bc0 flushing  nmethod 0x0000020251f4e610
Event: 112.592 Thread 0x00000202677b9bc0 flushing  nmethod 0x0000020251f4ef90
Event: 112.592 Thread 0x00000202677b9bc0 flushing  nmethod 0x0000020251f50910
Event: 112.592 Thread 0x00000202677b9bc0 flushing  nmethod 0x0000020251f5bc10
Event: 112.592 Thread 0x00000202677b9bc0 flushing  nmethod 0x0000020251f66f10
Event: 112.592 Thread 0x00000202677b9bc0 flushing  nmethod 0x0000020251f74b90
Event: 112.592 Thread 0x00000202677b9bc0 flushing  nmethod 0x0000020251f78810
Event: 112.592 Thread 0x00000202677b9bc0 flushing  nmethod 0x0000020251f79e90
Event: 112.592 Thread 0x00000202677b9bc0 flushing  nmethod 0x0000020251f82210
Event: 112.592 Thread 0x00000202677b9bc0 flushing  nmethod 0x0000020251f84690
Event: 112.593 Thread 0x00000202677b9bc0 flushing  nmethod 0x0000020251f94c10
Event: 112.593 Thread 0x00000202677b9bc0 flushing  nmethod 0x0000020251ffd490
Event: 112.593 Thread 0x00000202677b9bc0 flushing osr nmethod 0x0000020252093d10
Event: 112.593 Thread 0x00000202677b9bc0 flushing  nmethod 0x000002025209ac10
Event: 125.434 Thread 0x00000202677b9bc0 flushing  nmethod 0x00000202503bc890
Event: 125.440 Thread 0x00000202677b9bc0 flushing  nmethod 0x0000020250c5ae90
Event: 125.441 Thread 0x00000202677b9bc0 flushing  nmethod 0x0000020250d49990
Event: 125.448 Thread 0x00000202677b9bc0 flushing  nmethod 0x0000020251702a90

Events (20 events):
Event: 126.772 Thread 0x000002026d863ec0 Thread added: 0x000002026fa4b0c0
Event: 126.772 Thread 0x000002026d863ec0 Thread added: 0x000002026fa4b5d0
Event: 126.785 Thread 0x000002026d863ec0 Thread added: 0x000002026fa4bff0
Event: 126.786 Thread 0x000002026d863ec0 Thread added: 0x000002026fa4c500
Event: 126.786 Thread 0x000002026d863ec0 Thread added: 0x000002026fa4ca10
Event: 126.786 Thread 0x000002026d863ec0 Thread added: 0x0000020270d89900
Event: 126.787 Thread 0x000002026d863ec0 Thread added: 0x0000020270d884c0
Event: 126.787 Thread 0x000002026d863ec0 Thread added: 0x0000020270d893f0
Event: 126.793 Thread 0x000002026d863ec0 Thread added: 0x0000020270d89e10
Event: 126.795 Thread 0x000002026d863ec0 Thread added: 0x0000020270d8a320
Event: 127.743 Thread 0x000002027138a040 Thread exited: 0x000002027138a040
Event: 127.756 Thread 0x000002026d863ec0 Thread added: 0x0000020270d8a830
Event: 127.776 Thread 0x000002026d863ec0 Thread added: 0x0000020270d8ad40
Event: 127.777 Thread 0x000002026d863ec0 Thread added: 0x0000020270d8b250
Event: 127.777 Thread 0x000002026d863ec0 Thread added: 0x0000020270d8b760
Event: 127.777 Thread 0x000002026d863ec0 Thread added: 0x0000020270d87fb0
Event: 127.777 Thread 0x000002026d863ec0 Thread added: 0x0000020270d889d0
Event: 127.777 Thread 0x000002026d863ec0 Thread added: 0x0000020270d8dad0
Event: 127.778 Thread 0x000002026d863ec0 Thread added: 0x0000020270d8c690
Event: 128.959 Thread 0x00000202677b96a0 Thread added: 0x000002027138a040


Dynamic libraries:
0x00007ff787770000 - 0x00007ff78777e000 	C:\Program Files\Microsoft\jdk-17.0.18.8-hotspot\bin\java.exe
0x00007fffb5000000 - 0x00007fffb5267000 	C:\Windows\SYSTEM32\ntdll.dll
0x00007fffb3f80000 - 0x00007fffb4049000 	C:\Windows\System32\KERNEL32.DLL
0x00007fffb1a30000 - 0x00007fffb1e27000 	C:\Windows\System32\KERNELBASE.dll
0x00007fffb2180000 - 0x00007fffb22cb000 	C:\Windows\System32\ucrtbase.dll
0x00007fff86430000 - 0x00007fff8644e000 	C:\Program Files\Microsoft\jdk-17.0.18.8-hotspot\bin\VCRUNTIME140.dll
0x00007fff86230000 - 0x00007fff86248000 	C:\Program Files\Microsoft\jdk-17.0.18.8-hotspot\bin\jli.dll
0x00007fffb3d00000 - 0x00007fffb3ec6000 	C:\Windows\System32\USER32.dll
0x00007fffb22d0000 - 0x00007fffb22f7000 	C:\Windows\System32\win32u.dll
0x00007fffb3b40000 - 0x00007fffb3b6b000 	C:\Windows\System32\GDI32.dll
0x00007fff91260000 - 0x00007fff914f2000 	C:\Windows\WinSxS\amd64_microsoft.windows.common-controls_6595b64144ccf1df_6.0.26100.8457_none_3e0b2faee331e92d\COMCTL32.dll
0x00007fffb2050000 - 0x00007fffb217c000 	C:\Windows\System32\gdi32full.dll
0x00007fffb3030000 - 0x00007fffb30d9000 	C:\Windows\System32\msvcrt.dll
0x00007fffb1e30000 - 0x00007fffb1ed3000 	C:\Windows\System32\msvcp_win.dll
0x00007fffb2d90000 - 0x00007fffb2dc2000 	C:\Windows\System32\IMM32.DLL
0x00007fffaa0e0000 - 0x00007fffaa0ec000 	C:\Program Files\Microsoft\jdk-17.0.18.8-hotspot\bin\vcruntime140_1.dll
0x00007fff51150000 - 0x00007fff511d9000 	C:\Program Files\Microsoft\jdk-17.0.18.8-hotspot\bin\msvcp140.dll
0x00007ffef55e0000 - 0x00007ffef625a000 	C:\Program Files\Microsoft\jdk-17.0.18.8-hotspot\bin\server\jvm.dll
0x00007fffb2e20000 - 0x00007fffb2ed6000 	C:\Windows\System32\ADVAPI32.dll
0x00007fffb3ed0000 - 0x00007fffb3f77000 	C:\Windows\System32\sechost.dll
0x00007fffb4850000 - 0x00007fffb4968000 	C:\Windows\System32\RPCRT4.dll
0x00007fffb2ee0000 - 0x00007fffb2f60000 	C:\Windows\System32\WS2_32.dll
0x00007fffa69e0000 - 0x00007fffa6a16000 	C:\Windows\SYSTEM32\WINMM.dll
0x00007fffb1890000 - 0x00007fffb18ee000 	C:\Windows\SYSTEM32\POWRPROF.dll
0x00007fff9ab90000 - 0x00007fff9ab9b000 	C:\Windows\SYSTEM32\VERSION.dll
0x00007fffb1870000 - 0x00007fffb1884000 	C:\Windows\SYSTEM32\UMPDC.dll
0x00007fffb07c0000 - 0x00007fffb07db000 	C:\Windows\SYSTEM32\kernel.appcore.dll
0x00007fff890c0000 - 0x00007fff890ca000 	C:\Program Files\Microsoft\jdk-17.0.18.8-hotspot\bin\jimage.dll
0x00007fffaf830000 - 0x00007fffafa72000 	C:\Windows\SYSTEM32\DBGHELP.DLL
0x00007fffb4050000 - 0x00007fffb43d3000 	C:\Windows\System32\combase.dll
0x00007fffb3bb0000 - 0x00007fffb3c89000 	C:\Windows\System32\OLEAUT32.dll
0x00007fff94640000 - 0x00007fff9467b000 	C:\Windows\SYSTEM32\dbgcore.DLL
0x00007fffb1fa0000 - 0x00007fffb2048000 	C:\Windows\System32\bcryptPrimitives.dll
0x00007fffaa100000 - 0x00007fffaa10f000 	C:\Program Files\Microsoft\jdk-17.0.18.8-hotspot\bin\instrument.dll
0x00007fff6e710000 - 0x00007fff6e736000 	C:\Program Files\Microsoft\jdk-17.0.18.8-hotspot\bin\java.dll
0x00007fff00d20000 - 0x00007fff00df6000 	C:\Program Files\Microsoft\jdk-17.0.18.8-hotspot\bin\jsvml.dll
0x00007fffb30e0000 - 0x00007fffb384e000 	C:\Windows\System32\SHELL32.dll
0x00007fffb2300000 - 0x00007fffb2b6c000 	C:\Windows\System32\windows.storage.dll
0x00007fffb3a40000 - 0x00007fffb3b36000 	C:\Windows\System32\SHCORE.dll
0x00007fffb3c90000 - 0x00007fffb3cf6000 	C:\Windows\System32\shlwapi.dll
0x00007fffb1950000 - 0x00007fffb1979000 	C:\Windows\SYSTEM32\profapi.dll
0x00007fff861a0000 - 0x00007fff861b8000 	C:\Program Files\Microsoft\jdk-17.0.18.8-hotspot\bin\zip.dll
0x00007fff806f0000 - 0x00007fff8070b000 	C:\Program Files\Microsoft\jdk-17.0.18.8-hotspot\bin\net.dll
0x00007fffa1480000 - 0x00007fffa15a9000 	C:\Windows\SYSTEM32\WINHTTP.dll
0x00007fffb0d30000 - 0x00007fffb0d9c000 	C:\Windows\system32\mswsock.dll
0x00007fff805e0000 - 0x00007fff805f6000 	C:\Program Files\Microsoft\jdk-17.0.18.8-hotspot\bin\nio.dll
0x00007fff85cb0000 - 0x00007fff85cc0000 	C:\Program Files\Microsoft\jdk-17.0.18.8-hotspot\bin\verify.dll
0x00007fff6fe60000 - 0x00007fff6fe87000 	C:\Users\megda\.gradle\native\1def1411415f61bf3af743bc5b6707747c0891f09f0c88961ee8f79bc544acac\windows-amd64\native-platform.dll
0x00007fff48960000 - 0x00007fff489d8000 	C:\Users\megda\.gradle\native\0.2.7\x86_64-windows-gnu\gradle-fileevents.dll
0x00007fff834b0000 - 0x00007fff834ba000 	C:\Program Files\Microsoft\jdk-17.0.18.8-hotspot\bin\management.dll
0x00007fff7fe10000 - 0x00007fff7fe1c000 	C:\Program Files\Microsoft\jdk-17.0.18.8-hotspot\bin\management_ext.dll
0x00007fffb2d80000 - 0x00007fffb2d88000 	C:\Windows\System32\PSAPI.DLL
0x00007fffb0260000 - 0x00007fffb0292000 	C:\Windows\SYSTEM32\IPHLPAPI.DLL
0x00007fffb4980000 - 0x00007fffb498a000 	C:\Windows\System32\NSI.dll
0x00007fffa6110000 - 0x00007fffa612d000 	C:\Windows\SYSTEM32\dhcpcsvc6.DLL
0x00007fffa6150000 - 0x00007fffa6175000 	C:\Windows\SYSTEM32\dhcpcsvc.DLL
0x00007fffb0340000 - 0x00007fffb0472000 	C:\Windows\SYSTEM32\DNSAPI.dll
0x00007fff7fda0000 - 0x00007fff7fda9000 	C:\Program Files\Microsoft\jdk-17.0.18.8-hotspot\bin\extnet.dll
0x00007fffb1010000 - 0x00007fffb102b000 	C:\Windows\SYSTEM32\CRYPTSP.dll
0x00007fffb0720000 - 0x00007fffb0759000 	C:\Windows\system32\rsaenh.dll
0x00007fffb0de0000 - 0x00007fffb0e13000 	C:\Windows\SYSTEM32\USERENV.dll
0x00007fffb1920000 - 0x00007fffb194a000 	C:\Windows\SYSTEM32\bcrypt.dll
0x00007fffb1030000 - 0x00007fffb103c000 	C:\Windows\SYSTEM32\CRYPTBASE.dll
0x00007fffa1260000 - 0x00007fffa126e000 	C:\Program Files\Microsoft\jdk-17.0.18.8-hotspot\bin\sunmscapi.dll
0x00007fffb2b70000 - 0x00007fffb2ce8000 	C:\Windows\System32\CRYPT32.dll
0x00007fffb1230000 - 0x00007fffb1260000 	C:\Windows\SYSTEM32\ncrypt.dll
0x00007fffb11e0000 - 0x00007fffb121f000 	C:\Windows\SYSTEM32\NTASN1.dll
0x00007fff99ad0000 - 0x00007fff99ad8000 	C:\Windows\system32\wshunix.dll
0x00007fff802f0000 - 0x00007fff80308000 	C:\Windows\system32\napinsp.dll
0x00007fff802d0000 - 0x00007fff802e3000 	C:\Windows\System32\winrnr.dll
0x00007fff7de40000 - 0x00007fff7de62000 	C:\Windows\system32\nlansp_c.dll
0x00007fffa0550000 - 0x00007fffa0566000 	C:\Windows\system32\wshbth.dll
0x00007fffa21d0000 - 0x00007fffa21db000 	C:\Windows\System32\rasadhlp.dll
0x00007fffa67e0000 - 0x00007fffa6866000 	C:\Windows\System32\fwpuclnt.dll
0x00007fff7fb30000 - 0x00007fff7fb37000 	C:\Program Files\Microsoft\jdk-17.0.18.8-hotspot\bin\rmi.dll

dbghelp: loaded successfully - version: 4.0.5 - missing functions: none
symbol engine: initialized successfully - sym options: 0x614 - pdb path: .;C:\Program Files\Microsoft\jdk-17.0.18.8-hotspot\bin;C:\Windows\SYSTEM32;C:\Windows\WinSxS\amd64_microsoft.windows.common-controls_6595b64144ccf1df_6.0.26100.8457_none_3e0b2faee331e92d;C:\Program Files\Microsoft\jdk-17.0.18.8-hotspot\bin\server;C:\Users\megda\.gradle\native\1def1411415f61bf3af743bc5b6707747c0891f09f0c88961ee8f79bc544acac\windows-amd64;C:\Users\megda\.gradle\native\0.2.7\x86_64-windows-gnu

VM Arguments:
jvm_args: --add-opens=java.base/java.lang=ALL-UNNAMED --add-opens=java.base/java.lang.invoke=ALL-UNNAMED --add-opens=java.base/java.util=ALL-UNNAMED --add-opens=java.prefs/java.util.prefs=ALL-UNNAMED --add-exports=jdk.compiler/com.sun.tools.javac.api=ALL-UNNAMED --add-exports=jdk.compiler/com.sun.tools.javac.util=ALL-UNNAMED --add-opens=java.base/java.util=ALL-UNNAMED --add-opens=java.prefs/java.util.prefs=ALL-UNNAMED --add-opens=java.base/java.nio.charset=ALL-UNNAMED --add-opens=java.base/java.net=ALL-UNNAMED --add-opens=java.base/java.util.concurrent.atomic=ALL-UNNAMED --add-opens=java.xml/javax.xml.namespace=ALL-UNNAMED -XX:MaxMetaspaceSize=1G -XX:+HeapDumpOnOutOfMemoryError -Xmx2G -Dfile.encoding=UTF-8 -Duser.country=US -Duser.language=en -Duser.variant -javaagent:C:\Users\megda\.gradle\wrapper\dists\gradle-8.14-all\c2qonpi39x1mddn7hk5gh9iqj\gradle-8.14\lib\agents\gradle-instrumentation-agent-8.14.jar 
java_command: org.gradle.launcher.daemon.bootstrap.GradleDaemon 8.14
java_class_path (initial): C:\Users\megda\.gradle\wrapper\dists\gradle-8.14-all\c2qonpi39x1mddn7hk5gh9iqj\gradle-8.14\lib\gradle-daemon-main-8.14.jar
Launcher Type: SUN_STANDARD

[Global flags]
     intx CICompilerCount                          = 4                                         {product} {ergonomic}
   size_t CompressedClassSpaceSize                 = 872415232                                 {product} {ergonomic}
     uint ConcGCThreads                            = 3                                         {product} {ergonomic}
     uint G1ConcRefinementThreads                  = 10                                        {product} {ergonomic}
   size_t G1HeapRegionSize                         = 1048576                                   {product} {ergonomic}
    uintx GCDrainStackTargetSize                   = 64                                        {product} {ergonomic}
     bool HeapDumpOnOutOfMemoryError               = true                                   {manageable} {command line}
   size_t InitialHeapSize                          = 130023424                                 {product} {ergonomic}
   size_t MarkStackSize                            = 4194304                                   {product} {ergonomic}
   size_t MaxHeapSize                              = 2147483648                                {product} {command line}
   size_t MaxMetaspaceSize                         = 1073741824                                {product} {command line}
   size_t MaxNewSize                               = 1287651328                                {product} {ergonomic}
   size_t MinHeapDeltaBytes                        = 1048576                                   {product} {ergonomic}
   size_t MinHeapSize                              = 8388608                                   {product} {ergonomic}
    uintx NonNMethodCodeHeapSize                   = 5839372                                {pd product} {ergonomic}
    uintx NonProfiledCodeHeapSize                  = 122909434                              {pd product} {ergonomic}
    uintx ProfiledCodeHeapSize                     = 122909434                              {pd product} {ergonomic}
    uintx ReservedCodeCacheSize                    = 251658240                              {pd product} {ergonomic}
     bool SegmentedCodeCache                       = true                                      {product} {ergonomic}
   size_t SoftMaxHeapSize                          = 2147483648                             {manageable} {ergonomic}
     bool UseCompressedClassPointers               = true                           {product lp64_product} {ergonomic}
     bool UseCompressedOops                        = true                           {product lp64_product} {ergonomic}
     bool UseG1GC                                  = true                                      {product} {ergonomic}
     bool UseLargePagesIndividualAllocation        = false                                  {pd product} {ergonomic}

Logging:
Log output configuration:
 #0: stdout all=warning uptime,level,tags
 #1: stderr all=off uptime,level,tags

Environment Variables:
JAVA_HOME=C:\Program Files\Microsoft\jdk-17.0.18.8-hotspot\
PATH=C:\flutter\bin\cache\dart-sdk;C:\flutter\bin\dart.bat;C:\Program Files\Microsoft\jdk-17.0.18.8-hotspot\bin;C:\Windows\System32\HWAudioDriver;C:\Windows\system32;C:\Windows;C:\Windows\System32\Wbem;C:\Windows\System32\WindowsPowerShell\v1.0\;C:\Windows\System32\OpenSSH\;C:\Users\Administrator\AppData\Local\Microsoft\WindowsApps;C:\Program Files\Git\cmd;C:\Program Files\Docker\Docker\resources\bin;C:\Program Files\nodejs\;D:\flutter\bin;C:\flutter\bin;C:\Users\megda\AppData\Local\Android\Sdk\platform-tools;C:\Users\megda\AppData\Local\Android\Sdk\cmdline-tools\latest\bin;C:\Users\megda\AppData\Local\Android\Sdk\cmdline-tools;D:\android_sdk;C:\Users\megda\AppData\Local\Programs\Ollama;C:\flutter\bin\cache\dart-sdk;C:\flutter\bin\dart.bat;C:\Program Files\Microsoft\jdk-17.0.18.8-hotspot\bin;C:\Windows\System32\HWAudioDriver;C:\Windows\system32;C:\Windows;C:\Windows\System32\Wbem;C:\Windows\System32\WindowsPowerShell\v1.0\;C:\Windows\System32\OpenSSH\;C:\Users\Administrator\AppData\Local\Microsoft\WindowsApps;C:\Program Files\Git\cmd;C:\Program Files\Docker\Docker\resources\bin;C:\Program Files\nodejs\;D:\flutter\bin;C:\flutter\bin;C:\Users\megda\AppData\Local\Android\Sdk\platform-tools;C:\Users\megda\AppData\Local\Android\Sdk\cmdline-tools\latest\bin;C:\Users\megda\AppData\Local\Android\Sdk\cmdline-tools;D:\android_sdk;C:\flutter\bin\cache\dart-sdk;C:\flutter\bin\dart.bat;C:\Program Files\Microsoft\jdk-17.0.18.8-hotspot\bin;C:\Windows\System32\HWAudioDriver;C:\Windows\system32;C:\Windows;C:\Windows\System32\Wbem;C:\Windows\System32\WindowsPowerShell\v1.0\;C:\Windows\System32\OpenSSH\;C:\Users\Administrator\AppData\Local\Microsoft\WindowsApps;C:\Program Files\Git\cmd;C:\Program Files\Docker\Docker\resources\bin;C:\Program Files\nodejs\;D:\flutter\bin;C:\flutter\bin;C:\Users\megda\AppData\Local\Android\Sdk\platform-tools;C:\Users\megda\AppData\Local\Android\Sdk\cmdline-tools\latest\bin;C:\Users\megda\AppData\Local\Android\Sdk\cmdline-tools;D:\android_sdk;C:\Users\megda\.local\bin\claude.exe;C:\flutter\bin\cache\dart-sdk;C:\flutter\bin\dart.bat;C:\Program Files\Microsoft\jdk-17.0.18.8-hotspot\bin;C:\Windows\System32\HWAudioDriver;C:\Windows\system32;C:\Windows;C:\Windows\System32\Wbem;C:\Windows\System32\WindowsPowerShell\v1.0\;C:\Windows\System32\OpenSSH\;C:\Users\Administrator\AppData\Local\Microsoft\WindowsApps;C:\Program F;C:\Users\megda\.local\bin;C:\Users\megda\AppData\Local\Programs\Antigravity\bin;C:\Users\megda\AppData\Local\Programs\Microsoft VS Code\bin;C:\Users\megda\AppData\Local\PowerToys\DSCModules\;C:\Users\megda\AppData\Local\Programs\Antigravity IDE\bin
USERNAME=megda
OS=Windows_NT
PROCESSOR_IDENTIFIER=Intel64 Family 6 Model 154 Stepping 3, GenuineIntel
TMP=C:\Users\megda\AppData\Local\Temp
TEMP=C:\Users\megda\AppData\Local\Temp



Periodic native trim disabled


---------------  S Y S T E M  ---------------

OS:
 Windows 11 , 64 bit Build 26100 (10.0.26100.8328)
OS uptime: 0 days 12:01 hours
Hyper-V role detected

CPU: total 12 (initial active 12) (6 cores per cpu, 2 threads per core) family 6 model 154 stepping 3 microcode 0x426, cx8, cmov, fxsr, ht, mmx, 3dnowpref, sse, sse2, sse3, ssse3, sse4.1, sse4.2, popcnt, lzcnt, tsc, tscinvbit, avx, avx2, aes, erms, clmul, bmi1, bmi2, adx, sha, fma, vzeroupper, clflush, clflushopt, clwb, hv
Processor Information for processor 0
  Max Mhz: 2000, Current Mhz: 2000, Mhz Limit: 2000
Processor Information for processor 1
  Max Mhz: 2000, Current Mhz: 2000, Mhz Limit: 2000
Processor Information for processor 2
  Max Mhz: 2000, Current Mhz: 2000, Mhz Limit: 2000
Processor Information for processor 3
  Max Mhz: 2000, Current Mhz: 2000, Mhz Limit: 2000
Processor Information for processor 4
  Max Mhz: 2000, Current Mhz: 2000, Mhz Limit: 2000
Processor Information for processor 5
  Max Mhz: 2000, Current Mhz: 2000, Mhz Limit: 2000
Processor Information for processor 6
  Max Mhz: 2000, Current Mhz: 2000, Mhz Limit: 2000
Processor Information for processor 7
  Max Mhz: 2000, Current Mhz: 2000, Mhz Limit: 2000
Processor Information for processor 8
  Max Mhz: 2000, Current Mhz: 2000, Mhz Limit: 2000
Processor Information for processor 9
  Max Mhz: 2000, Current Mhz: 1466, Mhz Limit: 2000
Processor Information for processor 10
  Max Mhz: 2000, Current Mhz: 1466, Mhz Limit: 2000
Processor Information for processor 11
  Max Mhz: 2000, Current Mhz: 1466, Mhz Limit: 2000

Memory: 4k page, system-wide physical 7916M (507M free)
TotalPageFile size 32492M (AvailPageFile size 100M)
current process WorkingSet (physical memory assigned to process): 488M, peak: 613M
current process commit charge ("private bytes"): 802M, peak: 987M

vm_info: OpenJDK 64-Bit Server VM (17.0.18+8-LTS) for windows-amd64 JRE (17.0.18+8-LTS), built on Jan 15 2026 18:50:45 by "MicrosoftCorporation" with MS VC++ 17.14 (VS2022)

END.
