#
# There is insufficient memory for the Java Runtime Environment to continue.
# Native memory allocation (malloc) failed to allocate 1179616 bytes. Error detail: Chunk::new
# Possible reasons:
#   The system is out of physical RAM or swap space
#   This process is running with CompressedOops enabled, and the Java Heap may be blocking the growth of the native heap
# Possible solutions:
#   Reduce memory load on the system
#   Increase physical memory or swap space
#   Check if swap backing store is full
#   Decrease Java heap size (-Xmx/-Xms)
#   Decrease number of Java threads
#   Decrease Java thread stack sizes (-Xss)
#   Set larger code cache with -XX:ReservedCodeCacheSize=
#   JVM is running with Unscaled Compressed Oops mode in which the Java heap is
#     placed in the first 4GB address space. The Java Heap base address is the
#     maximum limit for the native heap growth. Please use -XX:HeapBaseMinAddress
#     to set the Java Heap base and to place the Java Heap above 4GB virtual address.
# This output file may be truncated or incomplete.
#
#  Out of Memory Error (arena.cpp:168), pid=25836, tid=21860
#
# JRE version: OpenJDK Runtime Environment Temurin-21.0.10+7 (21.0.10+7) (build 21.0.10+7-LTS)
# Java VM: OpenJDK 64-Bit Server VM Temurin-21.0.10+7 (21.0.10+7-LTS, mixed mode, sharing, tiered, compressed oops, compressed class ptrs, g1 gc, windows-amd64)
# No core dump will be written. Minidumps are not enabled by default on client versions of Windows
#

---------------  S U M M A R Y ------------

Command Line: --add-opens=java.base/java.lang=ALL-UNNAMED --add-opens=java.base/java.lang.invoke=ALL-UNNAMED --add-opens=java.base/java.util=ALL-UNNAMED --add-opens=java.prefs/java.util.prefs=ALL-UNNAMED --add-exports=jdk.compiler/com.sun.tools.javac.api=ALL-UNNAMED --add-exports=jdk.compiler/com.sun.tools.javac.util=ALL-UNNAMED --add-opens=java.base/java.util=ALL-UNNAMED --add-opens=java.prefs/java.util.prefs=ALL-UNNAMED --add-opens=java.base/java.nio.charset=ALL-UNNAMED --add-opens=java.base/java.net=ALL-UNNAMED --add-opens=java.base/java.util.concurrent.atomic=ALL-UNNAMED --add-opens=java.xml/javax.xml.namespace=ALL-UNNAMED -XX:MaxMetaspaceSize=1G -XX:+HeapDumpOnOutOfMemoryError -Xmx2G -Dfile.encoding=UTF-8 -Duser.country=US -Duser.language=en -Duser.variant -javaagent:C:\Users\megda\.gradle\wrapper\dists\gradle-8.14-all\c2qonpi39x1mddn7hk5gh9iqj\gradle-8.14\lib\agents\gradle-instrumentation-agent-8.14.jar org.gradle.launcher.daemon.bootstrap.GradleDaemon 8.14

Host: 12th Gen Intel(R) Core(TM) i5-12450H, 12 cores, 7G,  Windows 11 , 64 bit Build 26100 (10.0.26100.8328)
Time: Mon May 25 12:11:14 2026 Arab Standard Time elapsed time: 7686.058240 seconds (0d 2h 8m 6s)

---------------  T H R E A D  ---------------

Current thread (0x000002836da7fa90):  JavaThread "C2 CompilerThread0" daemon [_thread_in_native, id=21860, stack(0x000000a64c900000,0x000000a64ca00000) (1024K)]


Current CompileTask:
C2:7686058 23489   !   4       java.util.concurrent.ConcurrentHashMap::compute (654 bytes)

Stack: [0x000000a64c900000,0x000000a64ca00000]
Native frames: (J=compiled Java code, j=interpreted, Vv=VM code, C=native code)
V  [jvm.dll+0x6d7a39]
V  [jvm.dll+0x8b4b26]
V  [jvm.dll+0x8b70de]
V  [jvm.dll+0x8b77c3]
V  [jvm.dll+0x284346]
V  [jvm.dll+0xc66ed]
V  [jvm.dll+0xc6c31]
V  [jvm.dll+0x2fb29e]
V  [jvm.dll+0x5fe884]
V  [jvm.dll+0x255b17]
V  [jvm.dll+0x24e12a]
V  [jvm.dll+0x24ba42]
V  [jvm.dll+0x1cb34e]
V  [jvm.dll+0x25b85d]
V  [jvm.dll+0x259dea]
V  [jvm.dll+0x3f857e]
V  [jvm.dll+0x85f59d]
V  [jvm.dll+0x6d626d]
C  [ucrtbase.dll+0x37b0]
C  [KERNEL32.DLL+0x2e957]
C  [ntdll.dll+0x427c]


---------------  P R O C E S S  ---------------

Threads class SMR info:
_java_thread_list=0x0000028375b71250, length=76, elements={
0x0000028355fa2860, 0x000002836da6b3b0, 0x000002836da6be10, 0x000002836da6eef0,
0x000002836da6fbb0, 0x000002836da7aac0, 0x000002836da7c8e0, 0x000002836da7fa90,
0x000002836da8b290, 0x000002836ddf8ba0, 0x000002836ddacae0, 0x000002837258c470,
0x00000283735c7ce0, 0x00000283737ccf30, 0x000002837370de70, 0x000002837370b710,
0x000002837370c430, 0x000002837370e500, 0x000002837370b080, 0x00000283737112f0,
0x0000028373710c60, 0x000002837370ff40, 0x00000283723531c0, 0x0000028375327990,
0x0000028375325230, 0x000002837691b6e0, 0x000002837691bd70, 0x000002837930a560,
0x0000028376917540, 0x0000028376914750, 0x0000028374470a70, 0x00000283744724b0,
0x0000028374473860, 0x000002837ec74ef0, 0x000002837ec713e0, 0x000002837234dc70,
0x000002837234c8c0, 0x000002837feaf060, 0x000002837feb24e0, 0x000002837ec74860,
0x000002837930abf0, 0x000002837e0aad10, 0x000002837e0ab3a0, 0x000002837e0a9ff0,
0x000002837e0ac0c0, 0x000002837e0acde0, 0x000002837e0aa680, 0x000002837e0ac750,
0x000002837e0ad470, 0x000002837e0aba30, 0x000002837e0ae820, 0x000002837e0af540,
0x000002837e0afbd0, 0x000002837e0ae190, 0x000002837e0b0f80, 0x000002837e0b0260,
0x000002837e0aeeb0, 0x000002837e0adb00, 0x000002837e0b29c0, 0x000002837e0b08f0,
0x000002837e0b4a90, 0x000002837e0b3d70, 0x000002837e0b4400, 0x000002837e0b3050,
0x000002837e0b36e0, 0x000002837e0b1610, 0x000002837e0b5120, 0x000002837e0b1ca0,
0x000002837e0b7f10, 0x000002837e0b7880, 0x000002837e0b64d0, 0x000002837e0b6b60,
0x000002837e0b71f0, 0x000002837e0b85a0, 0x000002837e0b57b0, 0x000002837e0b92c0
}

Java Threads: ( => current thread )
  0x0000028355fa2860 JavaThread "main"                              [_thread_blocked, id=25848, stack(0x000000a64bb00000,0x000000a64bc00000) (1024K)]
  0x000002836da6b3b0 JavaThread "Reference Handler"          daemon [_thread_blocked, id=21568, stack(0x000000a64c300000,0x000000a64c400000) (1024K)]
  0x000002836da6be10 JavaThread "Finalizer"                  daemon [_thread_blocked, id=21008, stack(0x000000a64c400000,0x000000a64c500000) (1024K)]
  0x000002836da6eef0 JavaThread "Signal Dispatcher"          daemon [_thread_blocked, id=25820, stack(0x000000a64c500000,0x000000a64c600000) (1024K)]
  0x000002836da6fbb0 JavaThread "Attach Listener"            daemon [_thread_blocked, id=24904, stack(0x000000a64c600000,0x000000a64c700000) (1024K)]
  0x000002836da7aac0 JavaThread "Service Thread"             daemon [_thread_blocked, id=25712, stack(0x000000a64c700000,0x000000a64c800000) (1024K)]
  0x000002836da7c8e0 JavaThread "Monitor Deflation Thread"   daemon [_thread_blocked, id=10420, stack(0x000000a64c800000,0x000000a64c900000) (1024K)]
=>0x000002836da7fa90 JavaThread "C2 CompilerThread0"         daemon [_thread_in_native, id=21860, stack(0x000000a64c900000,0x000000a64ca00000) (1024K)]
  0x000002836da8b290 JavaThread "C1 CompilerThread0"         daemon [_thread_blocked, id=26120, stack(0x000000a64ca00000,0x000000a64cb00000) (1024K)]
  0x000002836ddf8ba0 JavaThread "Common-Cleaner"             daemon [_thread_blocked, id=26452, stack(0x000000a64cb00000,0x000000a64cc00000) (1024K)]
  0x000002836ddacae0 JavaThread "Notification Thread"        daemon [_thread_blocked, id=22412, stack(0x000000a64cc00000,0x000000a64cd00000) (1024K)]
  0x000002837258c470 JavaThread "Daemon health stats"               [_thread_blocked, id=22876, stack(0x000000a64d300000,0x000000a64d400000) (1024K)]
  0x00000283735c7ce0 JavaThread "Incoming local TCP Connector on port 10866"        [_thread_in_native, id=22696, stack(0x000000a64d400000,0x000000a64d500000) (1024K)]
  0x00000283737ccf30 JavaThread "Daemon periodic checks"            [_thread_blocked, id=25420, stack(0x000000a64d500000,0x000000a64d600000) (1024K)]
  0x000002837370de70 JavaThread "Cache worker for journal cache (C:\Users\megda\.gradle\caches\journal-1)"        [_thread_blocked, id=17484, stack(0x000000a64dd00000,0x000000a64de00000) (1024K)]
  0x000002837370b710 JavaThread "File lock request listener"        [_thread_in_native, id=2212, stack(0x000000a64de00000,0x000000a64df00000) (1024K)]
  0x000002837370c430 JavaThread "Cache worker for file hash cache (C:\Users\megda\.gradle\caches\8.14\fileHashes)"        [_thread_blocked, id=8888, stack(0x000000a64df00000,0x000000a64e000000) (1024K)]
  0x000002837370e500 JavaThread "File watcher server"        daemon [_thread_in_native, id=25156, stack(0x000000a64e900000,0x000000a64ea00000) (1024K)]
  0x000002837370b080 JavaThread "File watcher consumer"      daemon [_thread_blocked, id=14568, stack(0x000000a64ea00000,0x000000a64eb00000) (1024K)]
  0x00000283737112f0 JavaThread "jar transforms"                    [_thread_blocked, id=16316, stack(0x000000a64eb00000,0x000000a64ec00000) (1024K)]
  0x0000028373710c60 JavaThread "jar transforms Thread 2"           [_thread_blocked, id=20048, stack(0x000000a64ec00000,0x000000a64ed00000) (1024K)]
  0x000002837370ff40 JavaThread "Cache worker for file content cache (C:\Users\megda\.gradle\caches\8.14\fileContent)"        [_thread_blocked, id=22628, stack(0x000000a64ee00000,0x000000a64ef00000) (1024K)]
  0x00000283723531c0 JavaThread "Memory manager"                    [_thread_blocked, id=21452, stack(0x000000a651200000,0x000000a651300000) (1024K)]
  0x0000028375327990 JavaThread "RMI Scheduler(0)"           daemon [_thread_blocked, id=8648, stack(0x000000a654300000,0x000000a654400000) (1024K)]
  0x0000028375325230 JavaThread "RMI TCP Accept-0"           daemon [_thread_in_native, id=11328, stack(0x000000a654700000,0x000000a654800000) (1024K)]
  0x000002837691b6e0 JavaThread "jar transforms Thread 3"           [_thread_blocked, id=24800, stack(0x000000a656c00000,0x000000a656d00000) (1024K)]
  0x000002837691bd70 JavaThread "jar transforms Thread 4"           [_thread_blocked, id=13124, stack(0x000000a656e00000,0x000000a656f00000) (1024K)]
  0x000002837930a560 JavaThread "jar transforms Thread 5"           [_thread_blocked, id=23892, stack(0x000000a657100000,0x000000a657200000) (1024K)]
  0x0000028376917540 JavaThread "jar transforms Thread 6"           [_thread_blocked, id=25188, stack(0x000000a64b900000,0x000000a64ba00000) (1024K)]
  0x0000028376914750 JavaThread "jar transforms Thread 7"           [_thread_blocked, id=26304, stack(0x000000a658300000,0x000000a658400000) (1024K)]
  0x0000028374470a70 JavaThread "jar transforms Thread 8"           [_thread_blocked, id=26040, stack(0x000000a64ba00000,0x000000a64bb00000) (1024K)]
  0x00000283744724b0 JavaThread "jar transforms Thread 9"           [_thread_blocked, id=24300, stack(0x000000a658500000,0x000000a658600000) (1024K)]
  0x0000028374473860 JavaThread "jar transforms Thread 10"          [_thread_blocked, id=3296, stack(0x000000a658400000,0x000000a658500000) (1024K)]
  0x000002837ec74ef0 JavaThread "jar transforms Thread 11"          [_thread_blocked, id=22340, stack(0x000000a658600000,0x000000a658700000) (1024K)]
  0x000002837ec713e0 JavaThread "jar transforms Thread 12"          [_thread_blocked, id=24956, stack(0x000000a651300000,0x000000a651400000) (1024K)]
  0x000002837234dc70 JavaThread "RMI GC Daemon"              daemon [_thread_blocked, id=26492, stack(0x000000a652f00000,0x000000a653000000) (1024K)]
  0x000002837234c8c0 JavaThread "RMI Reaper"                        [_thread_blocked, id=19808, stack(0x000000a653000000,0x000000a653100000) (1024K)]
  0x000002837feaf060 JavaThread "Daemon Thread 3"                   [_thread_blocked, id=24724, stack(0x000000a64b800000,0x000000a64b900000) (1024K)]
  0x000002837feb24e0 JavaThread "Daemon worker Thread 3"            [_thread_in_Java, id=17952, stack(0x000000a64d700000,0x000000a64d800000) (1024K)]
  0x000002837ec74860 JavaThread "included builds"                   [_thread_blocked, id=26352, stack(0x000000a650600000,0x000000a650700000) (1024K)]
  0x000002837930abf0 JavaThread "RMI TCP Connection(idle)"   daemon [_thread_blocked, id=12316, stack(0x000000a653100000,0x000000a653200000) (1024K)]
  0x000002837e0aad10 JavaThread "VFS cleanup Thread 3"              [_thread_blocked, id=25432, stack(0x000000a64d800000,0x000000a64d900000) (1024K)]
  0x000002837e0ab3a0 JavaThread "File lock release action executor Thread 3"        [_thread_blocked, id=24528, stack(0x000000a64cd00000,0x000000a64ce00000) (1024K)]
  0x000002837e0a9ff0 JavaThread "Handler for socket connection from /127.0.0.1:10866 to /127.0.0.1:4288"        [_thread_in_native, id=25244, stack(0x000000a64d600000,0x000000a64d700000) (1024K)]
  0x000002837e0ac0c0 JavaThread "Cancel handler"                    [_thread_blocked, id=22208, stack(0x000000a64d900000,0x000000a64da00000) (1024K)]
  0x000002837e0acde0 JavaThread "Asynchronous log dispatcher for DefaultDaemonConnection: socket connection from /127.0.0.1:10866 to /127.0.0.1:4288"        [_thread_blocked, id=3100, stack(0x000000a64da00000,0x000000a64db00000) (1024K)]
  0x000002837e0aa680 JavaThread "Stdin handler"                     [_thread_blocked, id=24988, stack(0x000000a64db00000,0x000000a64dc00000) (1024K)]
  0x000002837e0ac750 JavaThread "Daemon client event forwarder"        [_thread_blocked, id=20888, stack(0x000000a64dc00000,0x000000a64dd00000) (1024K)]
  0x000002837e0ad470 JavaThread "Cache worker for file hash cache (C:\Users\megda\Telemedicine101\Telemedicine101\android\.gradle\8.14\fileHashes)"        [_thread_blocked, id=12532, stack(0x000000a64e000000,0x000000a64e100000) (1024K)]
  0x000002837e0aba30 JavaThread "Cache worker for Build Output Cleanup Cache (C:\Users\megda\Telemedicine101\Telemedicine101\android\.gradle\buildOutputCleanup)"        [_thread_blocked, id=12268, stack(0x000000a64e700000,0x000000a64e800000) (1024K)]
  0x000002837e0ae820 JavaThread "Cache worker for checksums cache (C:\Users\megda\Telemedicine101\Telemedicine101\android\.gradle\8.14\checksums)"        [_thread_blocked, id=16744, stack(0x000000a64e800000,0x000000a64e900000) (1024K)]
  0x000002837e0af540 JavaThread "Cache worker for cache directory md-supplier (C:\Users\megda\.gradle\caches\8.14\md-supplier)"        [_thread_blocked, id=25632, stack(0x000000a64ed00000,0x000000a64ee00000) (1024K)]
  0x000002837e0afbd0 JavaThread "Cache worker for cache directory md-rule (C:\Users\megda\.gradle\caches\8.14\md-rule)"        [_thread_blocked, id=13248, stack(0x000000a64ef00000,0x000000a64f000000) (1024K)]
  0x000002837e0ae190 JavaThread "Cache worker for Build Output Cleanup Cache (D:\flutter\packages\flutter_tools\gradle\.gradle\buildOutputCleanup)"        [_thread_blocked, id=21868, stack(0x000000a64f000000,0x000000a64f100000) (1024K)]
  0x000002837e0b0f80 JavaThread "Unconstrained build operations"        [_thread_blocked, id=21264, stack(0x000000a64f100000,0x000000a64f200000) (1024K)]
  0x000002837e0b0260 JavaThread "Unconstrained build operations Thread 2"        [_thread_blocked, id=7524, stack(0x000000a64f200000,0x000000a64f300000) (1024K)]
  0x000002837e0aeeb0 JavaThread "Unconstrained build operations Thread 3"        [_thread_blocked, id=24036, stack(0x000000a64f300000,0x000000a64f400000) (1024K)]
  0x000002837e0adb00 JavaThread "Unconstrained build operations Thread 4"        [_thread_blocked, id=13368, stack(0x000000a64f400000,0x000000a64f500000) (1024K)]
  0x000002837e0b29c0 JavaThread "Unconstrained build operations Thread 5"        [_thread_blocked, id=14548, stack(0x000000a64f500000,0x000000a64f600000) (1024K)]
  0x000002837e0b08f0 JavaThread "Unconstrained build operations Thread 6"        [_thread_blocked, id=25300, stack(0x000000a64f600000,0x000000a64f700000) (1024K)]
  0x000002837e0b4a90 JavaThread "Unconstrained build operations Thread 7"        [_thread_blocked, id=20836, stack(0x000000a64f700000,0x000000a64f800000) (1024K)]
  0x000002837e0b3d70 JavaThread "Unconstrained build operations Thread 8"        [_thread_blocked, id=5076, stack(0x000000a64f800000,0x000000a64f900000) (1024K)]
  0x000002837e0b4400 JavaThread "Unconstrained build operations Thread 9"        [_thread_blocked, id=21380, stack(0x000000a64f900000,0x000000a64fa00000) (1024K)]
  0x000002837e0b3050 JavaThread "Unconstrained build operations Thread 10"        [_thread_blocked, id=604, stack(0x000000a64fa00000,0x000000a64fb00000) (1024K)]
  0x000002837e0b36e0 JavaThread "Unconstrained build operations Thread 11"        [_thread_blocked, id=18636, stack(0x000000a64fb00000,0x000000a64fc00000) (1024K)]
  0x000002837e0b1610 JavaThread "Unconstrained build operations Thread 12"        [_thread_blocked, id=9884, stack(0x000000a64fc00000,0x000000a64fd00000) (1024K)]
  0x000002837e0b5120 JavaThread "Unconstrained build operations Thread 13"        [_thread_blocked, id=6216, stack(0x000000a64fd00000,0x000000a64fe00000) (1024K)]
  0x000002837e0b1ca0 JavaThread "Unconstrained build operations Thread 14"        [_thread_blocked, id=17236, stack(0x000000a64fe00000,0x000000a64ff00000) (1024K)]
  0x000002837e0b7f10 JavaThread "Unconstrained build operations Thread 15"        [_thread_blocked, id=2308, stack(0x000000a64ff00000,0x000000a650000000) (1024K)]
  0x000002837e0b7880 JavaThread "Unconstrained build operations Thread 16"        [_thread_blocked, id=20512, stack(0x000000a650000000,0x000000a650100000) (1024K)]
  0x000002837e0b64d0 JavaThread "Unconstrained build operations Thread 17"        [_thread_blocked, id=21240, stack(0x000000a650100000,0x000000a650200000) (1024K)]
  0x000002837e0b6b60 JavaThread "Unconstrained build operations Thread 18"        [_thread_blocked, id=17884, stack(0x000000a650200000,0x000000a650300000) (1024K)]
  0x000002837e0b71f0 JavaThread "Unconstrained build operations Thread 19"        [_thread_blocked, id=9580, stack(0x000000a650300000,0x000000a650400000) (1024K)]
  0x000002837e0b85a0 JavaThread "Unconstrained build operations Thread 20"        [_thread_blocked, id=11652, stack(0x000000a650400000,0x000000a650500000) (1024K)]
  0x000002837e0b57b0 JavaThread "Unconstrained build operations Thread 21"        [_thread_blocked, id=8020, stack(0x000000a650500000,0x000000a650600000) (1024K)]
  0x000002837e0b92c0 JavaThread "Unconstrained build operations Thread 22"        [_thread_blocked, id=20348, stack(0x000000a650700000,0x000000a650800000) (1024K)]
Total: 76

Other Threads:
  0x000002836da4b0e0 VMThread "VM Thread"                           [id=24392, stack(0x000000a64c200000,0x000000a64c300000) (1024K)]
  0x000002836da3cd30 WatcherThread "VM Periodic Task Thread"        [id=26028, stack(0x000000a64c100000,0x000000a64c200000) (1024K)]
  0x0000028355ffc410 WorkerThread "GC Thread#0"                     [id=26060, stack(0x000000a64bc00000,0x000000a64bd00000) (1024K)]
  0x000002836ddaf970 WorkerThread "GC Thread#1"                     [id=21328, stack(0x000000a64cf00000,0x000000a64d000000) (1024K)]
  0x00000283725c3960 WorkerThread "GC Thread#2"                     [id=26456, stack(0x000000a64d000000,0x000000a64d100000) (1024K)]
  0x00000283727e8000 WorkerThread "GC Thread#3"                     [id=22060, stack(0x000000a64d100000,0x000000a64d200000) (1024K)]
  0x0000028372c80f60 WorkerThread "GC Thread#4"                     [id=23416, stack(0x000000a64d200000,0x000000a64d300000) (1024K)]
  0x0000028372b67830 WorkerThread "GC Thread#5"                     [id=6360, stack(0x000000a64ce00000,0x000000a64cf00000) (1024K)]
  0x0000028376cdac80 WorkerThread "GC Thread#6"                     [id=11344, stack(0x000000a64e100000,0x000000a64e200000) (1024K)]
  0x0000028376cd9a10 WorkerThread "GC Thread#7"                     [id=21072, stack(0x000000a64e200000,0x000000a64e300000) (1024K)]
  0x0000028376cda8d0 WorkerThread "GC Thread#8"                     [id=23432, stack(0x000000a64e300000,0x000000a64e400000) (1024K)]
  0x0000028376cdb3e0 WorkerThread "GC Thread#9"                     [id=26220, stack(0x000000a64e400000,0x000000a64e500000) (1024K)]
  0x000002835600d310 ConcurrentGCThread "G1 Main Marker"            [id=19968, stack(0x000000a64bd00000,0x000000a64be00000) (1024K)]
  0x000002835600dd30 WorkerThread "G1 Conc#0"                       [id=24132, stack(0x000000a64be00000,0x000000a64bf00000) (1024K)]
  0x0000028374d98b90 WorkerThread "G1 Conc#1"                       [id=25192, stack(0x000000a64e500000,0x000000a64e600000) (1024K)]
  0x0000028374d9b070 WorkerThread "G1 Conc#2"                       [id=22980, stack(0x000000a64e600000,0x000000a64e700000) (1024K)]
  0x000002836d9051d0 ConcurrentGCThread "G1 Refine#0"               [id=26560, stack(0x000000a64bf00000,0x000000a64c000000) (1024K)]
  0x000002836d908a20 ConcurrentGCThread "G1 Service"                [id=24720, stack(0x000000a64c000000,0x000000a64c100000) (1024K)]
Total: 18

Threads with active compile tasks:
C2 CompilerThread0  7686135 23489   !   4       java.util.concurrent.ConcurrentHashMap::compute (654 bytes)
Total: 1

VM state: not at safepoint (normal execution)

VM Mutex/Monitor currently owned by a thread: None

Heap address: 0x0000000080000000, size: 2048 MB, Compressed Oops mode: 32-bit

CDS archive(s) mapped at: [0x0000028300000000-0x0000028300ba0000-0x0000028300ba0000), size 12189696, SharedBaseAddress: 0x0000028300000000, ArchiveRelocationMode: 1.
Compressed class space mapped at: 0x0000028301000000-0x0000028335000000, reserved size: 872415232
Narrow klass base: 0x0000028300000000, Narrow klass shift: 0, Narrow klass range: 0x100000000

GC Precious Log:
 CardTable entry size: 512
 Card Set container configuration: InlinePtr #cards 5 size 8 Array Of Cards #cards 12 size 40 Howl #buckets 4 coarsen threshold 1843 Howl Bitmap #cards 512 size 80 coarsen threshold 460 Card regions per heap region 1 cards per card region 2048
 CPUs: 12 total, 12 available
 Memory: 7916M
 Large Page Support: Disabled
 NUMA Support: Disabled
 Compressed Oops: Enabled (32-bit)
 Heap Region Size: 1M
 Heap Min Capacity: 8M
 Heap Initial Capacity: 124M
 Heap Max Capacity: 2G
 Pre-touch: Disabled
 Parallel Workers: 10
 Concurrent Workers: 3
 Concurrent Refinement Workers: 10
 Periodic GC: Disabled

Heap:
 garbage-first heap   total 423936K, used 318627K [0x0000000080000000, 0x0000000100000000)
  region size 1024K, 68 young (69632K), 13 survivors (13312K)
 Metaspace       used 123709K, committed 125440K, reserved 983040K
  class space    used 17020K, committed 17856K, reserved 851968K

Heap Regions: E=young(eden), S=young(survivor), O=old, HS=humongous(starts), HC=humongous(continues), CS=collection set, F=free, TAMS=top-at-mark-start, PB=parsable bottom
|   0|0x0000000080000000, 0x0000000080100000, 0x0000000080100000|100%|HS|  |TAMS 0x0000000080000000| PB 0x0000000080000000| Complete 
|   1|0x0000000080100000, 0x0000000080200000, 0x0000000080200000|100%|HC|  |TAMS 0x0000000080100000| PB 0x0000000080100000| Complete 
|   2|0x0000000080200000, 0x0000000080300000, 0x0000000080300000|100%|HC|  |TAMS 0x0000000080200000| PB 0x0000000080200000| Complete 
|   3|0x0000000080300000, 0x0000000080400000, 0x0000000080400000|100%| O|  |TAMS 0x0000000080300000| PB 0x0000000080300000| Untracked 
|   4|0x0000000080400000, 0x00000000804fffe8, 0x0000000080500000| 99%| O|  |TAMS 0x0000000080400000| PB 0x0000000080400000| Untracked 
|   5|0x0000000080500000, 0x00000000805fffe8, 0x0000000080600000| 99%| O|  |TAMS 0x0000000080500000| PB 0x0000000080500000| Untracked 
|   6|0x0000000080600000, 0x0000000080700000, 0x0000000080700000|100%|HS|  |TAMS 0x0000000080600000| PB 0x0000000080600000| Complete 
|   7|0x0000000080700000, 0x0000000080800000, 0x0000000080800000|100%| O|  |TAMS 0x0000000080700000| PB 0x0000000080700000| Untracked 
|   8|0x0000000080800000, 0x00000000808fffe8, 0x0000000080900000| 99%| O|  |TAMS 0x0000000080800000| PB 0x0000000080800000| Untracked 
|   9|0x0000000080900000, 0x0000000080a00000, 0x0000000080a00000|100%| O|  |TAMS 0x0000000080900000| PB 0x0000000080900000| Untracked 
|  10|0x0000000080a00000, 0x0000000080afffe8, 0x0000000080b00000| 99%| O|  |TAMS 0x0000000080a00000| PB 0x0000000080a00000| Untracked 
|  11|0x0000000080b00000, 0x0000000080c00000, 0x0000000080c00000|100%| O|  |TAMS 0x0000000080b00000| PB 0x0000000080b00000| Untracked 
|  12|0x0000000080c00000, 0x0000000080cffff0, 0x0000000080d00000| 99%| O|  |TAMS 0x0000000080c00000| PB 0x0000000080c00000| Untracked 
|  13|0x0000000080d00000, 0x0000000080dffff0, 0x0000000080e00000| 99%| O|  |TAMS 0x0000000080d00000| PB 0x0000000080d00000| Untracked 
|  14|0x0000000080e00000, 0x0000000080effff8, 0x0000000080f00000| 99%| O|  |TAMS 0x0000000080e00000| PB 0x0000000080e00000| Untracked 
|  15|0x0000000080f00000, 0x0000000080ffffc8, 0x0000000081000000| 99%| O|  |TAMS 0x0000000080f00000| PB 0x0000000080f00000| Untracked 
|  16|0x0000000081000000, 0x00000000810ffff0, 0x0000000081100000| 99%| O|  |TAMS 0x0000000081000000| PB 0x0000000081000000| Untracked 
|  17|0x0000000081100000, 0x00000000811fffc0, 0x0000000081200000| 99%| O|  |TAMS 0x0000000081100000| PB 0x0000000081100000| Untracked 
|  18|0x0000000081200000, 0x00000000812ffff0, 0x0000000081300000| 99%| O|  |TAMS 0x0000000081200000| PB 0x0000000081200000| Untracked 
|  19|0x0000000081300000, 0x0000000081400000, 0x0000000081400000|100%| O|  |TAMS 0x0000000081300000| PB 0x0000000081300000| Untracked 
|  20|0x0000000081400000, 0x00000000814ffff0, 0x0000000081500000| 99%| O|  |TAMS 0x0000000081400000| PB 0x0000000081400000| Untracked 
|  21|0x0000000081500000, 0x0000000081600000, 0x0000000081600000|100%| O|  |TAMS 0x0000000081500000| PB 0x0000000081500000| Untracked 
|  22|0x0000000081600000, 0x00000000816ffff8, 0x0000000081700000| 99%| O|  |TAMS 0x0000000081600000| PB 0x0000000081600000| Untracked 
|  23|0x0000000081700000, 0x00000000817fffe8, 0x0000000081800000| 99%| O|  |TAMS 0x0000000081700000| PB 0x0000000081700000| Untracked 
|  24|0x0000000081800000, 0x00000000818ffff0, 0x0000000081900000| 99%| O|  |TAMS 0x0000000081800000| PB 0x0000000081800000| Untracked 
|  25|0x0000000081900000, 0x00000000819fffe0, 0x0000000081a00000| 99%| O|  |TAMS 0x0000000081900000| PB 0x0000000081900000| Untracked 
|  26|0x0000000081a00000, 0x0000000081affff8, 0x0000000081b00000| 99%| O|  |TAMS 0x0000000081a00000| PB 0x0000000081a00000| Untracked 
|  27|0x0000000081b00000, 0x0000000081bffff8, 0x0000000081c00000| 99%| O|  |TAMS 0x0000000081b00000| PB 0x0000000081b00000| Untracked 
|  28|0x0000000081c00000, 0x0000000081cffff8, 0x0000000081d00000| 99%| O|  |TAMS 0x0000000081c00000| PB 0x0000000081c00000| Untracked 
|  29|0x0000000081d00000, 0x0000000081e00000, 0x0000000081e00000|100%| O|  |TAMS 0x0000000081d00000| PB 0x0000000081d00000| Untracked 
|  30|0x0000000081e00000, 0x0000000081efad18, 0x0000000081f00000| 97%| O|  |TAMS 0x0000000081e00000| PB 0x0000000081e00000| Untracked 
|  31|0x0000000081f00000, 0x0000000082000000, 0x0000000082000000|100%| O|  |TAMS 0x0000000081f00000| PB 0x0000000081f00000| Untracked 
|  32|0x0000000082000000, 0x00000000820ffff8, 0x0000000082100000| 99%| O|  |TAMS 0x0000000082000000| PB 0x0000000082000000| Untracked 
|  33|0x0000000082100000, 0x00000000821ffff8, 0x0000000082200000| 99%| O|  |TAMS 0x0000000082100000| PB 0x0000000082100000| Untracked 
|  34|0x0000000082200000, 0x00000000822fffd0, 0x0000000082300000| 99%| O|  |TAMS 0x0000000082200000| PB 0x0000000082200000| Untracked 
|  35|0x0000000082300000, 0x00000000823fffe8, 0x0000000082400000| 99%| O|  |TAMS 0x0000000082300000| PB 0x0000000082300000| Untracked 
|  36|0x0000000082400000, 0x00000000824fffe8, 0x0000000082500000| 99%| O|  |TAMS 0x0000000082400000| PB 0x0000000082400000| Untracked 
|  37|0x0000000082500000, 0x00000000825fffe0, 0x0000000082600000| 99%| O|  |TAMS 0x0000000082500000| PB 0x0000000082500000| Untracked 
|  38|0x0000000082600000, 0x0000000082700000, 0x0000000082700000|100%|HS|  |TAMS 0x0000000082600000| PB 0x0000000082600000| Complete 
|  39|0x0000000082700000, 0x0000000082800000, 0x0000000082800000|100%|HC|  |TAMS 0x0000000082700000| PB 0x0000000082700000| Complete 
|  40|0x0000000082800000, 0x0000000082900000, 0x0000000082900000|100%|HC|  |TAMS 0x0000000082800000| PB 0x0000000082800000| Complete 
|  41|0x0000000082900000, 0x0000000082a00000, 0x0000000082a00000|100%| O|  |TAMS 0x0000000082900000| PB 0x0000000082900000| Untracked 
|  42|0x0000000082a00000, 0x0000000082affff0, 0x0000000082b00000| 99%| O|  |TAMS 0x0000000082a00000| PB 0x0000000082a00000| Untracked 
|  43|0x0000000082b00000, 0x0000000082c00000, 0x0000000082c00000|100%|HS|  |TAMS 0x0000000082b00000| PB 0x0000000082b00000| Complete 
|  44|0x0000000082c00000, 0x0000000082d00000, 0x0000000082d00000|100%|HC|  |TAMS 0x0000000082c00000| PB 0x0000000082c00000| Complete 
|  45|0x0000000082d00000, 0x0000000082e00000, 0x0000000082e00000|100%|HS|  |TAMS 0x0000000082d00000| PB 0x0000000082d00000| Complete 
|  46|0x0000000082e00000, 0x0000000082f00000, 0x0000000082f00000|100%|HC|  |TAMS 0x0000000082e00000| PB 0x0000000082e00000| Complete 
|  47|0x0000000082f00000, 0x0000000082fffff8, 0x0000000083000000| 99%| O|  |TAMS 0x0000000082f00000| PB 0x0000000082f00000| Untracked 
|  48|0x0000000083000000, 0x00000000830fffd0, 0x0000000083100000| 99%| O|  |TAMS 0x0000000083000000| PB 0x0000000083000000| Untracked 
|  49|0x0000000083100000, 0x0000000083200000, 0x0000000083200000|100%| O|  |TAMS 0x0000000083100000| PB 0x0000000083100000| Untracked 
|  50|0x0000000083200000, 0x00000000832ab178, 0x0000000083300000| 66%| O|  |TAMS 0x0000000083200000| PB 0x0000000083200000| Untracked 
|  51|0x0000000083300000, 0x00000000833ce218, 0x0000000083400000| 80%| O|  |TAMS 0x0000000083300000| PB 0x0000000083300000| Untracked 
|  52|0x0000000083400000, 0x0000000083500000, 0x0000000083500000|100%|HS|  |TAMS 0x0000000083400000| PB 0x0000000083400000| Complete 
|  53|0x0000000083500000, 0x0000000083600000, 0x0000000083600000|100%|HC|  |TAMS 0x0000000083500000| PB 0x0000000083500000| Complete 
|  54|0x0000000083600000, 0x0000000083700000, 0x0000000083700000|100%|HC|  |TAMS 0x0000000083600000| PB 0x0000000083600000| Complete 
|  55|0x0000000083700000, 0x00000000837ffff8, 0x0000000083800000| 99%| O|  |TAMS 0x0000000083700000| PB 0x0000000083700000| Untracked 
|  56|0x0000000083800000, 0x0000000083900000, 0x0000000083900000|100%| O|  |TAMS 0x0000000083800000| PB 0x0000000083800000| Untracked 
|  57|0x0000000083900000, 0x00000000839ffff0, 0x0000000083a00000| 99%| O|  |TAMS 0x0000000083900000| PB 0x0000000083900000| Untracked 
|  58|0x0000000083a00000, 0x0000000083afbf00, 0x0000000083b00000| 98%| O|  |TAMS 0x0000000083a00000| PB 0x0000000083a00000| Untracked 
|  59|0x0000000083b00000, 0x0000000083bf16e0, 0x0000000083c00000| 94%| O|  |TAMS 0x0000000083b00000| PB 0x0000000083b00000| Untracked 
|  60|0x0000000083c00000, 0x0000000083cfd5c0, 0x0000000083d00000| 98%| O|  |TAMS 0x0000000083c00000| PB 0x0000000083c00000| Untracked 
|  61|0x0000000083d00000, 0x0000000083dfffe8, 0x0000000083e00000| 99%| O|  |TAMS 0x0000000083d00000| PB 0x0000000083d00000| Untracked 
|  62|0x0000000083e00000, 0x0000000083effff0, 0x0000000083f00000| 99%| O|  |TAMS 0x0000000083e00000| PB 0x0000000083e00000| Untracked 
|  63|0x0000000083f00000, 0x0000000083ffff98, 0x0000000084000000| 99%| O|  |TAMS 0x0000000083f00000| PB 0x0000000083f00000| Untracked 
|  64|0x0000000084000000, 0x00000000840ffff8, 0x0000000084100000| 99%| O|  |TAMS 0x0000000084000000| PB 0x0000000084000000| Untracked 
|  65|0x0000000084100000, 0x00000000841ffff0, 0x0000000084200000| 99%| O|  |TAMS 0x0000000084100000| PB 0x0000000084100000| Untracked 
|  66|0x0000000084200000, 0x00000000842ffff0, 0x0000000084300000| 99%| O|  |TAMS 0x0000000084200000| PB 0x0000000084200000| Untracked 
|  67|0x0000000084300000, 0x00000000843fbc88, 0x0000000084400000| 98%| O|  |TAMS 0x0000000084300000| PB 0x0000000084300000| Untracked 
|  68|0x0000000084400000, 0x0000000084500000, 0x0000000084500000|100%|HS|  |TAMS 0x0000000084400000| PB 0x0000000084400000| Complete 
|  69|0x0000000084500000, 0x00000000845fffe8, 0x0000000084600000| 99%| O|  |TAMS 0x0000000084500000| PB 0x0000000084500000| Untracked 
|  70|0x0000000084600000, 0x00000000846fffd0, 0x0000000084700000| 99%| O|  |TAMS 0x0000000084600000| PB 0x0000000084600000| Untracked 
|  71|0x0000000084700000, 0x0000000084800000, 0x0000000084800000|100%| O|  |TAMS 0x0000000084700000| PB 0x0000000084700000| Untracked 
|  72|0x0000000084800000, 0x0000000084900000, 0x0000000084900000|100%|HS|  |TAMS 0x0000000084800000| PB 0x0000000084800000| Complete 
|  73|0x0000000084900000, 0x00000000849fa3d8, 0x0000000084a00000| 97%| O|  |TAMS 0x0000000084900000| PB 0x0000000084900000| Untracked 
|  74|0x0000000084a00000, 0x0000000084b00000, 0x0000000084b00000|100%|HS|  |TAMS 0x0000000084a00000| PB 0x0000000084a00000| Complete 
|  75|0x0000000084b00000, 0x0000000084c00000, 0x0000000084c00000|100%|HS|  |TAMS 0x0000000084b00000| PB 0x0000000084b00000| Complete 
|  76|0x0000000084c00000, 0x0000000084d00000, 0x0000000084d00000|100%|HC|  |TAMS 0x0000000084c00000| PB 0x0000000084c00000| Complete 
|  77|0x0000000084d00000, 0x0000000084e00000, 0x0000000084e00000|100%|HS|  |TAMS 0x0000000084d00000| PB 0x0000000084d00000| Complete 
|  78|0x0000000084e00000, 0x0000000084f00000, 0x0000000084f00000|100%|HS|  |TAMS 0x0000000084e00000| PB 0x0000000084e00000| Complete 
|  79|0x0000000084f00000, 0x0000000084ffe5f0, 0x0000000085000000| 99%| O|  |TAMS 0x0000000084f00000| PB 0x0000000084f00000| Untracked 
|  80|0x0000000085000000, 0x0000000085100000, 0x0000000085100000|100%|HS|  |TAMS 0x0000000085000000| PB 0x0000000085000000| Complete 
|  81|0x0000000085100000, 0x0000000085200000, 0x0000000085200000|100%|HC|  |TAMS 0x0000000085100000| PB 0x0000000085100000| Complete 
|  82|0x0000000085200000, 0x0000000085300000, 0x0000000085300000|100%|HS|  |TAMS 0x0000000085200000| PB 0x0000000085200000| Complete 
|  83|0x0000000085300000, 0x0000000085400000, 0x0000000085400000|100%|HS|  |TAMS 0x0000000085300000| PB 0x0000000085300000| Complete 
|  84|0x0000000085400000, 0x00000000854f3c70, 0x0000000085500000| 95%| O|  |TAMS 0x0000000085400000| PB 0x0000000085400000| Untracked 
|  85|0x0000000085500000, 0x00000000855d8e70, 0x0000000085600000| 84%| O|  |TAMS 0x0000000085500000| PB 0x0000000085500000| Untracked 
|  86|0x0000000085600000, 0x00000000856fffd8, 0x0000000085700000| 99%| O|  |TAMS 0x0000000085600000| PB 0x0000000085600000| Untracked 
|  87|0x0000000085700000, 0x0000000085800000, 0x0000000085800000|100%|HS|  |TAMS 0x0000000085700000| PB 0x0000000085700000| Complete 
|  88|0x0000000085800000, 0x0000000085900000, 0x0000000085900000|100%| O|  |TAMS 0x0000000085800000| PB 0x0000000085800000| Untracked 
|  89|0x0000000085900000, 0x00000000859fd8f0, 0x0000000085a00000| 99%| O|  |TAMS 0x0000000085900000| PB 0x0000000085900000| Untracked 
|  90|0x0000000085a00000, 0x0000000085b00000, 0x0000000085b00000|100%| O|  |TAMS 0x0000000085a00000| PB 0x0000000085a00000| Untracked 
|  91|0x0000000085b00000, 0x0000000085c00000, 0x0000000085c00000|100%| O|  |TAMS 0x0000000085b00000| PB 0x0000000085b00000| Untracked 
|  92|0x0000000085c00000, 0x0000000085cffff0, 0x0000000085d00000| 99%| O|  |TAMS 0x0000000085c00000| PB 0x0000000085c00000| Untracked 
|  93|0x0000000085d00000, 0x0000000085dfffb8, 0x0000000085e00000| 99%| O|  |TAMS 0x0000000085d00000| PB 0x0000000085d00000| Untracked 
|  94|0x0000000085e00000, 0x0000000085effff8, 0x0000000085f00000| 99%| O|  |TAMS 0x0000000085e00000| PB 0x0000000085e00000| Untracked 
|  95|0x0000000085f00000, 0x0000000085fffff8, 0x0000000086000000| 99%| O|  |TAMS 0x0000000085f00000| PB 0x0000000085f00000| Untracked 
|  96|0x0000000086000000, 0x00000000860fecd8, 0x0000000086100000| 99%| O|  |TAMS 0x0000000086000000| PB 0x0000000086000000| Untracked 
|  97|0x0000000086100000, 0x0000000086200000, 0x0000000086200000|100%| O|  |TAMS 0x0000000086100000| PB 0x0000000086100000| Untracked 
|  98|0x0000000086200000, 0x00000000862fffe8, 0x0000000086300000| 99%| O|  |TAMS 0x0000000086200000| PB 0x0000000086200000| Untracked 
|  99|0x0000000086300000, 0x00000000863ffff0, 0x0000000086400000| 99%| O|  |TAMS 0x0000000086300000| PB 0x0000000086300000| Untracked 
| 100|0x0000000086400000, 0x00000000864ffff8, 0x0000000086500000| 99%| O|  |TAMS 0x0000000086400000| PB 0x0000000086400000| Untracked 
| 101|0x0000000086500000, 0x00000000865ffff0, 0x0000000086600000| 99%| O|  |TAMS 0x0000000086500000| PB 0x0000000086500000| Untracked 
| 102|0x0000000086600000, 0x00000000866b0f40, 0x0000000086700000| 69%| O|  |TAMS 0x0000000086600000| PB 0x0000000086600000| Untracked 
| 103|0x0000000086700000, 0x00000000867de838, 0x0000000086800000| 86%| O|  |TAMS 0x0000000086700000| PB 0x0000000086700000| Untracked 
| 104|0x0000000086800000, 0x0000000086900000, 0x0000000086900000|100%|HS|  |TAMS 0x0000000086800000| PB 0x0000000086800000| Complete 
| 105|0x0000000086900000, 0x00000000869ffff8, 0x0000000086a00000| 99%| O|  |TAMS 0x0000000086900000| PB 0x0000000086900000| Untracked 
| 106|0x0000000086a00000, 0x0000000086b00000, 0x0000000086b00000|100%| O|  |TAMS 0x0000000086a00000| PB 0x0000000086a00000| Untracked 
| 107|0x0000000086b00000, 0x0000000086bffff0, 0x0000000086c00000| 99%| O|  |TAMS 0x0000000086b00000| PB 0x0000000086b00000| Untracked 
| 108|0x0000000086c00000, 0x0000000086cfffd8, 0x0000000086d00000| 99%| O|  |TAMS 0x0000000086c00000| PB 0x0000000086c00000| Untracked 
| 109|0x0000000086d00000, 0x0000000086d982a8, 0x0000000086e00000| 59%| O|  |TAMS 0x0000000086d00000| PB 0x0000000086d00000| Untracked 
| 110|0x0000000086e00000, 0x0000000086f00000, 0x0000000086f00000|100%| O|  |TAMS 0x0000000086e00000| PB 0x0000000086e00000| Untracked 
| 111|0x0000000086f00000, 0x0000000087000000, 0x0000000087000000|100%| O|  |TAMS 0x0000000086f00000| PB 0x0000000086f00000| Untracked 
| 112|0x0000000087000000, 0x0000000087100000, 0x0000000087100000|100%| O|  |TAMS 0x0000000087000000| PB 0x0000000087000000| Untracked 
| 113|0x0000000087100000, 0x00000000871fab98, 0x0000000087200000| 97%| O|  |TAMS 0x0000000087100000| PB 0x0000000087100000| Untracked 
| 114|0x0000000087200000, 0x0000000087300000, 0x0000000087300000|100%| O|  |TAMS 0x0000000087200000| PB 0x0000000087200000| Untracked 
| 115|0x0000000087300000, 0x0000000087400000, 0x0000000087400000|100%| O|  |TAMS 0x0000000087300000| PB 0x0000000087300000| Untracked 
| 116|0x0000000087400000, 0x0000000087500000, 0x0000000087500000|100%|HS|  |TAMS 0x0000000087400000| PB 0x0000000087400000| Complete 
| 117|0x0000000087500000, 0x0000000087600000, 0x0000000087600000|100%|HS|  |TAMS 0x0000000087500000| PB 0x0000000087500000| Complete 
| 118|0x0000000087600000, 0x0000000087700000, 0x0000000087700000|100%|HS|  |TAMS 0x0000000087600000| PB 0x0000000087600000| Complete 
| 119|0x0000000087700000, 0x0000000087800000, 0x0000000087800000|100%|HS|  |TAMS 0x0000000087700000| PB 0x0000000087700000| Complete 
| 120|0x0000000087800000, 0x000000008787c910, 0x0000000087900000| 48%| O|  |TAMS 0x0000000087800000| PB 0x0000000087800000| Untracked 
| 121|0x0000000087900000, 0x0000000087a00000, 0x0000000087a00000|100%| O|  |TAMS 0x0000000087900000| PB 0x0000000087900000| Untracked 
| 122|0x0000000087a00000, 0x0000000087b00000, 0x0000000087b00000|100%| O|  |TAMS 0x0000000087a00000| PB 0x0000000087a00000| Untracked 
| 123|0x0000000087b00000, 0x0000000087c00000, 0x0000000087c00000|100%| O|  |TAMS 0x0000000087b00000| PB 0x0000000087b00000| Untracked 
| 124|0x0000000087c00000, 0x0000000087d00000, 0x0000000087d00000|100%| O|  |TAMS 0x0000000087c00000| PB 0x0000000087c00000| Untracked 
| 125|0x0000000087d00000, 0x0000000087e00000, 0x0000000087e00000|100%| O|  |TAMS 0x0000000087d00000| PB 0x0000000087d00000| Untracked 
| 126|0x0000000087e00000, 0x0000000087f00000, 0x0000000087f00000|100%| O|  |TAMS 0x0000000087e00000| PB 0x0000000087e00000| Untracked 
| 127|0x0000000087f00000, 0x0000000088000000, 0x0000000088000000|100%| O|  |TAMS 0x0000000087f00000| PB 0x0000000087f00000| Untracked 
| 128|0x0000000088000000, 0x0000000088100000, 0x0000000088100000|100%| O|  |TAMS 0x0000000088000000| PB 0x0000000088000000| Untracked 
| 129|0x0000000088100000, 0x0000000088200000, 0x0000000088200000|100%| O|  |TAMS 0x0000000088100000| PB 0x0000000088100000| Untracked 
| 130|0x0000000088200000, 0x0000000088300000, 0x0000000088300000|100%| O|  |TAMS 0x0000000088200000| PB 0x0000000088200000| Untracked 
| 131|0x0000000088300000, 0x0000000088400000, 0x0000000088400000|100%| O|  |TAMS 0x0000000088300000| PB 0x0000000088300000| Untracked 
| 132|0x0000000088400000, 0x0000000088500000, 0x0000000088500000|100%|HS|  |TAMS 0x0000000088400000| PB 0x0000000088400000| Complete 
| 133|0x0000000088500000, 0x0000000088600000, 0x0000000088600000|100%|HS|  |TAMS 0x0000000088500000| PB 0x0000000088500000| Complete 
| 134|0x0000000088600000, 0x0000000088700000, 0x0000000088700000|100%|HS|  |TAMS 0x0000000088600000| PB 0x0000000088600000| Complete 
| 135|0x0000000088700000, 0x0000000088800000, 0x0000000088800000|100%|HS|  |TAMS 0x0000000088700000| PB 0x0000000088700000| Complete 
| 136|0x0000000088800000, 0x0000000088900000, 0x0000000088900000|100%|HC|  |TAMS 0x0000000088800000| PB 0x0000000088800000| Complete 
| 137|0x0000000088900000, 0x0000000088a00000, 0x0000000088a00000|100%| O|  |TAMS 0x0000000088900000| PB 0x0000000088900000| Untracked 
| 138|0x0000000088a00000, 0x0000000088b00000, 0x0000000088b00000|100%| O|  |TAMS 0x0000000088a00000| PB 0x0000000088a00000| Untracked 
| 139|0x0000000088b00000, 0x0000000088c00000, 0x0000000088c00000|100%| O|  |TAMS 0x0000000088b00000| PB 0x0000000088b00000| Untracked 
| 140|0x0000000088c00000, 0x0000000088d00000, 0x0000000088d00000|100%| O|  |TAMS 0x0000000088c00000| PB 0x0000000088c00000| Untracked 
| 141|0x0000000088d00000, 0x0000000088e00000, 0x0000000088e00000|100%| O|  |TAMS 0x0000000088d00000| PB 0x0000000088d00000| Untracked 
| 142|0x0000000088e00000, 0x0000000088f00000, 0x0000000088f00000|100%| O|  |TAMS 0x0000000088e00000| PB 0x0000000088e00000| Untracked 
| 143|0x0000000088f00000, 0x0000000089000000, 0x0000000089000000|100%| O|  |TAMS 0x0000000088f00000| PB 0x0000000088f00000| Untracked 
| 144|0x0000000089000000, 0x0000000089100000, 0x0000000089100000|100%| O|  |TAMS 0x0000000089000000| PB 0x0000000089000000| Untracked 
| 145|0x0000000089100000, 0x0000000089200000, 0x0000000089200000|100%| O|  |TAMS 0x0000000089100000| PB 0x0000000089100000| Untracked 
| 146|0x0000000089200000, 0x0000000089300000, 0x0000000089300000|100%| O|  |TAMS 0x0000000089200000| PB 0x0000000089200000| Untracked 
| 147|0x0000000089300000, 0x0000000089400000, 0x0000000089400000|100%| O|  |TAMS 0x0000000089300000| PB 0x0000000089300000| Untracked 
| 148|0x0000000089400000, 0x0000000089500000, 0x0000000089500000|100%| O|  |TAMS 0x0000000089400000| PB 0x0000000089400000| Untracked 
| 149|0x0000000089500000, 0x0000000089600000, 0x0000000089600000|100%| O|  |TAMS 0x0000000089500000| PB 0x0000000089500000| Untracked 
| 150|0x0000000089600000, 0x0000000089700000, 0x0000000089700000|100%| O|  |TAMS 0x0000000089600000| PB 0x0000000089600000| Untracked 
| 151|0x0000000089700000, 0x0000000089800000, 0x0000000089800000|100%| O|  |TAMS 0x0000000089700000| PB 0x0000000089700000| Untracked 
| 152|0x0000000089800000, 0x0000000089900000, 0x0000000089900000|100%| O|  |TAMS 0x0000000089800000| PB 0x0000000089800000| Untracked 
| 153|0x0000000089900000, 0x0000000089a00000, 0x0000000089a00000|100%| O|  |TAMS 0x0000000089900000| PB 0x0000000089900000| Untracked 
| 154|0x0000000089a00000, 0x0000000089b00000, 0x0000000089b00000|100%| O|  |TAMS 0x0000000089a00000| PB 0x0000000089a00000| Untracked 
| 155|0x0000000089b00000, 0x0000000089c00000, 0x0000000089c00000|100%| O|  |TAMS 0x0000000089b00000| PB 0x0000000089b00000| Untracked 
| 156|0x0000000089c00000, 0x0000000089d00000, 0x0000000089d00000|100%| O|  |TAMS 0x0000000089c00000| PB 0x0000000089c00000| Untracked 
| 157|0x0000000089d00000, 0x0000000089e00000, 0x0000000089e00000|100%| O|  |TAMS 0x0000000089d00000| PB 0x0000000089d00000| Untracked 
| 158|0x0000000089e00000, 0x0000000089f00000, 0x0000000089f00000|100%| O|  |TAMS 0x0000000089e00000| PB 0x0000000089e00000| Untracked 
| 159|0x0000000089f00000, 0x000000008a000000, 0x000000008a000000|100%| O|  |TAMS 0x0000000089f00000| PB 0x0000000089f00000| Untracked 
| 160|0x000000008a000000, 0x000000008a100000, 0x000000008a100000|100%| O|  |TAMS 0x000000008a000000| PB 0x000000008a000000| Untracked 
| 161|0x000000008a100000, 0x000000008a200000, 0x000000008a200000|100%| O|  |TAMS 0x000000008a100000| PB 0x000000008a100000| Untracked 
| 162|0x000000008a200000, 0x000000008a300000, 0x000000008a300000|100%| O|  |TAMS 0x000000008a200000| PB 0x000000008a200000| Untracked 
| 163|0x000000008a300000, 0x000000008a400000, 0x000000008a400000|100%|HS|  |TAMS 0x000000008a300000| PB 0x000000008a300000| Complete 
| 164|0x000000008a400000, 0x000000008a500000, 0x000000008a500000|100%| O|  |TAMS 0x000000008a400000| PB 0x000000008a400000| Untracked 
| 165|0x000000008a500000, 0x000000008a600000, 0x000000008a600000|100%|HS|  |TAMS 0x000000008a500000| PB 0x000000008a500000| Complete 
| 166|0x000000008a600000, 0x000000008a700000, 0x000000008a700000|100%|HC|  |TAMS 0x000000008a600000| PB 0x000000008a600000| Complete 
| 167|0x000000008a700000, 0x000000008a800000, 0x000000008a800000|100%| O|  |TAMS 0x000000008a700000| PB 0x000000008a700000| Untracked 
| 168|0x000000008a800000, 0x000000008a900000, 0x000000008a900000|100%| O|  |TAMS 0x000000008a800000| PB 0x000000008a800000| Untracked 
| 169|0x000000008a900000, 0x000000008aa00000, 0x000000008aa00000|100%| O|  |TAMS 0x000000008a900000| PB 0x000000008a900000| Untracked 
| 170|0x000000008aa00000, 0x000000008ab00000, 0x000000008ab00000|100%| O|  |TAMS 0x000000008aa00000| PB 0x000000008aa00000| Untracked 
| 171|0x000000008ab00000, 0x000000008ac00000, 0x000000008ac00000|100%| O|  |TAMS 0x000000008ab00000| PB 0x000000008ab00000| Untracked 
| 172|0x000000008ac00000, 0x000000008ad00000, 0x000000008ad00000|100%| O|  |TAMS 0x000000008ac00000| PB 0x000000008ac00000| Untracked 
| 173|0x000000008ad00000, 0x000000008ae00000, 0x000000008ae00000|100%| O|  |TAMS 0x000000008ad00000| PB 0x000000008ad00000| Untracked 
| 174|0x000000008ae00000, 0x000000008af00000, 0x000000008af00000|100%| O|  |TAMS 0x000000008ae00000| PB 0x000000008ae00000| Untracked 
| 175|0x000000008af00000, 0x000000008b000000, 0x000000008b000000|100%| O|  |TAMS 0x000000008af00000| PB 0x000000008af00000| Untracked 
| 176|0x000000008b000000, 0x000000008b100000, 0x000000008b100000|100%| O|  |TAMS 0x000000008b000000| PB 0x000000008b000000| Untracked 
| 177|0x000000008b100000, 0x000000008b200000, 0x000000008b200000|100%| O|  |TAMS 0x000000008b100000| PB 0x000000008b100000| Untracked 
| 178|0x000000008b200000, 0x000000008b300000, 0x000000008b300000|100%| O|  |TAMS 0x000000008b200000| PB 0x000000008b200000| Untracked 
| 179|0x000000008b300000, 0x000000008b400000, 0x000000008b400000|100%| O|Cm|TAMS 0x000000008b300000| PB 0x000000008b300000| Complete 
| 180|0x000000008b400000, 0x000000008b500000, 0x000000008b500000|100%| O|  |TAMS 0x000000008b400000| PB 0x000000008b400000| Untracked 
| 181|0x000000008b500000, 0x000000008b600000, 0x000000008b600000|100%| O|  |TAMS 0x000000008b500000| PB 0x000000008b500000| Untracked 
| 182|0x000000008b600000, 0x000000008b700000, 0x000000008b700000|100%| O|  |TAMS 0x000000008b600000| PB 0x000000008b600000| Untracked 
| 183|0x000000008b700000, 0x000000008b800000, 0x000000008b800000|100%| O|  |TAMS 0x000000008b700000| PB 0x000000008b700000| Untracked 
| 184|0x000000008b800000, 0x000000008b900000, 0x000000008b900000|100%| O|  |TAMS 0x000000008b800000| PB 0x000000008b800000| Untracked 
| 185|0x000000008b900000, 0x000000008ba00000, 0x000000008ba00000|100%| O|  |TAMS 0x000000008b900000| PB 0x000000008b900000| Untracked 
| 186|0x000000008ba00000, 0x000000008bb00000, 0x000000008bb00000|100%| O|  |TAMS 0x000000008ba00000| PB 0x000000008ba00000| Untracked 
| 187|0x000000008bb00000, 0x000000008bc00000, 0x000000008bc00000|100%| O|  |TAMS 0x000000008bb00000| PB 0x000000008bb00000| Untracked 
| 188|0x000000008bc00000, 0x000000008bd00000, 0x000000008bd00000|100%| O|  |TAMS 0x000000008bc00000| PB 0x000000008bc00000| Untracked 
| 189|0x000000008bd00000, 0x000000008be00000, 0x000000008be00000|100%| O|  |TAMS 0x000000008bd00000| PB 0x000000008bd00000| Untracked 
| 190|0x000000008be00000, 0x000000008bf00000, 0x000000008bf00000|100%| O|  |TAMS 0x000000008be00000| PB 0x000000008be00000| Untracked 
| 191|0x000000008bf00000, 0x000000008c000000, 0x000000008c000000|100%| O|  |TAMS 0x000000008bf00000| PB 0x000000008bf00000| Untracked 
| 192|0x000000008c000000, 0x000000008c100000, 0x000000008c100000|100%| O|  |TAMS 0x000000008c000000| PB 0x000000008c000000| Untracked 
| 193|0x000000008c100000, 0x000000008c200000, 0x000000008c200000|100%| O|  |TAMS 0x000000008c100000| PB 0x000000008c100000| Untracked 
| 194|0x000000008c200000, 0x000000008c300000, 0x000000008c300000|100%| O|  |TAMS 0x000000008c200000| PB 0x000000008c200000| Untracked 
| 195|0x000000008c300000, 0x000000008c400000, 0x000000008c400000|100%| O|Cm|TAMS 0x000000008c300000| PB 0x000000008c300000| Complete 
| 196|0x000000008c400000, 0x000000008c500000, 0x000000008c500000|100%| O|  |TAMS 0x000000008c400000| PB 0x000000008c400000| Untracked 
| 197|0x000000008c500000, 0x000000008c600000, 0x000000008c600000|100%| O|Cm|TAMS 0x000000008c500000| PB 0x000000008c500000| Complete 
| 198|0x000000008c600000, 0x000000008c700000, 0x000000008c700000|100%| O|  |TAMS 0x000000008c600000| PB 0x000000008c600000| Untracked 
| 199|0x000000008c700000, 0x000000008c800000, 0x000000008c800000|100%| O|Cm|TAMS 0x000000008c700000| PB 0x000000008c700000| Complete 
| 200|0x000000008c800000, 0x000000008c900000, 0x000000008c900000|100%| O|  |TAMS 0x000000008c800000| PB 0x000000008c800000| Untracked 
| 201|0x000000008c900000, 0x000000008ca00000, 0x000000008ca00000|100%| O|  |TAMS 0x000000008c900000| PB 0x000000008c900000| Untracked 
| 202|0x000000008ca00000, 0x000000008cb00000, 0x000000008cb00000|100%| O|  |TAMS 0x000000008ca00000| PB 0x000000008ca00000| Untracked 
| 203|0x000000008cb00000, 0x000000008cc00000, 0x000000008cc00000|100%| O|  |TAMS 0x000000008cb00000| PB 0x000000008cb00000| Untracked 
| 204|0x000000008cc00000, 0x000000008cd00000, 0x000000008cd00000|100%| O|  |TAMS 0x000000008cc00000| PB 0x000000008cc00000| Untracked 
| 205|0x000000008cd00000, 0x000000008ce00000, 0x000000008ce00000|100%| O|  |TAMS 0x000000008cd00000| PB 0x000000008cd00000| Untracked 
| 206|0x000000008ce00000, 0x000000008cf00000, 0x000000008cf00000|100%| O|  |TAMS 0x000000008ce00000| PB 0x000000008ce00000| Untracked 
| 207|0x000000008cf00000, 0x000000008d000000, 0x000000008d000000|100%| O|  |TAMS 0x000000008cf00000| PB 0x000000008cf00000| Untracked 
| 208|0x000000008d000000, 0x000000008d100000, 0x000000008d100000|100%| O|  |TAMS 0x000000008d000000| PB 0x000000008d000000| Untracked 
| 209|0x000000008d100000, 0x000000008d200000, 0x000000008d200000|100%| O|  |TAMS 0x000000008d100000| PB 0x000000008d100000| Untracked 
| 210|0x000000008d200000, 0x000000008d300000, 0x000000008d300000|100%| O|  |TAMS 0x000000008d200000| PB 0x000000008d200000| Untracked 
| 211|0x000000008d300000, 0x000000008d400000, 0x000000008d400000|100%| O|  |TAMS 0x000000008d300000| PB 0x000000008d300000| Untracked 
| 212|0x000000008d400000, 0x000000008d500000, 0x000000008d500000|100%| O|  |TAMS 0x000000008d400000| PB 0x000000008d400000| Untracked 
| 213|0x000000008d500000, 0x000000008d600000, 0x000000008d600000|100%| O|  |TAMS 0x000000008d500000| PB 0x000000008d500000| Untracked 
| 214|0x000000008d600000, 0x000000008d700000, 0x000000008d700000|100%| O|  |TAMS 0x000000008d600000| PB 0x000000008d600000| Untracked 
| 215|0x000000008d700000, 0x000000008d800000, 0x000000008d800000|100%| O|Cm|TAMS 0x000000008d700000| PB 0x000000008d700000| Complete 
| 216|0x000000008d800000, 0x000000008d900000, 0x000000008d900000|100%| O|  |TAMS 0x000000008d800000| PB 0x000000008d800000| Untracked 
| 217|0x000000008d900000, 0x000000008da00000, 0x000000008da00000|100%| O|Cm|TAMS 0x000000008d900000| PB 0x000000008d900000| Complete 
| 218|0x000000008da00000, 0x000000008db00000, 0x000000008db00000|100%| O|  |TAMS 0x000000008da00000| PB 0x000000008da00000| Untracked 
| 219|0x000000008db00000, 0x000000008dc00000, 0x000000008dc00000|100%| O|  |TAMS 0x000000008db00000| PB 0x000000008db00000| Untracked 
| 220|0x000000008dc00000, 0x000000008dd00000, 0x000000008dd00000|100%| O|Cm|TAMS 0x000000008dc00000| PB 0x000000008dc00000| Complete 
| 221|0x000000008dd00000, 0x000000008de00000, 0x000000008de00000|100%| O|  |TAMS 0x000000008dd00000| PB 0x000000008dd00000| Untracked 
| 222|0x000000008de00000, 0x000000008df00000, 0x000000008df00000|100%| O|  |TAMS 0x000000008de00000| PB 0x000000008de00000| Untracked 
| 223|0x000000008df00000, 0x000000008e000000, 0x000000008e000000|100%| O|  |TAMS 0x000000008df00000| PB 0x000000008df00000| Untracked 
| 224|0x000000008e000000, 0x000000008e100000, 0x000000008e100000|100%| O|  |TAMS 0x000000008e000000| PB 0x000000008e000000| Untracked 
| 225|0x000000008e100000, 0x000000008e200000, 0x000000008e200000|100%| O|  |TAMS 0x000000008e100000| PB 0x000000008e100000| Untracked 
| 226|0x000000008e200000, 0x000000008e300000, 0x000000008e300000|100%| O|  |TAMS 0x000000008e200000| PB 0x000000008e200000| Untracked 
| 227|0x000000008e300000, 0x000000008e400000, 0x000000008e400000|100%| O|  |TAMS 0x000000008e300000| PB 0x000000008e300000| Untracked 
| 228|0x000000008e400000, 0x000000008e500000, 0x000000008e500000|100%| O|  |TAMS 0x000000008e400000| PB 0x000000008e400000| Untracked 
| 229|0x000000008e500000, 0x000000008e600000, 0x000000008e600000|100%| O|  |TAMS 0x000000008e500000| PB 0x000000008e500000| Untracked 
| 230|0x000000008e600000, 0x000000008e700000, 0x000000008e700000|100%| O|  |TAMS 0x000000008e600000| PB 0x000000008e600000| Untracked 
| 231|0x000000008e700000, 0x000000008e800000, 0x000000008e800000|100%| O|  |TAMS 0x000000008e700000| PB 0x000000008e700000| Untracked 
| 232|0x000000008e800000, 0x000000008e900000, 0x000000008e900000|100%| O|  |TAMS 0x000000008e800000| PB 0x000000008e800000| Untracked 
| 233|0x000000008e900000, 0x000000008ea00000, 0x000000008ea00000|100%| O|  |TAMS 0x000000008e900000| PB 0x000000008e900000| Untracked 
| 234|0x000000008ea00000, 0x000000008eb00000, 0x000000008eb00000|100%| O|  |TAMS 0x000000008ea00000| PB 0x000000008ea00000| Untracked 
| 235|0x000000008eb00000, 0x000000008ec00000, 0x000000008ec00000|100%| O|  |TAMS 0x000000008eb00000| PB 0x000000008eb00000| Untracked 
| 236|0x000000008ec00000, 0x000000008ed00000, 0x000000008ed00000|100%| O|  |TAMS 0x000000008ec00000| PB 0x000000008ec00000| Untracked 
| 237|0x000000008ed00000, 0x000000008ee00000, 0x000000008ee00000|100%| O|  |TAMS 0x000000008ed00000| PB 0x000000008ed00000| Untracked 
| 238|0x000000008ee00000, 0x000000008ee00000, 0x000000008ef00000|  0%| F|  |TAMS 0x000000008ee00000| PB 0x000000008ee00000| Untracked 
| 239|0x000000008ef00000, 0x000000008ef00000, 0x000000008f000000|  0%| F|  |TAMS 0x000000008ef00000| PB 0x000000008ef00000| Untracked 
| 240|0x000000008f000000, 0x000000008f000000, 0x000000008f100000|  0%| F|  |TAMS 0x000000008f000000| PB 0x000000008f000000| Untracked 
| 241|0x000000008f100000, 0x000000008f100000, 0x000000008f200000|  0%| F|  |TAMS 0x000000008f100000| PB 0x000000008f100000| Untracked 
| 242|0x000000008f200000, 0x000000008f300000, 0x000000008f300000|100%| O|  |TAMS 0x000000008f200000| PB 0x000000008f200000| Untracked 
| 243|0x000000008f300000, 0x000000008f400000, 0x000000008f400000|100%| O|  |TAMS 0x000000008f300000| PB 0x000000008f300000| Untracked 
| 244|0x000000008f400000, 0x000000008f500000, 0x000000008f500000|100%| O|  |TAMS 0x000000008f400000| PB 0x000000008f400000| Untracked 
| 245|0x000000008f500000, 0x000000008f600000, 0x000000008f600000|100%| O|  |TAMS 0x000000008f500000| PB 0x000000008f500000| Untracked 
| 246|0x000000008f600000, 0x000000008f700000, 0x000000008f700000|100%| O|  |TAMS 0x000000008f600000| PB 0x000000008f600000| Untracked 
| 247|0x000000008f700000, 0x000000008f76df90, 0x000000008f800000| 42%| O|  |TAMS 0x000000008f700000| PB 0x000000008f700000| Untracked 
| 248|0x000000008f800000, 0x000000008f800000, 0x000000008f900000|  0%| F|  |TAMS 0x000000008f800000| PB 0x000000008f800000| Untracked 
| 249|0x000000008f900000, 0x000000008f900000, 0x000000008fa00000|  0%| F|  |TAMS 0x000000008f900000| PB 0x000000008f900000| Untracked 
| 250|0x000000008fa00000, 0x000000008fa00000, 0x000000008fb00000|  0%| F|  |TAMS 0x000000008fa00000| PB 0x000000008fa00000| Untracked 
| 251|0x000000008fb00000, 0x000000008fb00000, 0x000000008fc00000|  0%| F|  |TAMS 0x000000008fb00000| PB 0x000000008fb00000| Untracked 
| 252|0x000000008fc00000, 0x000000008fc00000, 0x000000008fd00000|  0%| F|  |TAMS 0x000000008fc00000| PB 0x000000008fc00000| Untracked 
| 253|0x000000008fd00000, 0x000000008fd00000, 0x000000008fe00000|  0%| F|  |TAMS 0x000000008fd00000| PB 0x000000008fd00000| Untracked 
| 254|0x000000008fe00000, 0x000000008fe00000, 0x000000008ff00000|  0%| F|  |TAMS 0x000000008fe00000| PB 0x000000008fe00000| Untracked 
| 255|0x000000008ff00000, 0x000000008ff00000, 0x0000000090000000|  0%| F|  |TAMS 0x000000008ff00000| PB 0x000000008ff00000| Untracked 
| 256|0x0000000090000000, 0x0000000090000000, 0x0000000090100000|  0%| F|  |TAMS 0x0000000090000000| PB 0x0000000090000000| Untracked 
| 257|0x0000000090100000, 0x0000000090100000, 0x0000000090200000|  0%| F|  |TAMS 0x0000000090100000| PB 0x0000000090100000| Untracked 
| 258|0x0000000090200000, 0x0000000090200000, 0x0000000090300000|  0%| F|  |TAMS 0x0000000090200000| PB 0x0000000090200000| Untracked 
| 259|0x0000000090300000, 0x0000000090300000, 0x0000000090400000|  0%| F|  |TAMS 0x0000000090300000| PB 0x0000000090300000| Untracked 
| 260|0x0000000090400000, 0x0000000090400000, 0x0000000090500000|  0%| F|  |TAMS 0x0000000090400000| PB 0x0000000090400000| Untracked 
| 261|0x0000000090500000, 0x0000000090500000, 0x0000000090600000|  0%| F|  |TAMS 0x0000000090500000| PB 0x0000000090500000| Untracked 
| 262|0x0000000090600000, 0x0000000090600000, 0x0000000090700000|  0%| F|  |TAMS 0x0000000090600000| PB 0x0000000090600000| Untracked 
| 263|0x0000000090700000, 0x0000000090700000, 0x0000000090800000|  0%| F|  |TAMS 0x0000000090700000| PB 0x0000000090700000| Untracked 
| 264|0x0000000090800000, 0x0000000090800000, 0x0000000090900000|  0%| F|  |TAMS 0x0000000090800000| PB 0x0000000090800000| Untracked 
| 265|0x0000000090900000, 0x0000000090900000, 0x0000000090a00000|  0%| F|  |TAMS 0x0000000090900000| PB 0x0000000090900000| Untracked 
| 266|0x0000000090a00000, 0x0000000090a00000, 0x0000000090b00000|  0%| F|  |TAMS 0x0000000090a00000| PB 0x0000000090a00000| Untracked 
| 267|0x0000000090b00000, 0x0000000090b00000, 0x0000000090c00000|  0%| F|  |TAMS 0x0000000090b00000| PB 0x0000000090b00000| Untracked 
| 268|0x0000000090c00000, 0x0000000090c00000, 0x0000000090d00000|  0%| F|  |TAMS 0x0000000090c00000| PB 0x0000000090c00000| Untracked 
| 269|0x0000000090d00000, 0x0000000090d00000, 0x0000000090e00000|  0%| F|  |TAMS 0x0000000090d00000| PB 0x0000000090d00000| Untracked 
| 270|0x0000000090e00000, 0x0000000090e00000, 0x0000000090f00000|  0%| F|  |TAMS 0x0000000090e00000| PB 0x0000000090e00000| Untracked 
| 271|0x0000000090f00000, 0x0000000090f00000, 0x0000000091000000|  0%| F|  |TAMS 0x0000000090f00000| PB 0x0000000090f00000| Untracked 
| 272|0x0000000091000000, 0x0000000091000000, 0x0000000091100000|  0%| F|  |TAMS 0x0000000091000000| PB 0x0000000091000000| Untracked 
| 273|0x0000000091100000, 0x0000000091100000, 0x0000000091200000|  0%| F|  |TAMS 0x0000000091100000| PB 0x0000000091100000| Untracked 
| 274|0x0000000091200000, 0x0000000091200000, 0x0000000091300000|  0%| F|  |TAMS 0x0000000091200000| PB 0x0000000091200000| Untracked 
| 275|0x0000000091300000, 0x0000000091300000, 0x0000000091400000|  0%| F|  |TAMS 0x0000000091300000| PB 0x0000000091300000| Untracked 
| 276|0x0000000091400000, 0x0000000091400000, 0x0000000091500000|  0%| F|  |TAMS 0x0000000091400000| PB 0x0000000091400000| Untracked 
| 277|0x0000000091500000, 0x0000000091500000, 0x0000000091600000|  0%| F|  |TAMS 0x0000000091500000| PB 0x0000000091500000| Untracked 
| 278|0x0000000091600000, 0x0000000091600000, 0x0000000091700000|  0%| F|  |TAMS 0x0000000091600000| PB 0x0000000091600000| Untracked 
| 279|0x0000000091700000, 0x0000000091700000, 0x0000000091800000|  0%| F|  |TAMS 0x0000000091700000| PB 0x0000000091700000| Untracked 
| 280|0x0000000091800000, 0x0000000091800000, 0x0000000091900000|  0%| F|  |TAMS 0x0000000091800000| PB 0x0000000091800000| Untracked 
| 281|0x0000000091900000, 0x0000000091900000, 0x0000000091a00000|  0%| F|  |TAMS 0x0000000091900000| PB 0x0000000091900000| Untracked 
| 282|0x0000000091a00000, 0x0000000091a00000, 0x0000000091b00000|  0%| F|  |TAMS 0x0000000091a00000| PB 0x0000000091a00000| Untracked 
| 283|0x0000000091b00000, 0x0000000091b00000, 0x0000000091c00000|  0%| F|  |TAMS 0x0000000091b00000| PB 0x0000000091b00000| Untracked 
| 284|0x0000000091c00000, 0x0000000091c00000, 0x0000000091d00000|  0%| F|  |TAMS 0x0000000091c00000| PB 0x0000000091c00000| Untracked 
| 285|0x0000000091d00000, 0x0000000091d00000, 0x0000000091e00000|  0%| F|  |TAMS 0x0000000091d00000| PB 0x0000000091d00000| Untracked 
| 286|0x0000000091e00000, 0x0000000091e00000, 0x0000000091f00000|  0%| F|  |TAMS 0x0000000091e00000| PB 0x0000000091e00000| Untracked 
| 287|0x0000000091f00000, 0x0000000091f00000, 0x0000000092000000|  0%| F|  |TAMS 0x0000000091f00000| PB 0x0000000091f00000| Untracked 
| 288|0x0000000092000000, 0x0000000092000000, 0x0000000092100000|  0%| F|  |TAMS 0x0000000092000000| PB 0x0000000092000000| Untracked 
| 289|0x0000000092100000, 0x0000000092100000, 0x0000000092200000|  0%| F|  |TAMS 0x0000000092100000| PB 0x0000000092100000| Untracked 
| 290|0x0000000092200000, 0x0000000092200000, 0x0000000092300000|  0%| F|  |TAMS 0x0000000092200000| PB 0x0000000092200000| Untracked 
| 291|0x0000000092300000, 0x0000000092300000, 0x0000000092400000|  0%| F|  |TAMS 0x0000000092300000| PB 0x0000000092300000| Untracked 
| 292|0x0000000092400000, 0x0000000092400000, 0x0000000092500000|  0%| F|  |TAMS 0x0000000092400000| PB 0x0000000092400000| Untracked 
| 293|0x0000000092500000, 0x0000000092500000, 0x0000000092600000|  0%| F|  |TAMS 0x0000000092500000| PB 0x0000000092500000| Untracked 
| 294|0x0000000092600000, 0x0000000092600000, 0x0000000092700000|  0%| F|  |TAMS 0x0000000092600000| PB 0x0000000092600000| Untracked 
| 295|0x0000000092700000, 0x0000000092700000, 0x0000000092800000|  0%| F|  |TAMS 0x0000000092700000| PB 0x0000000092700000| Untracked 
| 296|0x0000000092800000, 0x0000000092800000, 0x0000000092900000|  0%| F|  |TAMS 0x0000000092800000| PB 0x0000000092800000| Untracked 
| 297|0x0000000092900000, 0x0000000092900000, 0x0000000092a00000|  0%| F|  |TAMS 0x0000000092900000| PB 0x0000000092900000| Untracked 
| 298|0x0000000092a00000, 0x0000000092a00000, 0x0000000092b00000|  0%| F|  |TAMS 0x0000000092a00000| PB 0x0000000092a00000| Untracked 
| 299|0x0000000092b00000, 0x0000000092b00000, 0x0000000092c00000|  0%| F|  |TAMS 0x0000000092b00000| PB 0x0000000092b00000| Untracked 
| 300|0x0000000092c00000, 0x0000000092c00000, 0x0000000092d00000|  0%| F|  |TAMS 0x0000000092c00000| PB 0x0000000092c00000| Untracked 
| 301|0x0000000092d00000, 0x0000000092d00000, 0x0000000092e00000|  0%| F|  |TAMS 0x0000000092d00000| PB 0x0000000092d00000| Untracked 
| 302|0x0000000092e00000, 0x0000000092e00000, 0x0000000092f00000|  0%| F|  |TAMS 0x0000000092e00000| PB 0x0000000092e00000| Untracked 
| 303|0x0000000092f00000, 0x0000000092f00000, 0x0000000093000000|  0%| F|  |TAMS 0x0000000092f00000| PB 0x0000000092f00000| Untracked 
| 304|0x0000000093000000, 0x0000000093000000, 0x0000000093100000|  0%| F|  |TAMS 0x0000000093000000| PB 0x0000000093000000| Untracked 
| 305|0x0000000093100000, 0x0000000093100000, 0x0000000093200000|  0%| F|  |TAMS 0x0000000093100000| PB 0x0000000093100000| Untracked 
| 306|0x0000000093200000, 0x0000000093200000, 0x0000000093300000|  0%| F|  |TAMS 0x0000000093200000| PB 0x0000000093200000| Untracked 
| 307|0x0000000093300000, 0x0000000093300000, 0x0000000093400000|  0%| F|  |TAMS 0x0000000093300000| PB 0x0000000093300000| Untracked 
| 308|0x0000000093400000, 0x0000000093400000, 0x0000000093500000|  0%| F|  |TAMS 0x0000000093400000| PB 0x0000000093400000| Untracked 
| 309|0x0000000093500000, 0x0000000093500000, 0x0000000093600000|  0%| F|  |TAMS 0x0000000093500000| PB 0x0000000093500000| Untracked 
| 310|0x0000000093600000, 0x0000000093600000, 0x0000000093700000|  0%| F|  |TAMS 0x0000000093600000| PB 0x0000000093600000| Untracked 
| 311|0x0000000093700000, 0x0000000093700000, 0x0000000093800000|  0%| F|  |TAMS 0x0000000093700000| PB 0x0000000093700000| Untracked 
| 312|0x0000000093800000, 0x0000000093900000, 0x0000000093900000|100%| S|CS|TAMS 0x0000000093800000| PB 0x0000000093800000| Complete 
| 313|0x0000000093900000, 0x0000000093a00000, 0x0000000093a00000|100%| S|CS|TAMS 0x0000000093900000| PB 0x0000000093900000| Complete 
| 314|0x0000000093a00000, 0x0000000093b00000, 0x0000000093b00000|100%| S|CS|TAMS 0x0000000093a00000| PB 0x0000000093a00000| Complete 
| 315|0x0000000093b00000, 0x0000000093c00000, 0x0000000093c00000|100%| S|CS|TAMS 0x0000000093b00000| PB 0x0000000093b00000| Complete 
| 316|0x0000000093c00000, 0x0000000093d00000, 0x0000000093d00000|100%| S|CS|TAMS 0x0000000093c00000| PB 0x0000000093c00000| Complete 
| 317|0x0000000093d00000, 0x0000000093e00000, 0x0000000093e00000|100%| S|CS|TAMS 0x0000000093d00000| PB 0x0000000093d00000| Complete 
| 318|0x0000000093e00000, 0x0000000093f00000, 0x0000000093f00000|100%| S|CS|TAMS 0x0000000093e00000| PB 0x0000000093e00000| Complete 
| 319|0x0000000093f00000, 0x0000000094000000, 0x0000000094000000|100%| S|CS|TAMS 0x0000000093f00000| PB 0x0000000093f00000| Complete 
| 320|0x0000000094000000, 0x0000000094100000, 0x0000000094100000|100%| S|CS|TAMS 0x0000000094000000| PB 0x0000000094000000| Complete 
| 321|0x0000000094100000, 0x0000000094200000, 0x0000000094200000|100%| S|CS|TAMS 0x0000000094100000| PB 0x0000000094100000| Complete 
| 322|0x0000000094200000, 0x0000000094300000, 0x0000000094300000|100%| S|CS|TAMS 0x0000000094200000| PB 0x0000000094200000| Complete 
| 323|0x0000000094300000, 0x0000000094400000, 0x0000000094400000|100%| S|CS|TAMS 0x0000000094300000| PB 0x0000000094300000| Complete 
| 324|0x0000000094400000, 0x0000000094500000, 0x0000000094500000|100%| S|CS|TAMS 0x0000000094400000| PB 0x0000000094400000| Complete 
| 325|0x0000000094500000, 0x0000000094500000, 0x0000000094600000|  0%| F|  |TAMS 0x0000000094500000| PB 0x0000000094500000| Untracked 
| 326|0x0000000094600000, 0x0000000094600000, 0x0000000094700000|  0%| F|  |TAMS 0x0000000094600000| PB 0x0000000094600000| Untracked 
| 327|0x0000000094700000, 0x0000000094700000, 0x0000000094800000|  0%| F|  |TAMS 0x0000000094700000| PB 0x0000000094700000| Untracked 
| 328|0x0000000094800000, 0x0000000094800000, 0x0000000094900000|  0%| F|  |TAMS 0x0000000094800000| PB 0x0000000094800000| Untracked 
| 329|0x0000000094900000, 0x0000000094900000, 0x0000000094a00000|  0%| F|  |TAMS 0x0000000094900000| PB 0x0000000094900000| Untracked 
| 330|0x0000000094a00000, 0x0000000094a00000, 0x0000000094b00000|  0%| F|  |TAMS 0x0000000094a00000| PB 0x0000000094a00000| Untracked 
| 331|0x0000000094b00000, 0x0000000094b00000, 0x0000000094c00000|  0%| F|  |TAMS 0x0000000094b00000| PB 0x0000000094b00000| Untracked 
| 332|0x0000000094c00000, 0x0000000094c00000, 0x0000000094d00000|  0%| F|  |TAMS 0x0000000094c00000| PB 0x0000000094c00000| Untracked 
| 333|0x0000000094d00000, 0x0000000094d00000, 0x0000000094e00000|  0%| F|  |TAMS 0x0000000094d00000| PB 0x0000000094d00000| Untracked 
| 334|0x0000000094e00000, 0x0000000094e00000, 0x0000000094f00000|  0%| F|  |TAMS 0x0000000094e00000| PB 0x0000000094e00000| Untracked 
| 335|0x0000000094f00000, 0x0000000094f00000, 0x0000000095000000|  0%| F|  |TAMS 0x0000000094f00000| PB 0x0000000094f00000| Untracked 
| 336|0x0000000095000000, 0x0000000095000000, 0x0000000095100000|  0%| F|  |TAMS 0x0000000095000000| PB 0x0000000095000000| Untracked 
| 337|0x0000000095100000, 0x0000000095100000, 0x0000000095200000|  0%| F|  |TAMS 0x0000000095100000| PB 0x0000000095100000| Untracked 
| 338|0x0000000095200000, 0x0000000095200000, 0x0000000095300000|  0%| F|  |TAMS 0x0000000095200000| PB 0x0000000095200000| Untracked 
| 339|0x0000000095300000, 0x0000000095300000, 0x0000000095400000|  0%| F|  |TAMS 0x0000000095300000| PB 0x0000000095300000| Untracked 
| 340|0x0000000095400000, 0x0000000095400000, 0x0000000095500000|  0%| F|  |TAMS 0x0000000095400000| PB 0x0000000095400000| Untracked 
| 341|0x0000000095500000, 0x0000000095500000, 0x0000000095600000|  0%| F|  |TAMS 0x0000000095500000| PB 0x0000000095500000| Untracked 
| 342|0x0000000095600000, 0x0000000095600000, 0x0000000095700000|  0%| F|  |TAMS 0x0000000095600000| PB 0x0000000095600000| Untracked 
| 343|0x0000000095700000, 0x0000000095700000, 0x0000000095800000|  0%| F|  |TAMS 0x0000000095700000| PB 0x0000000095700000| Untracked 
| 344|0x0000000095800000, 0x0000000095800000, 0x0000000095900000|  0%| F|  |TAMS 0x0000000095800000| PB 0x0000000095800000| Untracked 
| 345|0x0000000095900000, 0x0000000095900000, 0x0000000095a00000|  0%| F|  |TAMS 0x0000000095900000| PB 0x0000000095900000| Untracked 
| 346|0x0000000095a00000, 0x0000000095a00000, 0x0000000095b00000|  0%| F|  |TAMS 0x0000000095a00000| PB 0x0000000095a00000| Untracked 
| 347|0x0000000095b00000, 0x0000000095b00000, 0x0000000095c00000|  0%| F|  |TAMS 0x0000000095b00000| PB 0x0000000095b00000| Untracked 
| 348|0x0000000095c00000, 0x0000000095c00000, 0x0000000095d00000|  0%| F|  |TAMS 0x0000000095c00000| PB 0x0000000095c00000| Untracked 
| 349|0x0000000095d00000, 0x0000000095d00000, 0x0000000095e00000|  0%| F|  |TAMS 0x0000000095d00000| PB 0x0000000095d00000| Untracked 
| 350|0x0000000095e00000, 0x0000000095e00000, 0x0000000095f00000|  0%| F|  |TAMS 0x0000000095e00000| PB 0x0000000095e00000| Untracked 
| 351|0x0000000095f00000, 0x0000000095f00000, 0x0000000096000000|  0%| F|  |TAMS 0x0000000095f00000| PB 0x0000000095f00000| Untracked 
| 352|0x0000000096000000, 0x0000000096000000, 0x0000000096100000|  0%| F|  |TAMS 0x0000000096000000| PB 0x0000000096000000| Untracked 
| 353|0x0000000096100000, 0x0000000096100000, 0x0000000096200000|  0%| F|  |TAMS 0x0000000096100000| PB 0x0000000096100000| Untracked 
| 354|0x0000000096200000, 0x0000000096200000, 0x0000000096300000|  0%| F|  |TAMS 0x0000000096200000| PB 0x0000000096200000| Untracked 
| 355|0x0000000096300000, 0x00000000963872d8, 0x0000000096400000| 52%| E|  |TAMS 0x0000000096300000| PB 0x0000000096300000| Complete 
| 356|0x0000000096400000, 0x0000000096500000, 0x0000000096500000|100%| E|CS|TAMS 0x0000000096400000| PB 0x0000000096400000| Complete 
| 357|0x0000000096500000, 0x0000000096600000, 0x0000000096600000|100%| E|CS|TAMS 0x0000000096500000| PB 0x0000000096500000| Complete 
| 358|0x0000000096600000, 0x0000000096700000, 0x0000000096700000|100%| E|CS|TAMS 0x0000000096600000| PB 0x0000000096600000| Complete 
| 359|0x0000000096700000, 0x0000000096800000, 0x0000000096800000|100%| E|CS|TAMS 0x0000000096700000| PB 0x0000000096700000| Complete 
| 360|0x0000000096800000, 0x0000000096900000, 0x0000000096900000|100%| E|CS|TAMS 0x0000000096800000| PB 0x0000000096800000| Complete 
| 361|0x0000000096900000, 0x0000000096a00000, 0x0000000096a00000|100%| E|CS|TAMS 0x0000000096900000| PB 0x0000000096900000| Complete 
| 362|0x0000000096a00000, 0x0000000096b00000, 0x0000000096b00000|100%| E|CS|TAMS 0x0000000096a00000| PB 0x0000000096a00000| Complete 
| 363|0x0000000096b00000, 0x0000000096c00000, 0x0000000096c00000|100%| E|CS|TAMS 0x0000000096b00000| PB 0x0000000096b00000| Complete 
| 364|0x0000000096c00000, 0x0000000096d00000, 0x0000000096d00000|100%| E|CS|TAMS 0x0000000096c00000| PB 0x0000000096c00000| Complete 
| 365|0x0000000096d00000, 0x0000000096e00000, 0x0000000096e00000|100%| E|CS|TAMS 0x0000000096d00000| PB 0x0000000096d00000| Complete 
| 366|0x0000000096e00000, 0x0000000096f00000, 0x0000000096f00000|100%| E|CS|TAMS 0x0000000096e00000| PB 0x0000000096e00000| Complete 
| 367|0x0000000096f00000, 0x0000000097000000, 0x0000000097000000|100%| E|CS|TAMS 0x0000000096f00000| PB 0x0000000096f00000| Complete 
| 368|0x0000000097000000, 0x0000000097100000, 0x0000000097100000|100%| E|CS|TAMS 0x0000000097000000| PB 0x0000000097000000| Complete 
| 369|0x0000000097100000, 0x0000000097200000, 0x0000000097200000|100%| E|CS|TAMS 0x0000000097100000| PB 0x0000000097100000| Complete 
| 370|0x0000000097200000, 0x0000000097300000, 0x0000000097300000|100%| E|CS|TAMS 0x0000000097200000| PB 0x0000000097200000| Complete 
| 371|0x0000000097300000, 0x0000000097400000, 0x0000000097400000|100%| E|CS|TAMS 0x0000000097300000| PB 0x0000000097300000| Complete 
| 372|0x0000000097400000, 0x0000000097500000, 0x0000000097500000|100%| E|CS|TAMS 0x0000000097400000| PB 0x0000000097400000| Complete 
| 373|0x0000000097500000, 0x0000000097600000, 0x0000000097600000|100%| E|CS|TAMS 0x0000000097500000| PB 0x0000000097500000| Complete 
| 374|0x0000000097600000, 0x0000000097700000, 0x0000000097700000|100%| E|CS|TAMS 0x0000000097600000| PB 0x0000000097600000| Complete 
| 375|0x0000000097700000, 0x0000000097800000, 0x0000000097800000|100%| E|CS|TAMS 0x0000000097700000| PB 0x0000000097700000| Complete 
| 376|0x0000000097800000, 0x0000000097900000, 0x0000000097900000|100%| E|CS|TAMS 0x0000000097800000| PB 0x0000000097800000| Complete 
| 377|0x0000000097900000, 0x0000000097a00000, 0x0000000097a00000|100%| E|CS|TAMS 0x0000000097900000| PB 0x0000000097900000| Complete 
| 378|0x0000000097a00000, 0x0000000097b00000, 0x0000000097b00000|100%| E|CS|TAMS 0x0000000097a00000| PB 0x0000000097a00000| Complete 
| 379|0x0000000097b00000, 0x0000000097c00000, 0x0000000097c00000|100%| E|CS|TAMS 0x0000000097b00000| PB 0x0000000097b00000| Complete 
| 380|0x0000000097c00000, 0x0000000097d00000, 0x0000000097d00000|100%| E|CS|TAMS 0x0000000097c00000| PB 0x0000000097c00000| Complete 
| 381|0x0000000097d00000, 0x0000000097e00000, 0x0000000097e00000|100%| E|CS|TAMS 0x0000000097d00000| PB 0x0000000097d00000| Complete 
| 382|0x0000000097e00000, 0x0000000097f00000, 0x0000000097f00000|100%| E|CS|TAMS 0x0000000097e00000| PB 0x0000000097e00000| Complete 
| 383|0x0000000097f00000, 0x0000000098000000, 0x0000000098000000|100%| E|CS|TAMS 0x0000000097f00000| PB 0x0000000097f00000| Complete 
| 384|0x0000000098000000, 0x0000000098100000, 0x0000000098100000|100%| E|CS|TAMS 0x0000000098000000| PB 0x0000000098000000| Complete 
| 385|0x0000000098100000, 0x0000000098200000, 0x0000000098200000|100%| E|CS|TAMS 0x0000000098100000| PB 0x0000000098100000| Complete 
| 386|0x0000000098200000, 0x0000000098300000, 0x0000000098300000|100%| E|CS|TAMS 0x0000000098200000| PB 0x0000000098200000| Complete 
| 387|0x0000000098300000, 0x0000000098400000, 0x0000000098400000|100%| E|CS|TAMS 0x0000000098300000| PB 0x0000000098300000| Complete 
| 388|0x0000000098400000, 0x0000000098500000, 0x0000000098500000|100%| E|CS|TAMS 0x0000000098400000| PB 0x0000000098400000| Complete 
| 389|0x0000000098500000, 0x0000000098600000, 0x0000000098600000|100%| E|CS|TAMS 0x0000000098500000| PB 0x0000000098500000| Complete 
| 390|0x0000000098600000, 0x0000000098700000, 0x0000000098700000|100%| E|CS|TAMS 0x0000000098600000| PB 0x0000000098600000| Complete 
| 391|0x0000000098700000, 0x0000000098800000, 0x0000000098800000|100%| E|CS|TAMS 0x0000000098700000| PB 0x0000000098700000| Complete 
| 392|0x0000000098800000, 0x0000000098900000, 0x0000000098900000|100%| E|CS|TAMS 0x0000000098800000| PB 0x0000000098800000| Complete 
| 393|0x0000000098900000, 0x0000000098a00000, 0x0000000098a00000|100%| E|CS|TAMS 0x0000000098900000| PB 0x0000000098900000| Complete 
| 394|0x0000000098a00000, 0x0000000098b00000, 0x0000000098b00000|100%| E|CS|TAMS 0x0000000098a00000| PB 0x0000000098a00000| Complete 
|2029|0x00000000fed00000, 0x00000000fee00000, 0x00000000fee00000|100%| O|  |TAMS 0x00000000fed00000| PB 0x00000000fed00000| Untracked 
|2030|0x00000000fee00000, 0x00000000fef00000, 0x00000000fef00000|100%| O|  |TAMS 0x00000000fee00000| PB 0x00000000fee00000| Untracked 
|2031|0x00000000fef00000, 0x00000000ff000000, 0x00000000ff000000|100%| O|  |TAMS 0x00000000fef00000| PB 0x00000000fef00000| Untracked 
|2032|0x00000000ff000000, 0x00000000ff100000, 0x00000000ff100000|100%| O|  |TAMS 0x00000000ff000000| PB 0x00000000ff000000| Untracked 
|2033|0x00000000ff100000, 0x00000000ff200000, 0x00000000ff200000|100%| E|CS|TAMS 0x00000000ff100000| PB 0x00000000ff100000| Complete 
|2034|0x00000000ff200000, 0x00000000ff300000, 0x00000000ff300000|100%| E|CS|TAMS 0x00000000ff200000| PB 0x00000000ff200000| Complete 
|2035|0x00000000ff300000, 0x00000000ff400000, 0x00000000ff400000|100%| E|CS|TAMS 0x00000000ff300000| PB 0x00000000ff300000| Complete 
|2036|0x00000000ff400000, 0x00000000ff500000, 0x00000000ff500000|100%| E|CS|TAMS 0x00000000ff400000| PB 0x00000000ff400000| Complete 
|2037|0x00000000ff500000, 0x00000000ff600000, 0x00000000ff600000|100%| E|CS|TAMS 0x00000000ff500000| PB 0x00000000ff500000| Complete 
|2038|0x00000000ff600000, 0x00000000ff700000, 0x00000000ff700000|100%| E|CS|TAMS 0x00000000ff600000| PB 0x00000000ff600000| Complete 
|2039|0x00000000ff700000, 0x00000000ff800000, 0x00000000ff800000|100%| E|CS|TAMS 0x00000000ff700000| PB 0x00000000ff700000| Complete 
|2040|0x00000000ff800000, 0x00000000ff900000, 0x00000000ff900000|100%| E|CS|TAMS 0x00000000ff800000| PB 0x00000000ff800000| Complete 
|2041|0x00000000ff900000, 0x00000000ffa00000, 0x00000000ffa00000|100%| E|CS|TAMS 0x00000000ff900000| PB 0x00000000ff900000| Complete 
|2042|0x00000000ffa00000, 0x00000000ffb00000, 0x00000000ffb00000|100%| E|CS|TAMS 0x00000000ffa00000| PB 0x00000000ffa00000| Complete 
|2043|0x00000000ffb00000, 0x00000000ffc00000, 0x00000000ffc00000|100%| E|CS|TAMS 0x00000000ffb00000| PB 0x00000000ffb00000| Complete 
|2044|0x00000000ffc00000, 0x00000000ffd00000, 0x00000000ffd00000|100%| E|CS|TAMS 0x00000000ffc00000| PB 0x00000000ffc00000| Complete 
|2045|0x00000000ffd00000, 0x00000000ffe00000, 0x00000000ffe00000|100%| E|CS|TAMS 0x00000000ffd00000| PB 0x00000000ffd00000| Complete 
|2046|0x00000000ffe00000, 0x00000000fff00000, 0x00000000fff00000|100%| E|  |TAMS 0x00000000ffe00000| PB 0x00000000ffe00000| Complete 
|2047|0x00000000fff00000, 0x0000000100000000, 0x0000000100000000|100%| E|CS|TAMS 0x00000000fff00000| PB 0x00000000fff00000| Complete 

Card table byte_map: [0x0000028368af0000,0x0000028368ef0000] _byte_map_base: 0x00000283686f0000

Marking Bits: (CMBitMap*) 0x0000028355ffca30
 Bits: [0x0000028368ef0000, 0x000002836aef0000)

Polling page: 0x0000028353d70000

Metaspace:

Usage:
  Non-class:    104.19 MB used.
      Class:     16.62 MB used.
       Both:    120.81 MB used.

Virtual space:
  Non-class space:      128.00 MB reserved,     105.06 MB ( 82%) committed,  2 nodes.
      Class space:      832.00 MB reserved,      17.44 MB (  2%) committed,  1 nodes.
             Both:      960.00 MB reserved,     122.50 MB ( 13%) committed. 

Chunk freelists:
   Non-Class:  6.25 MB
       Class:  14.48 MB
        Both:  20.73 MB

MaxMetaspaceSize: 1.00 GB
CompressedClassSpaceSize: 832.00 MB
Initial GC threshold: 21.00 MB
Current GC threshold: 204.00 MB
CDS: on
 - commit_granule_bytes: 65536.
 - commit_granule_words: 8192.
 - virtual_space_node_default_size: 8388608.
 - enlarge_chunks_in_place: 1.
 - use_allocation_guard: 0.


Internal statistics:

num_allocs_failed_limit: 9.
num_arena_births: 6576.
num_arena_deaths: 3838.
num_vsnodes_births: 3.
num_vsnodes_deaths: 0.
num_space_committed: 1960.
num_space_uncommitted: 0.
num_chunks_returned_to_freelist: 4509.
num_chunks_taken_from_freelist: 13464.
num_chunk_merges: 1507.
num_chunk_splits: 7879.
num_chunks_enlarged: 4910.
num_inconsistent_stats: 0.

CodeHeap 'non-profiled nmethods': size=120000Kb used=14472Kb max_used=14543Kb free=105527Kb
 bounds [0x0000028360c70000, 0x0000028361ab0000, 0x00000283681a0000]
CodeHeap 'profiled nmethods': size=120000Kb used=29534Kb max_used=31063Kb free=90466Kb
 bounds [0x00000283591a0000, 0x000002835b050000, 0x00000283606d0000]
CodeHeap 'non-nmethods': size=5760Kb used=2845Kb max_used=2892Kb free=2914Kb
 bounds [0x00000283606d0000, 0x00000283609c0000, 0x0000028360c70000]
CodeCache: size=245760Kb, used=46851Kb, max_used=48498Kb, free=198907Kb
 total_blobs=15694, nmethods=14608, adapters=987, full_count=0
Compilation: enabled, stopped_count=0, restarted_count=0

Compilation events (20 events):
Event: 7685.011 Thread 0x000002836da8b290 23491       3       org.gradle.api.internal.plugins.DefaultPluginManager$AddPluginBuildOperation::run (33 bytes)
Event: 7685.015 Thread 0x000002836da8b290 nmethod 23491 0x000002835a5a8890 code [0x000002835a5a8a60, 0x000002835a5a8cf8]
Event: 7685.015 Thread 0x000002836da8b290 23492       3       org.gradle.api.internal.plugins.DefaultPluginManager::access$100 (10 bytes)
Event: 7685.016 Thread 0x000002836da8b290 nmethod 23492 0x0000028359b33810 code [0x0000028359b339c0, 0x0000028359b33ae0]
Event: 7685.016 Thread 0x000002836da8b290 23493       3       org.gradle.api.internal.plugins.DefaultPluginManager::addPlugin (104 bytes)
Event: 7685.023 Thread 0x000002836da8b290 nmethod 23493 0x000002835ae18410 code [0x000002835ae18720, 0x000002835ae19980]
Event: 7685.023 Thread 0x000002836da8b290 23494       3       org.gradle.api.internal.plugins.DefaultPotentialPluginWithId::isImperative (10 bytes)
Event: 7685.023 Thread 0x000002836da8b290 nmethod 23494 0x000002835a56e990 code [0x000002835a56eb40, 0x000002835a56ed18]
Event: 7685.023 Thread 0x000002836da8b290 23495       3       org.gradle.api.internal.plugins.DefaultPluginManager::producePluginInstance (28 bytes)
Event: 7685.023 Thread 0x000002836da8b290 nmethod 23495 0x000002835980a210 code [0x000002835980a3e0, 0x000002835980a710]
Event: 7685.023 Thread 0x000002836da8b290 23496   !   3       org.gradle.api.internal.plugins.DefaultPluginManager::instantiatePlugin (44 bytes)
Event: 7685.026 Thread 0x000002836da8b290 nmethod 23496 0x0000028359711310 code [0x00000283597115e0, 0x00000283597123f8]
Event: 7685.036 Thread 0x000002836da8b290 23497   !   3       jdk.internal.loader.AbstractClassLoaderValue::get (21 bytes)
Event: 7685.046 Thread 0x000002836da8b290 nmethod 23497 0x0000028359d87010 code [0x0000028359d87220, 0x0000028359d878c0]
Event: 7685.064 Thread 0x000002836da8b290 23499       3       jdk.xml.internal.SecuritySupport::getSystemProperty (13 bytes)
Event: 7685.067 Thread 0x000002836da8b290 nmethod 23499 0x00000283596b1390 code [0x00000283596b15e0, 0x00000283596b1f18]
Event: 7685.067 Thread 0x000002836da8b290 23500       3       jdk.xml.internal.SecuritySupport$$Lambda/0x000002830154f7e8::<init> (10 bytes)
Event: 7685.067 Thread 0x000002836da8b290 nmethod 23500 0x000002835a323890 code [0x000002835a323a40, 0x000002835a323bf8]
Event: 7685.075 Thread 0x000002836da8b290 23501       3       org.gradle.internal.event.DefaultListenerManager::registrationProvides (46 bytes)
Event: 7685.076 Thread 0x000002836da8b290 nmethod 23501 0x000002835a00d210 code [0x000002835a00d420, 0x000002835a00daf0]

GC Heap History (20 events):
Event: 7095.866 GC heap before
{Heap before GC invocations=63 (full 1):
 garbage-first heap   total 329728K, used 264983K [0x0000000080000000, 0x0000000100000000)
  region size 1024K, 137 young (140288K), 0 survivors (0K)
 Metaspace       used 110843K, committed 115712K, reserved 983040K
  class space    used 15463K, committed 17344K, reserved 851968K
}
Event: 7095.898 GC heap after
{Heap after GC invocations=64 (full 1):
 garbage-first heap   total 329728K, used 132472K [0x0000000080000000, 0x0000000100000000)
  region size 1024K, 8 young (8192K), 8 survivors (8192K)
 Metaspace       used 110843K, committed 115712K, reserved 983040K
  class space    used 15463K, committed 17344K, reserved 851968K
}
Event: 7126.505 GC heap before
{Heap before GC invocations=64 (full 1):
 garbage-first heap   total 329728K, used 301432K [0x0000000080000000, 0x0000000100000000)
  region size 1024K, 174 young (178176K), 8 survivors (8192K)
 Metaspace       used 112502K, committed 115840K, reserved 983040K
  class space    used 15621K, committed 17344K, reserved 851968K
}
Event: 7126.572 GC heap after
{Heap after GC invocations=65 (full 1):
 garbage-first heap   total 329728K, used 145408K [0x0000000080000000, 0x0000000100000000)
  region size 1024K, 21 young (21504K), 21 survivors (21504K)
 Metaspace       used 112502K, committed 115840K, reserved 983040K
  class space    used 15621K, committed 17344K, reserved 851968K
}
Event: 7132.438 GC heap before
{Heap before GC invocations=65 (full 1):
 garbage-first heap   total 329728K, used 290816K [0x0000000080000000, 0x0000000100000000)
  region size 1024K, 163 young (166912K), 21 survivors (21504K)
 Metaspace       used 112804K, committed 115840K, reserved 983040K
  class space    used 15633K, committed 17344K, reserved 851968K
}
Event: 7132.486 GC heap after
{Heap after GC invocations=66 (full 1):
 garbage-first heap   total 337920K, used 165438K [0x0000000080000000, 0x0000000100000000)
  region size 1024K, 20 young (20480K), 20 survivors (20480K)
 Metaspace       used 112804K, committed 115840K, reserved 983040K
  class space    used 15633K, committed 17344K, reserved 851968K
}
Event: 7135.876 GC heap before
{Heap before GC invocations=67 (full 1):
 garbage-first heap   total 337920K, used 297534K [0x0000000080000000, 0x0000000100000000)
  region size 1024K, 149 young (152576K), 20 survivors (20480K)
 Metaspace       used 115347K, committed 117568K, reserved 983040K
  class space    used 15969K, committed 17344K, reserved 851968K
}
Event: 7135.916 GC heap after
{Heap after GC invocations=68 (full 1):
 garbage-first heap   total 338944K, used 180503K [0x0000000080000000, 0x0000000100000000)
  region size 1024K, 15 young (15360K), 15 survivors (15360K)
 Metaspace       used 115347K, committed 117568K, reserved 983040K
  class space    used 15969K, committed 17344K, reserved 851968K
}
Event: 7138.583 GC heap before
{Heap before GC invocations=68 (full 1):
 garbage-first heap   total 338944K, used 299287K [0x0000000080000000, 0x0000000100000000)
  region size 1024K, 130 young (133120K), 15 survivors (15360K)
 Metaspace       used 121582K, committed 123392K, reserved 983040K
  class space    used 16841K, committed 17728K, reserved 851968K
}
Event: 7138.615 GC heap after
{Heap after GC invocations=69 (full 1):
 garbage-first heap   total 338944K, used 194598K [0x0000000080000000, 0x0000000100000000)
  region size 1024K, 12 young (12288K), 12 survivors (12288K)
 Metaspace       used 121582K, committed 123392K, reserved 983040K
  class space    used 16841K, committed 17728K, reserved 851968K
}
Event: 7140.321 GC heap before
{Heap before GC invocations=69 (full 1):
 garbage-first heap   total 338944K, used 289830K [0x0000000080000000, 0x0000000100000000)
  region size 1024K, 106 young (108544K), 12 survivors (12288K)
 Metaspace       used 123141K, committed 124864K, reserved 983040K
  class space    used 17035K, committed 17856K, reserved 851968K
}
Event: 7140.361 GC heap after
{Heap after GC invocations=70 (full 1):
 garbage-first heap   total 338944K, used 220710K [0x0000000080000000, 0x0000000100000000)
  region size 1024K, 15 young (15360K), 15 survivors (15360K)
 Metaspace       used 123141K, committed 124864K, reserved 983040K
  class space    used 17035K, committed 17856K, reserved 851968K
}
Event: 7606.909 GC heap before
{Heap before GC invocations=71 (full 1):
 garbage-first heap   total 375808K, used 299558K [0x0000000080000000, 0x0000000100000000)
  region size 1024K, 91 young (93184K), 15 survivors (15360K)
 Metaspace       used 123051K, committed 124992K, reserved 983040K
  class space    used 17003K, committed 17856K, reserved 851968K
}
Event: 7607.072 GC heap after
{Heap after GC invocations=72 (full 1):
 garbage-first heap   total 375808K, used 229766K [0x0000000080000000, 0x0000000100000000)
  region size 1024K, 6 young (6144K), 6 survivors (6144K)
 Metaspace       used 123051K, committed 124992K, reserved 983040K
  class space    used 17003K, committed 17856K, reserved 851968K
}
Event: 7625.994 GC heap before
{Heap before GC invocations=72 (full 1):
 garbage-first heap   total 375808K, used 332166K [0x0000000080000000, 0x0000000100000000)
  region size 1024K, 107 young (109568K), 6 survivors (6144K)
 Metaspace       used 123360K, committed 125056K, reserved 983040K
  class space    used 17009K, committed 17856K, reserved 851968K
}
Event: 7626.069 GC heap after
{Heap after GC invocations=73 (full 1):
 garbage-first heap   total 375808K, used 238268K [0x0000000080000000, 0x0000000100000000)
  region size 1024K, 14 young (14336K), 14 survivors (14336K)
 Metaspace       used 123360K, committed 125056K, reserved 983040K
  class space    used 17009K, committed 17856K, reserved 851968K
}
Event: 7628.148 GC heap before
{Heap before GC invocations=73 (full 1):
 garbage-first heap   total 375808K, used 336572K [0x0000000080000000, 0x0000000100000000)
  region size 1024K, 111 young (113664K), 14 survivors (14336K)
 Metaspace       used 123524K, committed 125312K, reserved 983040K
  class space    used 17014K, committed 17856K, reserved 851968K
}
Event: 7628.200 GC heap after
{Heap after GC invocations=74 (full 1):
 garbage-first heap   total 375808K, used 251688K [0x0000000080000000, 0x0000000100000000)
  region size 1024K, 14 young (14336K), 14 survivors (14336K)
 Metaspace       used 123524K, committed 125312K, reserved 983040K
  class space    used 17014K, committed 17856K, reserved 851968K
}
Event: 7629.885 GC heap before
{Heap before GC invocations=75 (full 1):
 garbage-first heap   total 423936K, used 337704K [0x0000000080000000, 0x0000000100000000)
  region size 1024K, 99 young (101376K), 14 survivors (14336K)
 Metaspace       used 123643K, committed 125376K, reserved 983040K
  class space    used 17016K, committed 17856K, reserved 851968K
}
Event: 7629.933 GC heap after
{Heap after GC invocations=76 (full 1):
 garbage-first heap   total 423936K, used 264355K [0x0000000080000000, 0x0000000100000000)
  region size 1024K, 13 young (13312K), 13 survivors (13312K)
 Metaspace       used 123643K, committed 125376K, reserved 983040K
  class space    used 17016K, committed 17856K, reserved 851968K
}

Dll operation events (15 events):
Event: 0.014 Loaded shared library C:\Users\megda\.antigravity-ide\extensions\redhat.java-1.54.0-win32-x64\jre\21.0.10-win32-x86_64\bin\java.dll
Event: 0.088 Loaded shared library C:\Users\megda\.antigravity-ide\extensions\redhat.java-1.54.0-win32-x64\jre\21.0.10-win32-x86_64\bin\zip.dll
Event: 0.116 Loaded shared library C:\Users\megda\.antigravity-ide\extensions\redhat.java-1.54.0-win32-x64\jre\21.0.10-win32-x86_64\bin\instrument.dll
Event: 0.123 Loaded shared library C:\Users\megda\.antigravity-ide\extensions\redhat.java-1.54.0-win32-x64\jre\21.0.10-win32-x86_64\bin\net.dll
Event: 0.125 Loaded shared library C:\Users\megda\.antigravity-ide\extensions\redhat.java-1.54.0-win32-x64\jre\21.0.10-win32-x86_64\bin\nio.dll
Event: 0.128 Loaded shared library C:\Users\megda\.antigravity-ide\extensions\redhat.java-1.54.0-win32-x64\jre\21.0.10-win32-x86_64\bin\zip.dll
Event: 0.398 Loaded shared library C:\Users\megda\.antigravity-ide\extensions\redhat.java-1.54.0-win32-x64\jre\21.0.10-win32-x86_64\bin\jimage.dll
Event: 0.559 Loaded shared library C:\Users\megda\.antigravity-ide\extensions\redhat.java-1.54.0-win32-x64\jre\21.0.10-win32-x86_64\bin\verify.dll
Event: 0.661 Loaded shared library C:\Users\megda\.gradle\native\1def1411415f61bf3af743bc5b6707747c0891f09f0c88961ee8f79bc544acac\windows-amd64\native-platform.dll
Event: 0.671 Loaded shared library C:\Users\megda\.gradle\native\0.2.7\x86_64-windows-gnu\gradle-fileevents.dll
Event: 1.733 Loaded shared library C:\Users\megda\.antigravity-ide\extensions\redhat.java-1.54.0-win32-x64\jre\21.0.10-win32-x86_64\bin\management.dll
Event: 1.736 Loaded shared library C:\Users\megda\.antigravity-ide\extensions\redhat.java-1.54.0-win32-x64\jre\21.0.10-win32-x86_64\bin\management_ext.dll
Event: 1.862 Loaded shared library C:\Users\megda\.antigravity-ide\extensions\redhat.java-1.54.0-win32-x64\jre\21.0.10-win32-x86_64\bin\extnet.dll
Event: 2.156 Loaded shared library C:\Users\megda\.antigravity-ide\extensions\redhat.java-1.54.0-win32-x64\jre\21.0.10-win32-x86_64\bin\sunmscapi.dll
Event: 18.180 Loaded shared library C:\Users\megda\.antigravity-ide\extensions\redhat.java-1.54.0-win32-x64\jre\21.0.10-win32-x86_64\bin\rmi.dll

Deoptimization events (20 events):
Event: 7626.876 Thread 0x000002837feb24e0 DEOPT PACKING pc=0x000002835ab66710 sp=0x000000a64d7f87f0
Event: 7626.876 Thread 0x000002837feb24e0 DEOPT UNPACKING pc=0x0000028360724bc2 sp=0x000000a64d7f7c98 mode 0
Event: 7626.876 Thread 0x000002837feb24e0 DEOPT PACKING pc=0x000002835ab66710 sp=0x000000a64d7f87f0
Event: 7626.876 Thread 0x000002837feb24e0 DEOPT UNPACKING pc=0x0000028360724bc2 sp=0x000000a64d7f7c98 mode 0
Event: 7627.113 Thread 0x000002837feb24e0 DEOPT PACKING pc=0x00000283599638e6 sp=0x000000a64d7f9130
Event: 7627.113 Thread 0x000002837feb24e0 DEOPT UNPACKING pc=0x0000028360724bc2 sp=0x000000a64d7f8760 mode 0
Event: 7627.157 Thread 0x000002837feb24e0 DEOPT PACKING pc=0x00000283599638e6 sp=0x000000a64d7f9130
Event: 7627.157 Thread 0x000002837feb24e0 DEOPT UNPACKING pc=0x0000028360724bc2 sp=0x000000a64d7f8760 mode 0
Event: 7627.968 Thread 0x000002837feb24e0 DEOPT PACKING pc=0x00000283599638e6 sp=0x000000a64d7f91a0
Event: 7627.968 Thread 0x000002837feb24e0 DEOPT UNPACKING pc=0x0000028360724bc2 sp=0x000000a64d7f87d0 mode 0
Event: 7628.000 Thread 0x000002837feb24e0 DEOPT PACKING pc=0x00000283599638e6 sp=0x000000a64d7f91a0
Event: 7628.000 Thread 0x000002837feb24e0 DEOPT UNPACKING pc=0x0000028360724bc2 sp=0x000000a64d7f87d0 mode 0
Event: 7628.030 Thread 0x000002837feb24e0 DEOPT PACKING pc=0x00000283599638e6 sp=0x000000a64d7f91a0
Event: 7628.030 Thread 0x000002837feb24e0 DEOPT UNPACKING pc=0x0000028360724bc2 sp=0x000000a64d7f87d0 mode 0
Event: 7628.848 Thread 0x000002837feb24e0 DEOPT PACKING pc=0x000002835a535fc2 sp=0x000000a64d7f8110
Event: 7628.848 Thread 0x000002837feb24e0 DEOPT UNPACKING pc=0x0000028360724bc2 sp=0x000000a64d7f74a8 mode 0
Event: 7630.127 Thread 0x0000028374471100 Uncommon trap: trap_request=0xffffffde fr.pc=0x00000283617df03c relative=0x000000000000079c
Event: 7630.127 Thread 0x0000028374471100 Uncommon trap: reason=class_check action=maybe_recompile pc=0x00000283617df03c method=org.gradle.internal.logging.sink.ProgressLogEventGenerator.onOutput(Lorg/gradle/internal/logging/events/OutputEvent;)V @ 45 c2
Event: 7630.127 Thread 0x0000028374471100 DEOPT PACKING pc=0x00000283617df03c sp=0x000000a650ef9f60
Event: 7630.127 Thread 0x0000028374471100 DEOPT UNPACKING pc=0x0000028360724422 sp=0x000000a650ef9eb8 mode 2

Classes loaded (20 events):
Event: 7138.530 Loading class sun/net/www/protocol/http/Handler
Event: 7138.531 Loading class sun/net/www/protocol/http/Handler done
Event: 7138.537 Loading class javax/crypto/JceSecurity$WeakIdentityWrapper
Event: 7138.537 Loading class javax/crypto/JceSecurity$WeakIdentityWrapper done
Event: 7138.538 Loading class javax/crypto/JceSecurity$2
Event: 7138.538 Loading class javax/crypto/JceSecurity$2 done
Event: 7138.538 Loading class javax/crypto/JceSecurity$3
Event: 7138.538 Loading class javax/crypto/JceSecurity$3 done
Event: 7138.538 Loading class javax/crypto/ProviderVerifier
Event: 7138.538 Loading class javax/crypto/ProviderVerifier done
Event: 7139.224 Loading class java/beans/ParameterDescriptor
Event: 7139.226 Loading class java/beans/ParameterDescriptor done
Event: 7140.033 Loading class java/text/MessageFormat
Event: 7140.034 Loading class java/text/MessageFormat done
Event: 7140.034 Loading class java/text/MessageFormat$Field
Event: 7140.034 Loading class java/text/MessageFormat$Field done
Event: 7140.292 Loading class java/lang/Short$ShortCache
Event: 7140.292 Loading class java/lang/Short$ShortCache done
Event: 7140.883 Loading class java/net/UrlDeserializedState
Event: 7140.884 Loading class java/net/UrlDeserializedState done

Classes unloaded (20 events):
Event: 7140.537 Thread 0x000002836da4b0e0 Unloading class 0x0000028301c2b400 'java/lang/invoke/LambdaForm$MH+0x0000028301c2b400'
Event: 7140.537 Thread 0x000002836da4b0e0 Unloading class 0x0000028301c30400 'java/lang/invoke/LambdaForm$MH+0x0000028301c30400'
Event: 7140.537 Thread 0x000002836da4b0e0 Unloading class 0x0000028301c30800 'java/lang/invoke/LambdaForm$MH+0x0000028301c30800'
Event: 7140.537 Thread 0x000002836da4b0e0 Unloading class 0x0000028301c31000 'java/lang/invoke/LambdaForm$MH+0x0000028301c31000'
Event: 7140.537 Thread 0x000002836da4b0e0 Unloading class 0x0000028301c7c800 'java/lang/invoke/LambdaForm$MH+0x0000028301c7c800'
Event: 7140.537 Thread 0x000002836da4b0e0 Unloading class 0x0000028301c7e000 'java/lang/invoke/LambdaForm$MH+0x0000028301c7e000'
Event: 7140.537 Thread 0x000002836da4b0e0 Unloading class 0x0000028301c7f000 'java/lang/invoke/LambdaForm$MH+0x0000028301c7f000'
Event: 7140.537 Thread 0x000002836da4b0e0 Unloading class 0x0000028301c8cc00 'java/lang/invoke/LambdaForm$MH+0x0000028301c8cc00'
Event: 7140.537 Thread 0x000002836da4b0e0 Unloading class 0x0000028301d5cc00 'java/lang/invoke/LambdaForm$MH+0x0000028301d5cc00'
Event: 7140.537 Thread 0x000002836da4b0e0 Unloading class 0x0000028301e14400 'java/lang/invoke/LambdaForm$MH+0x0000028301e14400'
Event: 7140.537 Thread 0x000002836da4b0e0 Unloading class 0x0000028301e3c800 'java/lang/invoke/LambdaForm$MH+0x0000028301e3c800'
Event: 7140.537 Thread 0x000002836da4b0e0 Unloading class 0x0000028301e3e400 'java/lang/invoke/LambdaForm$MH+0x0000028301e3e400'
Event: 7140.537 Thread 0x000002836da4b0e0 Unloading class 0x0000028301e78400 'java/lang/invoke/LambdaForm$MH+0x0000028301e78400'
Event: 7140.537 Thread 0x000002836da4b0e0 Unloading class 0x0000028301e96800 'java/lang/invoke/LambdaForm$MH+0x0000028301e96800'
Event: 7140.537 Thread 0x000002836da4b0e0 Unloading class 0x0000028301ffc400 'java/lang/invoke/LambdaForm$MH+0x0000028301ffc400'
Event: 7140.537 Thread 0x000002836da4b0e0 Unloading class 0x000002830208a800 'java/lang/invoke/LambdaForm$MH+0x000002830208a800'
Event: 7140.537 Thread 0x000002836da4b0e0 Unloading class 0x00000283020ac400 'java/lang/invoke/LambdaForm$MH+0x00000283020ac400'
Event: 7140.537 Thread 0x000002836da4b0e0 Unloading class 0x00000283020fd400 'java/lang/invoke/LambdaForm$MH+0x00000283020fd400'
Event: 7140.537 Thread 0x000002836da4b0e0 Unloading class 0x000002830210d800 'java/lang/invoke/LambdaForm$MH+0x000002830210d800'
Event: 7140.537 Thread 0x000002836da4b0e0 Unloading class 0x0000028302110800 'java/lang/invoke/LambdaForm$MH+0x0000028302110800'

Classes redefined (0 events):
No events

Internal exceptions (20 events):
Event: 7607.697 Thread 0x000002837ec7c510 Exception <a 'java/lang/NoSuchMethodError'{0x0000000095ba5f18}: static Ljava/lang/Object;.<clinit>()V> (0x0000000095ba5f18) 
thrown [s\src\hotspot\share\prims\jni.cpp, line 1111]
Event: 7607.706 Thread 0x000002837ec7c510 Exception <a 'java/lang/NoSuchMethodError'{0x0000000095bb6b70}: static Lorg/jetbrains/kotlin/gradle/plugin/statistics/MetricContainer;.<clinit>()V> (0x0000000095bb6b70) 
thrown [s\src\hotspot\share\prims\jni.cpp, line 1111]
Event: 7607.973 Thread 0x000002837ec762a0 Exception <a 'java/lang/NoSuchMethodError'{0x0000000095213de0}: static Ljava/lang/Object;.<clinit>()V> (0x0000000095213de0) 
thrown [s\src\hotspot\share\prims\jni.cpp, line 1111]
Event: 7623.724 Thread 0x000002837ec7be80 Exception <a 'sun/nio/fs/WindowsException'{0x00000000943b2cf8}> (0x00000000943b2cf8) 
thrown [s\src\hotspot\share\prims\jni.cpp, line 520]
Event: 7623.729 Thread 0x000002837ec7be80 Exception <a 'sun/nio/fs/WindowsException'{0x00000000943b4cd8}> (0x00000000943b4cd8) 
thrown [s\src\hotspot\share\prims\jni.cpp, line 520]
Event: 7623.729 Thread 0x000002837ec7be80 Exception <a 'sun/nio/fs/WindowsException'{0x00000000943b6a48}> (0x00000000943b6a48) 
thrown [s\src\hotspot\share\prims\jni.cpp, line 520]
Event: 7623.731 Thread 0x000002837ec7be80 Exception <a 'sun/nio/fs/WindowsException'{0x00000000943b8520}> (0x00000000943b8520) 
thrown [s\src\hotspot\share\prims\jni.cpp, line 520]
Event: 7623.769 Thread 0x000002837ec7be80 Exception <a 'sun/nio/fs/WindowsException'{0x00000000943e6ec8}> (0x00000000943e6ec8) 
thrown [s\src\hotspot\share\prims\jni.cpp, line 520]
Event: 7623.770 Thread 0x000002837ec7be80 Exception <a 'sun/nio/fs/WindowsException'{0x00000000943e8bf0}> (0x00000000943e8bf0) 
thrown [s\src\hotspot\share\prims\jni.cpp, line 520]
Event: 7623.771 Thread 0x000002837ec7be80 Exception <a 'sun/nio/fs/WindowsException'{0x00000000943ea5f0}> (0x00000000943ea5f0) 
thrown [s\src\hotspot\share\prims\jni.cpp, line 520]
Event: 7630.333 Thread 0x000002837feb24e0 Exception <a 'sun/nio/fs/WindowsException'{0x0000000098568f40}> (0x0000000098568f40) 
thrown [s\src\hotspot\share\prims\jni.cpp, line 520]
Event: 7630.651 Thread 0x000002837e0aad10 Exception <a 'sun/nio/fs/WindowsException'{0x00000000975969a8}> (0x00000000975969a8) 
thrown [s\src\hotspot\share\prims\jni.cpp, line 520]
Event: 7683.865 Thread 0x000002837feb24e0 Exception <a 'sun/nio/fs/WindowsException'{0x0000000096d8e048}> (0x0000000096d8e048) 
thrown [s\src\hotspot\share\prims\jni.cpp, line 520]
Event: 7683.868 Thread 0x000002837feb24e0 Exception <a 'sun/nio/fs/WindowsException'{0x0000000096d8f438}> (0x0000000096d8f438) 
thrown [s\src\hotspot\share\prims\jni.cpp, line 520]
Event: 7683.869 Thread 0x000002837feb24e0 Exception <a 'sun/nio/fs/WindowsException'{0x0000000096d90818}> (0x0000000096d90818) 
thrown [s\src\hotspot\share\prims\jni.cpp, line 520]
Event: 7683.869 Thread 0x000002837feb24e0 Exception <a 'sun/nio/fs/WindowsException'{0x0000000096d918b8}> (0x0000000096d918b8) 
thrown [s\src\hotspot\share\prims\jni.cpp, line 520]
Event: 7684.247 Thread 0x000002837feb24e0 Exception <a 'sun/nio/fs/WindowsException'{0x0000000096c78090}> (0x0000000096c78090) 
thrown [s\src\hotspot\share\prims\jni.cpp, line 520]
Event: 7684.248 Thread 0x000002837feb24e0 Exception <a 'sun/nio/fs/WindowsException'{0x0000000096c79c90}> (0x0000000096c79c90) 
thrown [s\src\hotspot\share\prims\jni.cpp, line 520]
Event: 7684.249 Thread 0x000002837feb24e0 Exception <a 'sun/nio/fs/WindowsException'{0x0000000096c7b880}> (0x0000000096c7b880) 
thrown [s\src\hotspot\share\prims\jni.cpp, line 520]
Event: 7684.249 Thread 0x000002837feb24e0 Exception <a 'sun/nio/fs/WindowsException'{0x0000000096c7d130}> (0x0000000096c7d130) 
thrown [s\src\hotspot\share\prims\jni.cpp, line 520]

ZGC Phase Switch (0 events):
No events

VM Operations (20 events):
Event: 7629.178 Executing safepoint VM operation: G1PauseCleanup
Event: 7629.179 Executing safepoint VM operation: G1PauseCleanup done
Event: 7629.885 Executing safepoint VM operation: G1CollectForAllocation (G1 Evacuation Pause)
Event: 7629.933 Executing safepoint VM operation: G1CollectForAllocation (G1 Evacuation Pause) done
Event: 7631.934 Executing safepoint VM operation: Cleanup
Event: 7631.934 Executing safepoint VM operation: Cleanup done
Event: 7632.935 Executing safepoint VM operation: Cleanup
Event: 7632.935 Executing safepoint VM operation: Cleanup done
Event: 7637.851 Executing non-safepoint VM operation: HandshakeAllThreads (HandshakeForDeflation)
Event: 7637.851 Executing non-safepoint VM operation: HandshakeAllThreads (HandshakeForDeflation) done
Event: 7637.851 Executing non-safepoint VM operation: RendezvousGCThreads
Event: 7637.851 Executing non-safepoint VM operation: RendezvousGCThreads done
Event: 7655.981 Executing safepoint VM operation: Cleanup
Event: 7655.982 Executing safepoint VM operation: Cleanup done
Event: 7683.185 Executing safepoint VM operation: Cleanup
Event: 7683.202 Executing safepoint VM operation: Cleanup done
Event: 7684.210 Executing safepoint VM operation: Cleanup
Event: 7684.210 Executing safepoint VM operation: Cleanup done
Event: 7685.217 Executing safepoint VM operation: Cleanup
Event: 7685.218 Executing safepoint VM operation: Cleanup done

Memory protections (0 events):
No events

Nmethod flushes (20 events):
Event: 7629.083 Thread 0x000002836da4b0e0 flushing  nmethod 0x0000028359ad7f10
Event: 7629.084 Thread 0x000002836da4b0e0 flushing  nmethod 0x0000028359c83c90
Event: 7629.084 Thread 0x000002836da4b0e0 flushing  nmethod 0x0000028359de2210
Event: 7629.084 Thread 0x000002836da4b0e0 flushing  nmethod 0x0000028359e6df10
Event: 7629.084 Thread 0x000002836da4b0e0 flushing  nmethod 0x0000028359e6ec10
Event: 7629.084 Thread 0x000002836da4b0e0 flushing  nmethod 0x0000028359e71a10
Event: 7629.084 Thread 0x000002836da4b0e0 flushing  nmethod 0x000002835a093410
Event: 7629.084 Thread 0x000002836da4b0e0 flushing  nmethod 0x000002835a4c9010
Event: 7629.084 Thread 0x000002836da4b0e0 flushing  nmethod 0x000002835a5aea10
Event: 7629.084 Thread 0x000002836da4b0e0 flushing  nmethod 0x000002835a5b9f90
Event: 7629.084 Thread 0x000002836da4b0e0 flushing  nmethod 0x000002835a65be90
Event: 7629.084 Thread 0x000002836da4b0e0 flushing  nmethod 0x000002835a65da90
Event: 7629.084 Thread 0x000002836da4b0e0 flushing  nmethod 0x000002835aa96b10
Event: 7629.084 Thread 0x000002836da4b0e0 flushing  nmethod 0x000002835aab6410
Event: 7629.084 Thread 0x000002836da4b0e0 flushing  nmethod 0x000002835aab6910
Event: 7629.084 Thread 0x000002836da4b0e0 flushing  nmethod 0x000002835aab7890
Event: 7629.084 Thread 0x000002836da4b0e0 flushing  nmethod 0x000002835aabce10
Event: 7629.084 Thread 0x000002836da4b0e0 flushing  nmethod 0x000002835aabe610
Event: 7629.084 Thread 0x000002836da4b0e0 flushing  nmethod 0x000002835aabeb10
Event: 7629.084 Thread 0x000002836da4b0e0 flushing  nmethod 0x000002835ae78790

Events (20 events):
Event: 7684.824 Thread 0x000002837feb24e0 Thread added: 0x000002837e0aeeb0
Event: 7684.825 Thread 0x000002837feb24e0 Thread added: 0x000002837e0adb00
Event: 7684.827 Thread 0x000002837feb24e0 Thread added: 0x000002837e0b29c0
Event: 7684.827 Thread 0x000002837feb24e0 Thread added: 0x000002837e0b08f0
Event: 7684.828 Thread 0x000002837feb24e0 Thread added: 0x000002837e0b4a90
Event: 7684.829 Thread 0x000002837feb24e0 Thread added: 0x000002837e0b3d70
Event: 7684.829 Thread 0x000002837feb24e0 Thread added: 0x000002837e0b4400
Event: 7684.830 Thread 0x000002837feb24e0 Thread added: 0x000002837e0b3050
Event: 7684.831 Thread 0x000002837feb24e0 Thread added: 0x000002837e0b36e0
Event: 7684.972 Thread 0x000002837feb24e0 Thread added: 0x000002837e0b1610
Event: 7684.973 Thread 0x000002837feb24e0 Thread added: 0x000002837e0b5120
Event: 7684.973 Thread 0x000002837feb24e0 Thread added: 0x000002837e0b1ca0
Event: 7684.976 Thread 0x000002837feb24e0 Thread added: 0x000002837e0b7f10
Event: 7684.977 Thread 0x000002837feb24e0 Thread added: 0x000002837e0b7880
Event: 7684.977 Thread 0x000002837feb24e0 Thread added: 0x000002837e0b64d0
Event: 7684.978 Thread 0x000002837feb24e0 Thread added: 0x000002837e0b6b60
Event: 7684.979 Thread 0x000002837feb24e0 Thread added: 0x000002837e0b71f0
Event: 7684.979 Thread 0x000002837feb24e0 Thread added: 0x000002837e0b85a0
Event: 7684.980 Thread 0x000002837feb24e0 Thread added: 0x000002837e0b57b0
Event: 7684.980 Thread 0x000002837feb24e0 Thread added: 0x000002837e0b92c0


Dynamic libraries:
0x00007ff7d1250000 - 0x00007ff7d125e000 	C:\Users\megda\.antigravity-ide\extensions\redhat.java-1.54.0-win32-x64\jre\21.0.10-win32-x86_64\bin\java.exe
0x00007fffb5000000 - 0x00007fffb5267000 	C:\Windows\SYSTEM32\ntdll.dll
0x00007fffb3f80000 - 0x00007fffb4049000 	C:\Windows\System32\KERNEL32.DLL
0x00007fffb1a30000 - 0x00007fffb1e27000 	C:\Windows\System32\KERNELBASE.dll
0x00007fffb2180000 - 0x00007fffb22cb000 	C:\Windows\System32\ucrtbase.dll
0x00007fff98c60000 - 0x00007fff98c7e000 	C:\Users\megda\.antigravity-ide\extensions\redhat.java-1.54.0-win32-x64\jre\21.0.10-win32-x86_64\bin\VCRUNTIME140.dll
0x00007fff98c10000 - 0x00007fff98c28000 	C:\Users\megda\.antigravity-ide\extensions\redhat.java-1.54.0-win32-x64\jre\21.0.10-win32-x86_64\bin\jli.dll
0x00007fffb3d00000 - 0x00007fffb3ec6000 	C:\Windows\System32\USER32.dll
0x00007fffb22d0000 - 0x00007fffb22f7000 	C:\Windows\System32\win32u.dll
0x00007fffb3b40000 - 0x00007fffb3b6b000 	C:\Windows\System32\GDI32.dll
0x00007fff91260000 - 0x00007fff914f2000 	C:\Windows\WinSxS\amd64_microsoft.windows.common-controls_6595b64144ccf1df_6.0.26100.8457_none_3e0b2faee331e92d\COMCTL32.dll
0x00007fffb2050000 - 0x00007fffb217c000 	C:\Windows\System32\gdi32full.dll
0x00007fffb3030000 - 0x00007fffb30d9000 	C:\Windows\System32\msvcrt.dll
0x00007fffb1e30000 - 0x00007fffb1ed3000 	C:\Windows\System32\msvcp_win.dll
0x00007fffb2d90000 - 0x00007fffb2dc2000 	C:\Windows\System32\IMM32.DLL
0x00007fffa9fc0000 - 0x00007fffa9fcc000 	C:\Users\megda\.antigravity-ide\extensions\redhat.java-1.54.0-win32-x64\jre\21.0.10-win32-x86_64\bin\vcruntime140_1.dll
0x00007fff527f0000 - 0x00007fff5287d000 	C:\Users\megda\.antigravity-ide\extensions\redhat.java-1.54.0-win32-x64\jre\21.0.10-win32-x86_64\bin\msvcp140.dll
0x00007ffef6780000 - 0x00007ffef7521000 	C:\Users\megda\.antigravity-ide\extensions\redhat.java-1.54.0-win32-x64\jre\21.0.10-win32-x86_64\bin\server\jvm.dll
0x00007fffb2e20000 - 0x00007fffb2ed6000 	C:\Windows\System32\ADVAPI32.dll
0x00007fffb3ed0000 - 0x00007fffb3f77000 	C:\Windows\System32\sechost.dll
0x00007fffb4850000 - 0x00007fffb4968000 	C:\Windows\System32\RPCRT4.dll
0x00007fffb2ee0000 - 0x00007fffb2f60000 	C:\Windows\System32\WS2_32.dll
0x00007fffb1890000 - 0x00007fffb18ee000 	C:\Windows\SYSTEM32\POWRPROF.dll
0x00007fffa69e0000 - 0x00007fffa6a16000 	C:\Windows\SYSTEM32\WINMM.dll
0x00007fff9ab90000 - 0x00007fff9ab9b000 	C:\Windows\SYSTEM32\VERSION.dll
0x00007fffb1870000 - 0x00007fffb1884000 	C:\Windows\SYSTEM32\UMPDC.dll
0x00007fffb07c0000 - 0x00007fffb07db000 	C:\Windows\SYSTEM32\kernel.appcore.dll
0x00007fffa0120000 - 0x00007fffa012a000 	C:\Users\megda\.antigravity-ide\extensions\redhat.java-1.54.0-win32-x64\jre\21.0.10-win32-x86_64\bin\jimage.dll
0x00007fffaf830000 - 0x00007fffafa72000 	C:\Windows\SYSTEM32\DBGHELP.DLL
0x00007fffb4050000 - 0x00007fffb43d3000 	C:\Windows\System32\combase.dll
0x00007fffb3bb0000 - 0x00007fffb3c89000 	C:\Windows\System32\OLEAUT32.dll
0x00007fff94640000 - 0x00007fff9467b000 	C:\Windows\SYSTEM32\dbgcore.DLL
0x00007fffb1fa0000 - 0x00007fffb2048000 	C:\Windows\System32\bcryptPrimitives.dll
0x00007fff9eab0000 - 0x00007fff9eabf000 	C:\Users\megda\.antigravity-ide\extensions\redhat.java-1.54.0-win32-x64\jre\21.0.10-win32-x86_64\bin\instrument.dll
0x00007fff98a00000 - 0x00007fff98a20000 	C:\Users\megda\.antigravity-ide\extensions\redhat.java-1.54.0-win32-x64\jre\21.0.10-win32-x86_64\bin\java.dll
0x00007fffb30e0000 - 0x00007fffb384e000 	C:\Windows\System32\SHELL32.dll
0x00007fffb2300000 - 0x00007fffb2b6c000 	C:\Windows\System32\windows.storage.dll
0x00007fffb3a40000 - 0x00007fffb3b36000 	C:\Windows\System32\SHCORE.dll
0x00007fffb3c90000 - 0x00007fffb3cf6000 	C:\Windows\System32\shlwapi.dll
0x00007fffb1950000 - 0x00007fffb1979000 	C:\Windows\SYSTEM32\profapi.dll
0x00007fff98550000 - 0x00007fff98568000 	C:\Users\megda\.antigravity-ide\extensions\redhat.java-1.54.0-win32-x64\jre\21.0.10-win32-x86_64\bin\zip.dll
0x00007fff9eaf0000 - 0x00007fff9eb00000 	C:\Users\megda\.antigravity-ide\extensions\redhat.java-1.54.0-win32-x64\jre\21.0.10-win32-x86_64\bin\net.dll
0x00007fffa1480000 - 0x00007fffa15a9000 	C:\Windows\SYSTEM32\WINHTTP.dll
0x00007fffb0d30000 - 0x00007fffb0d9c000 	C:\Windows\system32\mswsock.dll
0x00007fff877a0000 - 0x00007fff877b6000 	C:\Users\megda\.antigravity-ide\extensions\redhat.java-1.54.0-win32-x64\jre\21.0.10-win32-x86_64\bin\nio.dll
0x00007fff98ba0000 - 0x00007fff98bb0000 	C:\Users\megda\.antigravity-ide\extensions\redhat.java-1.54.0-win32-x64\jre\21.0.10-win32-x86_64\bin\verify.dll
0x00007fff6fe60000 - 0x00007fff6fe87000 	C:\Users\megda\.gradle\native\1def1411415f61bf3af743bc5b6707747c0891f09f0c88961ee8f79bc544acac\windows-amd64\native-platform.dll
0x00007fff48960000 - 0x00007fff489d8000 	C:\Users\megda\.gradle\native\0.2.7\x86_64-windows-gnu\gradle-fileevents.dll
0x00007fff8eb80000 - 0x00007fff8eb8a000 	C:\Users\megda\.antigravity-ide\extensions\redhat.java-1.54.0-win32-x64\jre\21.0.10-win32-x86_64\bin\management.dll
0x00007fff8eb60000 - 0x00007fff8eb6c000 	C:\Users\megda\.antigravity-ide\extensions\redhat.java-1.54.0-win32-x64\jre\21.0.10-win32-x86_64\bin\management_ext.dll
0x00007fffb2d80000 - 0x00007fffb2d88000 	C:\Windows\System32\PSAPI.DLL
0x00007fffb0260000 - 0x00007fffb0292000 	C:\Windows\SYSTEM32\IPHLPAPI.DLL
0x00007fffb4980000 - 0x00007fffb498a000 	C:\Windows\System32\NSI.dll
0x00007fff985a0000 - 0x00007fff985a9000 	C:\Users\megda\.antigravity-ide\extensions\redhat.java-1.54.0-win32-x64\jre\21.0.10-win32-x86_64\bin\extnet.dll
0x00007fffb1010000 - 0x00007fffb102b000 	C:\Windows\SYSTEM32\CRYPTSP.dll
0x00007fffb0720000 - 0x00007fffb0759000 	C:\Windows\system32\rsaenh.dll
0x00007fffb0de0000 - 0x00007fffb0e13000 	C:\Windows\SYSTEM32\USERENV.dll
0x00007fffb1920000 - 0x00007fffb194a000 	C:\Windows\SYSTEM32\bcrypt.dll
0x00007fffb1030000 - 0x00007fffb103c000 	C:\Windows\SYSTEM32\CRYPTBASE.dll
0x00007fff98b90000 - 0x00007fff98b9e000 	C:\Users\megda\.antigravity-ide\extensions\redhat.java-1.54.0-win32-x64\jre\21.0.10-win32-x86_64\bin\sunmscapi.dll
0x00007fffb2b70000 - 0x00007fffb2ce8000 	C:\Windows\System32\CRYPT32.dll
0x00007fffb1230000 - 0x00007fffb1260000 	C:\Windows\SYSTEM32\ncrypt.dll
0x00007fffb11e0000 - 0x00007fffb121f000 	C:\Windows\SYSTEM32\NTASN1.dll
0x00007fff99ad0000 - 0x00007fff99ad8000 	C:\Windows\system32\wshunix.dll
0x00007fff802f0000 - 0x00007fff80308000 	C:\Windows\system32\napinsp.dll
0x00007fffb0340000 - 0x00007fffb0472000 	C:\Windows\SYSTEM32\DNSAPI.dll
0x00007fff802d0000 - 0x00007fff802e3000 	C:\Windows\System32\winrnr.dll
0x00007fff7de40000 - 0x00007fff7de62000 	C:\Windows\system32\nlansp_c.dll
0x00007fffa0550000 - 0x00007fffa0566000 	C:\Windows\system32\wshbth.dll
0x00007fffa21d0000 - 0x00007fffa21db000 	C:\Windows\System32\rasadhlp.dll
0x00007fffa67e0000 - 0x00007fffa6866000 	C:\Windows\System32\fwpuclnt.dll
0x00007fffa0460000 - 0x00007fffa0467000 	C:\Users\megda\.antigravity-ide\extensions\redhat.java-1.54.0-win32-x64\jre\21.0.10-win32-x86_64\bin\rmi.dll

JVMTI agents:
C:\Users\megda\.gradle\wrapper\dists\gradle-8.14-all\c2qonpi39x1mddn7hk5gh9iqj\gradle-8.14\lib\agents\gradle-instrumentation-agent-8.14.jar path:C:\Users\megda\.antigravity-ide\extensions\redhat.java-1.54.0-win32-x64\jre\21.0.10-win32-x86_64\bin\instrument.dll, loaded, initialized, instrumentlib options:none

dbghelp: loaded successfully - version: 4.0.5 - missing functions: none
symbol engine: initialized successfully - sym options: 0x614 - pdb path: .;C:\Users\megda\.antigravity-ide\extensions\redhat.java-1.54.0-win32-x64\jre\21.0.10-win32-x86_64\bin;C:\Windows\SYSTEM32;C:\Windows\WinSxS\amd64_microsoft.windows.common-controls_6595b64144ccf1df_6.0.26100.8457_none_3e0b2faee331e92d;C:\Users\megda\.antigravity-ide\extensions\redhat.java-1.54.0-win32-x64\jre\21.0.10-win32-x86_64\bin\server;C:\Users\megda\.gradle\native\1def1411415f61bf3af743bc5b6707747c0891f09f0c88961ee8f79bc544acac\windows-amd64;C:\Users\megda\.gradle\native\0.2.7\x86_64-windows-gnu

VM Arguments:
jvm_args: --add-opens=java.base/java.lang=ALL-UNNAMED --add-opens=java.base/java.lang.invoke=ALL-UNNAMED --add-opens=java.base/java.util=ALL-UNNAMED --add-opens=java.prefs/java.util.prefs=ALL-UNNAMED --add-exports=jdk.compiler/com.sun.tools.javac.api=ALL-UNNAMED --add-exports=jdk.compiler/com.sun.tools.javac.util=ALL-UNNAMED --add-opens=java.base/java.util=ALL-UNNAMED --add-opens=java.prefs/java.util.prefs=ALL-UNNAMED --add-opens=java.base/java.nio.charset=ALL-UNNAMED --add-opens=java.base/java.net=ALL-UNNAMED --add-opens=java.base/java.util.concurrent.atomic=ALL-UNNAMED --add-opens=java.xml/javax.xml.namespace=ALL-UNNAMED -XX:MaxMetaspaceSize=1G -XX:+HeapDumpOnOutOfMemoryError -Xmx2G -Dfile.encoding=UTF-8 -Duser.country=US -Duser.language=en -Duser.variant -javaagent:C:\Users\megda\.gradle\wrapper\dists\gradle-8.14-all\c2qonpi39x1mddn7hk5gh9iqj\gradle-8.14\lib\agents\gradle-instrumentation-agent-8.14.jar 
java_command: org.gradle.launcher.daemon.bootstrap.GradleDaemon 8.14
java_class_path (initial): C:\Users\megda\.gradle\wrapper\dists\gradle-8.14-all\c2qonpi39x1mddn7hk5gh9iqj\gradle-8.14\lib\gradle-daemon-main-8.14.jar
Launcher Type: SUN_STANDARD

[Global flags]
     intx CICompilerCount                          = 4                                         {product} {ergonomic}
   size_t CompressedClassSpaceSize                 = 872415232                                 {product} {ergonomic}
     uint ConcGCThreads                            = 3                                         {product} {ergonomic}
     uint G1ConcRefinementThreads                  = 10                                        {product} {ergonomic}
   size_t G1HeapRegionSize                         = 1048576                                   {product} {ergonomic}
    uintx GCDrainStackTargetSize                   = 64                                        {product} {ergonomic}
     bool HeapDumpOnOutOfMemoryError               = true                                   {manageable} {command line}
   size_t InitialHeapSize                          = 130023424                                 {product} {ergonomic}
   size_t MarkStackSize                            = 4194304                                   {product} {ergonomic}
   size_t MaxHeapSize                              = 2147483648                                {product} {command line}
   size_t MaxMetaspaceSize                         = 1073741824                                {product} {command line}
   size_t MaxNewSize                               = 1287651328                                {product} {ergonomic}
   size_t MinHeapDeltaBytes                        = 1048576                                   {product} {ergonomic}
   size_t MinHeapSize                              = 8388608                                   {product} {ergonomic}
    uintx NonNMethodCodeHeapSize                   = 5839372                                {pd product} {ergonomic}
    uintx NonProfiledCodeHeapSize                  = 122909434                              {pd product} {ergonomic}
    uintx ProfiledCodeHeapSize                     = 122909434                              {pd product} {ergonomic}
    uintx ReservedCodeCacheSize                    = 251658240                              {pd product} {ergonomic}
     bool SegmentedCodeCache                       = true                                      {product} {ergonomic}
   size_t SoftMaxHeapSize                          = 2147483648                             {manageable} {ergonomic}
     bool UseCompressedOops                        = true                           {product lp64_product} {ergonomic}
     bool UseG1GC                                  = true                                      {product} {ergonomic}
     bool UseLargePagesIndividualAllocation        = false                                  {pd product} {ergonomic}

Logging:
Log output configuration:
 #0: stdout all=warning uptime,level,tags foldmultilines=false
 #1: stderr all=off uptime,level,tags foldmultilines=false

Release file:
JAVA_VERSION="21.0.10" 
MODULES="java.base java.compiler java.datatransfer java.xml java.prefs java.desktop java.instrument java.logging java.management java.security.sasl java.naming java.rmi java.management.rmi java.net.http java.scripting java.security.jgss java.transaction.xa java.sql java.sql.rowset java.xml.crypto java.se java.smartcardio jdk.accessibility jdk.internal.jvmstat jdk.attach jdk.charsets jdk.internal.opt jdk.zipfs jdk.compiler jdk.crypto.ec jdk.crypto.cryptoki jdk.crypto.mscapi jdk.dynalink jdk.internal.ed jdk.editpad jdk.hotspot.agent jdk.httpserver jdk.internal.le jdk.internal.vm.ci jdk.internal.vm.compiler jdk.internal.vm.compiler.management jdk.jartool jdk.javadoc jdk.jcmd jdk.management jdk.management.agent jdk.jconsole jdk.jdeps jdk.jdwp.agent jdk.jdi jdk.jfr jdk.jshell jdk.jsobject jdk.jstatd jdk.localedata jdk.management.jfr jdk.naming.dns jdk.naming.rmi jdk.net jdk.nio.mapmode jdk.random jdk.sctp jdk.security.auth jdk.security.jgss jdk.unsupported jdk.unsupported.desktop jdk.xml.dom" 

Environment Variables:
JAVA_HOME=C:\Program Files\Microsoft\jdk-17.0.18.8-hotspot\
PATH=C:\flutter\bin\cache\dart-sdk;C:\flutter\bin\dart.bat;C:\Program Files\Microsoft\jdk-17.0.18.8-hotspot\bin;C:\Windows\System32\HWAudioDriver;C:\Windows\system32;C:\Windows;C:\Windows\System32\Wbem;C:\Windows\System32\WindowsPowerShell\v1.0\;C:\Windows\System32\OpenSSH\;C:\Users\Administrator\AppData\Local\Microsoft\WindowsApps;C:\Program Files\Git\cmd;C:\Program Files\Docker\Docker\resources\bin;C:\Program Files\nodejs\;D:\flutter\bin;C:\flutter\bin;C:\Users\megda\AppData\Local\Android\Sdk\platform-tools;C:\Users\megda\AppData\Local\Android\Sdk\cmdline-tools\latest\bin;C:\Users\megda\AppData\Local\Android\Sdk\cmdline-tools;D:\android_sdk;C:\Users\megda\AppData\Local\Programs\Ollama;C:\flutter\bin\cache\dart-sdk;C:\flutter\bin\dart.bat;C:\Program Files\Microsoft\jdk-17.0.18.8-hotspot\bin;C:\Windows\System32\HWAudioDriver;C:\Windows\system32;C:\Windows;C:\Windows\System32\Wbem;C:\Windows\System32\WindowsPowerShell\v1.0\;C:\Windows\System32\OpenSSH\;C:\Users\Administrator\AppData\Local\Microsoft\WindowsApps;C:\Program Files\Git\cmd;C:\Program Files\Docker\Docker\resources\bin;C:\Program Files\nodejs\;D:\flutter\bin;C:\flutter\bin;C:\Users\megda\AppData\Local\Android\Sdk\platform-tools;C:\Users\megda\AppData\Local\Android\Sdk\cmdline-tools\latest\bin;C:\Users\megda\AppData\Local\Android\Sdk\cmdline-tools;D:\android_sdk;C:\flutter\bin\cache\dart-sdk;C:\flutter\bin\dart.bat;C:\Program Files\Microsoft\jdk-17.0.18.8-hotspot\bin;C:\Windows\System32\HWAudioDriver;C:\Windows\system32;C:\Windows;C:\Windows\System32\Wbem;C:\Windows\System32\WindowsPowerShell\v1.0\;C:\Windows\System32\OpenSSH\;C:\Users\Administrator\AppData\Local\Microsoft\WindowsApps;C:\Program Files\Git\cmd;C:\Program Files\Docker\Docker\resources\bin;C:\Program Files\nodejs\;D:\flutter\bin;C:\flutter\bin;C:\Users\megda\AppData\Local\Android\Sdk\platform-tools;C:\Users\megda\AppData\Local\Android\Sdk\cmdline-tools\latest\bin;C:\Users\megda\AppData\Local\Android\Sdk\cmdline-tools;D:\android_sdk;C:\Users\megda\.local\bin\claude.exe;C:\flutter\bin\cache\dart-sdk;C:\flutter\bin\dart.bat;C:\Program Files\Microsoft\jdk-17.0.18.8-hotspot\bin;C:\Windows\System32\HWAudioDriver;C:\Windows\system32;C:\Windows;C:\Windows\System32\Wbem;C:\Windows\System32\WindowsPowerShell\v1.0\;C:\Windows\System32\OpenSSH\;C:\Users\Administrator\AppData\Local\Microsoft\WindowsApps;C:\Program F;C:\Users\megda\.local\bin;C:\Users\megda\AppData\Local\Programs\Antigravity\bin;C:\Users\megda\AppData\Local\Programs\Microsoft VS Code\bin;C:\Users\megda\AppData\Local\PowerToys\DSCModules\;C:\Users\megda\AppData\Local\Programs\Antigravity IDE\bin
USERNAME=megda
OS=Windows_NT
PROCESSOR_IDENTIFIER=Intel64 Family 6 Model 154 Stepping 3, GenuineIntel
TMP=C:\Users\megda\AppData\Local\Temp
TEMP=C:\Users\megda\AppData\Local\Temp




Periodic native trim disabled

---------------  S Y S T E M  ---------------

OS:
 Windows 11 , 64 bit Build 26100 (10.0.26100.8328)
OS uptime: 0 days 12:04 hours
Hyper-V role detected

CPU: total 12 (initial active 12) (6 cores per cpu, 2 threads per core) family 6 model 154 stepping 3 microcode 0x426, cx8, cmov, fxsr, ht, mmx, 3dnowpref, sse, sse2, sse3, ssse3, sse4.1, sse4.2, popcnt, lzcnt, tsc, tscinvbit, avx, avx2, aes, erms, clmul, bmi1, bmi2, adx, sha, fma, vzeroupper, clflush, clflushopt, clwb, hv, serialize, rdtscp, rdpid, fsrm, f16c, cet_ibt, cet_ss
Processor Information for the first 12 processors :
  Max Mhz: 2000, Current Mhz: 2000, Mhz Limit: 2000

Memory: 4k page, system-wide physical 7916M (817M free)
TotalPageFile size 32492M (AvailPageFile size 3M)
current process WorkingSet (physical memory assigned to process): 151M, peak: 582M
current process commit charge ("private bytes"): 823M, peak: 838M

vm_info: OpenJDK 64-Bit Server VM (21.0.10+7-LTS) for windows-amd64 JRE (21.0.10+7-LTS), built on 2026-01-20T00:00:00Z by "admin" with MS VC++ 17.12 (VS2022)

END.
