#
# There is insufficient memory for the Java Runtime Environment to continue.
# Native memory allocation (mmap) failed to map 66060288 bytes. Error detail: G1 virtual space
# Possible reasons:
#   The system is out of physical RAM or swap space
#   This process is running with CompressedOops enabled, and the Java Heap may be blocking the growth of the native heap
# Possible solutions:
#   Reduce memory load on the system
#   Increase physical memory or swap space
#   Check if swap backing store is full
#   Decrease Java heap size (-Xmx/-Xms)
#   Decrease number of Java threads
#   Decrease Java thread stack sizes (-Xss)
#   Set larger code cache with -XX:ReservedCodeCacheSize=
#   JVM is running with Unscaled Compressed Oops mode in which the Java heap is
#     placed in the first 4GB address space. The Java Heap base address is the
#     maximum limit for the native heap growth. Please use -XX:HeapBaseMinAddress
#     to set the Java Heap base and to place the Java Heap above 4GB virtual address.
# This output file may be truncated or incomplete.
#
#  Out of Memory Error (os_windows.cpp:3714), pid=12408, tid=12516
#
# JRE version: OpenJDK Runtime Environment Temurin-21.0.11+10 (21.0.11+10) (build 21.0.11+10-LTS)
# Java VM: OpenJDK 64-Bit Server VM Temurin-21.0.11+10 (21.0.11+10-LTS, mixed mode, sharing, tiered, compressed oops, compressed class ptrs, g1 gc, windows-amd64)
# No core dump will be written. Minidumps are not enabled by default on client versions of Windows
#

---------------  S U M M A R Y ------------

Command Line: --add-opens=java.base/java.lang=ALL-UNNAMED --add-opens=java.base/java.lang.invoke=ALL-UNNAMED --add-opens=java.base/java.util=ALL-UNNAMED --add-opens=java.prefs/java.util.prefs=ALL-UNNAMED --add-exports=jdk.compiler/com.sun.tools.javac.api=ALL-UNNAMED --add-exports=jdk.compiler/com.sun.tools.javac.util=ALL-UNNAMED --add-opens=java.base/java.util=ALL-UNNAMED --add-opens=java.prefs/java.util.prefs=ALL-UNNAMED --add-opens=java.base/java.nio.charset=ALL-UNNAMED --add-opens=java.base/java.net=ALL-UNNAMED --add-opens=java.base/java.util.concurrent.atomic=ALL-UNNAMED --add-opens=java.xml/javax.xml.namespace=ALL-UNNAMED -XX:MaxMetaspaceSize=1G -XX:+HeapDumpOnOutOfMemoryError -Xmx2G -Dfile.encoding=UTF-8 -Duser.country=US -Duser.language=en -Duser.variant -javaagent:C:\Users\megda\.gradle\wrapper\dists\gradle-8.14-all\c2qonpi39x1mddn7hk5gh9iqj\gradle-8.14\lib\agents\gradle-instrumentation-agent-8.14.jar org.gradle.launcher.daemon.bootstrap.GradleDaemon 8.14

Host: 12th Gen Intel(R) Core(TM) i5-12450H, 12 cores, 7G,  Windows 11 , 64 bit Build 26100 (10.0.26100.8737)
Time: Thu Jul 16 15:36:36 2026 E. Africa Standard Time elapsed time: 46.058271 seconds (0d 0h 0m 46s)

---------------  T H R E A D  ---------------

Current thread (0x00000184ff9ba0d0):  VMThread "VM Thread"          [id=12516, stack(0x0000001b80e00000,0x0000001b80f00000) (1024K)]

Stack: [0x0000001b80e00000,0x0000001b80f00000]
Native frames: (J=compiled Java code, j=interpreted, Vv=VM code, C=native code)
V  [jvm.dll+0x6d7e19]
V  [jvm.dll+0x8b5096]
V  [jvm.dll+0x8b764e]
V  [jvm.dll+0x8b7d33]
V  [jvm.dll+0x284596]
V  [jvm.dll+0x6d4735]
V  [jvm.dll+0x6c845a]
V  [jvm.dll+0x35ef08]
V  [jvm.dll+0x366b46]
V  [jvm.dll+0x3b7c2e]
V  [jvm.dll+0x3b7ed8]
V  [jvm.dll+0x33310c]
V  [jvm.dll+0x335926]
V  [jvm.dll+0x33f91d]
V  [jvm.dll+0x374fdf]
V  [jvm.dll+0x8bda20]
V  [jvm.dll+0x8bed94]
V  [jvm.dll+0x8bf2c0]
V  [jvm.dll+0x8bf563]
V  [jvm.dll+0x85fb0d]
V  [jvm.dll+0x6d664d]
C  [ucrtbase.dll+0x2cd30]
C  [KERNEL32.DLL+0x2e957]
C  [ntdll.dll+0xaad6c]

VM_Operation (0x0000001b809ff850): G1PauseRemark, mode: safepoint, requested by thread 0x00000184e9e6e5d0


---------------  P R O C E S S  ---------------

Threads class SMR info:
_java_thread_list=0x00000184c0970560, length=186, elements={
0x00000184e9e04090, 0x00000184ff9d83e0, 0x00000184ff9dae50, 0x00000184ff9dbea0,
0x00000184ff9e4cc0, 0x00000184ff9e78b0, 0x00000184ff9e92f0, 0x00000184ff9f7640,
0x00000184ffa201c0, 0x00000184ff9e9980, 0x00000184ff9ea010, 0x00000184ff9e8c60,
0x00000184ff9e7f40, 0x00000184bc7ae5b0, 0x00000184bc7af2d0, 0x00000184bc7adf20,
0x00000184bc7b0680, 0x00000184bc7b0d10, 0x00000184bc7afff0, 0x00000184bc7b13a0,
0x00000184bc7b4190, 0x00000184bc7b4820, 0x00000184bc7b4eb0, 0x00000184bcf28a90,
0x00000184be49dc20, 0x00000184ff9ea6a0, 0x00000184c041e230, 0x00000184c041c160,
0x00000184c1972130, 0x00000184c041adb0, 0x00000184c2eb1ac0, 0x00000184c2eb0710,
0x00000184c04216b0, 0x00000184c0420990, 0x00000184c041ef50, 0x00000184c041fc70,
0x00000184c257da20, 0x00000184c1970060, 0x00000184c1970d80, 0x00000184c1971aa0,
0x00000184c1972e50, 0x00000184c1973b70, 0x00000184c1971410, 0x00000184c19734e0,
0x00000184c19706f0, 0x00000184c19755b0, 0x00000184c1974200, 0x00000184c1974890,
0x00000184c1974f20, 0x00000184ffd3a400, 0x00000184c1975c40, 0x00000184c19727c0,
0x00000184c1979750, 0x00000184c19762d0, 0x00000184c19783a0, 0x00000184c1976960,
0x00000184c1977d10, 0x00000184c197a470, 0x00000184c1976ff0, 0x00000184c197d8f0,
0x00000184c197d260, 0x00000184c197beb0, 0x00000184c197c540, 0x00000184c197df80,
0x00000184c197e610, 0x00000184c197b190, 0x00000184c197eca0, 0x00000184c197b820,
0x00000184c197f330, 0x00000184c2eadfb0, 0x00000184c2eae640, 0x00000184c2eaecd0,
0x00000184c2eb27e0, 0x00000184c2eaf360, 0x00000184c2eb0080, 0x00000184c2eb0da0,
0x00000184c2eb2e70, 0x00000184c2eaf9f0, 0x00000184c2eb3b90, 0x00000184c2eb3500,
0x00000184c2eb1430, 0x00000184c2eb4f40, 0x00000184c2eb62f0, 0x00000184c2eb7010,
0x00000184c2eb6980, 0x00000184c2eb55d0, 0x00000184c2eb76a0, 0x00000184c2eb5c60,
0x00000184c2eb4220, 0x00000184c2eb9770, 0x00000184c2eb90e0, 0x00000184c2eb9e00,
0x00000184c2ebb1b0, 0x00000184c2eb7d30, 0x00000184c2ebb840, 0x00000184c2ebab20,
0x00000184c2eba490, 0x00000184c2eb83c0, 0x00000184c2ebbed0, 0x00000184c2eb8a50,
0x00000184c2ebc560, 0x00000184c2ebcbf0, 0x00000184c2ebd280, 0x00000184c0166e00,
0x00000184c0164d30, 0x00000184c01653c0, 0x00000184c01660e0, 0x00000184c0165a50,
0x00000184c0166770, 0x00000184c0167490, 0x00000184c0164010, 0x00000184c016afa0,
0x00000184c0167b20, 0x00000184c01681b0, 0x00000184c0168840, 0x00000184c0168ed0,
0x00000184c0169560, 0x00000184c016a910, 0x00000184c016a280, 0x00000184c016b630,
0x00000184c0169bf0, 0x00000184c257f460, 0x00000184c257e0b0, 0x00000184c257cd00,
0x00000184c257faf0, 0x00000184c257e740, 0x00000184c257edd0, 0x00000184c257c670,
0x00000184c2580180, 0x00000184c2580810, 0x00000184c257d390, 0x00000184c2581530,
0x00000184bc7b2750, 0x00000184bc7b2de0, 0x00000184c2896e50, 0x00000184c2895aa0,
0x00000184c2895410, 0x00000184c28974e0, 0x00000184c2896130, 0x00000184c2897b70,
0x00000184c28967c0, 0x00000184c28946f0, 0x00000184c2894d80, 0x00000184c289a960,
0x00000184c289a2d0, 0x00000184c289aff0, 0x00000184c2898f20, 0x00000184c2898200,
0x00000184c289bd10, 0x00000184c289b680, 0x00000184c2898890, 0x00000184c2899c40,
0x00000184c289c3a0, 0x00000184c28995b0, 0x00000184c289ca30, 0x00000184c28a0540,
0x00000184c289f820, 0x00000184c28a0bd0, 0x00000184c289d750, 0x00000184c28a1260,
0x00000184c289dde0, 0x00000184c289f190, 0x00000184c289eb00, 0x00000184c28a18f0,
0x00000184c289e470, 0x00000184c28a1f80, 0x00000184c28a3330, 0x00000184c289feb0,
0x00000184c28a2610, 0x00000184c28a2ca0, 0x00000184c28a39c0, 0x00000184c041e8c0,
0x00000184c041d510, 0x00000184c0421d40, 0x00000184c0424b30, 0x00000184c04223d0,
0x00000184c0423780, 0x00000184c0423e10, 0x00000184c0425850, 0x00000184c04251c0,
0x00000184c0426570, 0x00000184c04230f0, 0x00000184c0426c00, 0x00000184c0427920,
0x00000184c04244a0, 0x00000184c0427fb0
}

Java Threads: ( => current thread )
  0x00000184e9e04090 JavaThread "main"                              [_thread_blocked, id=3380, stack(0x0000001b80700000,0x0000001b80800000) (1024K)]
  0x00000184ff9d83e0 JavaThread "Reference Handler"          daemon [_thread_blocked, id=35600, stack(0x0000001b80f00000,0x0000001b81000000) (1024K)]
  0x00000184ff9dae50 JavaThread "Finalizer"                  daemon [_thread_blocked, id=30332, stack(0x0000001b81000000,0x0000001b81100000) (1024K)]
  0x00000184ff9dbea0 JavaThread "Signal Dispatcher"          daemon [_thread_blocked, id=34436, stack(0x0000001b81100000,0x0000001b81200000) (1024K)]
  0x00000184ff9e4cc0 JavaThread "Attach Listener"            daemon [_thread_blocked, id=23116, stack(0x0000001b81200000,0x0000001b81300000) (1024K)]
  0x00000184ff9e78b0 JavaThread "Service Thread"             daemon [_thread_blocked, id=29436, stack(0x0000001b81300000,0x0000001b81400000) (1024K)]
  0x00000184ff9e92f0 JavaThread "Monitor Deflation Thread"   daemon [_thread_blocked, id=28884, stack(0x0000001b81400000,0x0000001b81500000) (1024K)]
  0x00000184ff9f7640 JavaThread "C2 CompilerThread0"         daemon [_thread_blocked, id=33512, stack(0x0000001b81500000,0x0000001b81600000) (1024K)]
  0x00000184ffa201c0 JavaThread "C1 CompilerThread0"         daemon [_thread_blocked, id=19532, stack(0x0000001b81600000,0x0000001b81700000) (1024K)]
  0x00000184ff9e9980 JavaThread "Common-Cleaner"             daemon [_thread_blocked, id=31648, stack(0x0000001b81700000,0x0000001b81800000) (1024K)]
  0x00000184ff9ea010 JavaThread "Notification Thread"        daemon [_thread_blocked, id=27424, stack(0x0000001b81800000,0x0000001b81900000) (1024K)]
  0x00000184ff9e8c60 JavaThread "Daemon health stats"               [_thread_blocked, id=23512, stack(0x0000001b81e00000,0x0000001b81f00000) (1024K)]
  0x00000184ff9e7f40 JavaThread "Incoming local TCP Connector on port 46762"        [_thread_in_native, id=11488, stack(0x0000001b81f00000,0x0000001b82000000) (1024K)]
  0x00000184bc7ae5b0 JavaThread "Daemon periodic checks"            [_thread_blocked, id=34036, stack(0x0000001b82000000,0x0000001b82100000) (1024K)]
  0x00000184bc7af2d0 JavaThread "Daemon"                            [_thread_blocked, id=5368, stack(0x0000001b82100000,0x0000001b82200000) (1024K)]
  0x00000184bc7adf20 JavaThread "Daemon worker"                     [_thread_blocked, id=22096, stack(0x0000001b82400000,0x0000001b82500000) (1024K)]
  0x00000184bc7b0680 JavaThread "Cache worker for journal cache (C:\Users\megda\.gradle\caches\journal-1)"        [_thread_blocked, id=35512, stack(0x0000001b82800000,0x0000001b82900000) (1024K)]
  0x00000184bc7b0d10 JavaThread "File lock request listener"        [_thread_in_native, id=26252, stack(0x0000001b82900000,0x0000001b82a00000) (1024K)]
  0x00000184bc7afff0 JavaThread "Cache worker for file hash cache (C:\Users\megda\.gradle\caches\8.14\fileHashes)"        [_thread_blocked, id=21696, stack(0x0000001b82a00000,0x0000001b82b00000) (1024K)]
  0x00000184bc7b13a0 JavaThread "File watcher server"        daemon [_thread_in_native, id=28612, stack(0x0000001b83300000,0x0000001b83400000) (1024K)]
  0x00000184bc7b4190 JavaThread "File watcher consumer"      daemon [_thread_blocked, id=24272, stack(0x0000001b83400000,0x0000001b83500000) (1024K)]
  0x00000184bc7b4820 JavaThread "jar transforms"                    [_thread_blocked, id=31124, stack(0x0000001b83500000,0x0000001b83600000) (1024K)]
  0x00000184bc7b4eb0 JavaThread "jar transforms Thread 2"           [_thread_blocked, id=25040, stack(0x0000001b83600000,0x0000001b83700000) (1024K)]
  0x00000184bcf28a90 JavaThread "Cache worker for file content cache (C:\Users\megda\.gradle\caches\8.14\fileContent)"        [_thread_blocked, id=35524, stack(0x0000001b83900000,0x0000001b83a00000) (1024K)]
  0x00000184be49dc20 JavaThread "Memory manager"                    [_thread_blocked, id=29468, stack(0x0000001b85f00000,0x0000001b86000000) (1024K)]
  0x00000184ff9ea6a0 JavaThread "included builds"                   [_thread_blocked, id=9460, stack(0x0000001b86100000,0x0000001b86200000) (1024K)]
  0x00000184c041e230 JavaThread "jar transforms Thread 3"           [_thread_blocked, id=9408, stack(0x0000001b83c00000,0x0000001b83d00000) (1024K)]
  0x00000184c041c160 JavaThread "jar transforms Thread 4"           [_thread_blocked, id=21568, stack(0x0000001b8b200000,0x0000001b8b300000) (1024K)]
  0x00000184c1972130 JavaThread "jar transforms Thread 5"           [_thread_blocked, id=35396, stack(0x0000001b8b400000,0x0000001b8b500000) (1024K)]
  0x00000184c041adb0 JavaThread "jar transforms Thread 6"           [_thread_blocked, id=21136, stack(0x0000001b8c800000,0x0000001b8c900000) (1024K)]
  0x00000184c2eb1ac0 JavaThread "jar transforms Thread 7"           [_thread_blocked, id=30816, stack(0x0000001b8c900000,0x0000001b8ca00000) (1024K)]
  0x00000184c2eb0710 JavaThread "jar transforms Thread 8"           [_thread_blocked, id=12592, stack(0x0000001b8ca00000,0x0000001b8cb00000) (1024K)]
  0x00000184c04216b0 JavaThread "jar transforms Thread 9"           [_thread_blocked, id=20428, stack(0x0000001b8cb00000,0x0000001b8cc00000) (1024K)]
  0x00000184c0420990 JavaThread "jar transforms Thread 10"          [_thread_blocked, id=33520, stack(0x0000001b8cc00000,0x0000001b8cd00000) (1024K)]
  0x00000184c041ef50 JavaThread "jar transforms Thread 11"          [_thread_blocked, id=9900, stack(0x0000001b8ce00000,0x0000001b8cf00000) (1024K)]
  0x00000184c041fc70 JavaThread "File lock release action executor"        [_thread_blocked, id=26416, stack(0x0000001b8d000000,0x0000001b8d100000) (1024K)]
  0x00000184c257da20 JavaThread "jar transforms Thread 12"          [_thread_blocked, id=30812, stack(0x0000001b8cd00000,0x0000001b8ce00000) (1024K)]
  0x00000184c1970060 JavaThread "VFS cleanup"                       [_thread_blocked, id=25248, stack(0x0000001b82500000,0x0000001b82600000) (1024K)]
  0x00000184c1970d80 JavaThread "Handler for socket connection from /127.0.0.1:46762 to /127.0.0.1:12159"        [_thread_in_native, id=21772, stack(0x0000001b82200000,0x0000001b82300000) (1024K)]
  0x00000184c1971aa0 JavaThread "Cancel handler"                    [_thread_blocked, id=25340, stack(0x0000001b82300000,0x0000001b82400000) (1024K)]
  0x00000184c1972e50 JavaThread "Asynchronous log dispatcher for DefaultDaemonConnection: socket connection from /127.0.0.1:46762 to /127.0.0.1:12159"        [_thread_blocked, id=10408, stack(0x0000001b82600000,0x0000001b82700000) (1024K)]
  0x00000184c1973b70 JavaThread "Stdin handler"                     [_thread_blocked, id=27204, stack(0x0000001b82700000,0x0000001b82800000) (1024K)]
  0x00000184c1971410 JavaThread "Daemon client event forwarder"        [_thread_blocked, id=18988, stack(0x0000001b83100000,0x0000001b83200000) (1024K)]
  0x00000184c19734e0 JavaThread "Cache worker for file hash cache (C:\Users\megda\Telemedicine101\Telemedicine101\android\.gradle\8.14\fileHashes)"        [_thread_blocked, id=33048, stack(0x0000001b83200000,0x0000001b83300000) (1024K)]
  0x00000184c19706f0 JavaThread "Cache worker for Build Output Cleanup Cache (C:\Users\megda\Telemedicine101\Telemedicine101\android\.gradle\buildOutputCleanup)"        [_thread_blocked, id=34952, stack(0x0000001b83700000,0x0000001b83800000) (1024K)]
  0x00000184c19755b0 JavaThread "Cache worker for checksums cache (C:\Users\megda\Telemedicine101\Telemedicine101\android\.gradle\8.14\checksums)"        [_thread_blocked, id=228, stack(0x0000001b83800000,0x0000001b83900000) (1024K)]
  0x00000184c1974200 JavaThread "Cache worker for cache directory md-supplier (C:\Users\megda\.gradle\caches\8.14\md-supplier)"        [_thread_blocked, id=4584, stack(0x0000001b83a00000,0x0000001b83b00000) (1024K)]
  0x00000184c1974890 JavaThread "Cache worker for cache directory md-rule (C:\Users\megda\.gradle\caches\8.14\md-rule)"        [_thread_blocked, id=3644, stack(0x0000001b83b00000,0x0000001b83c00000) (1024K)]
  0x00000184c1974f20 JavaThread "Cache worker for Build Output Cleanup Cache (D:\flutter\packages\flutter_tools\gradle\.gradle\buildOutputCleanup)"        [_thread_blocked, id=30404, stack(0x0000001b83d00000,0x0000001b83e00000) (1024K)]
  0x00000184ffd3a400 JavaThread "C2 CompilerThread1"         daemon [_thread_blocked, id=15192, stack(0x0000001b83e00000,0x0000001b83f00000) (1024K)]
  0x00000184c1975c40 JavaThread "Unconstrained build operations"        [_thread_blocked, id=21228, stack(0x0000001b83f00000,0x0000001b84000000) (1024K)]
  0x00000184c19727c0 JavaThread "Unconstrained build operations Thread 2"        [_thread_blocked, id=15208, stack(0x0000001b84000000,0x0000001b84100000) (1024K)]
  0x00000184c1979750 JavaThread "Unconstrained build operations Thread 3"        [_thread_blocked, id=20160, stack(0x0000001b84100000,0x0000001b84200000) (1024K)]
  0x00000184c19762d0 JavaThread "Unconstrained build operations Thread 4"        [_thread_blocked, id=23656, stack(0x0000001b84200000,0x0000001b84300000) (1024K)]
  0x00000184c19783a0 JavaThread "Unconstrained build operations Thread 5"        [_thread_blocked, id=24004, stack(0x0000001b84300000,0x0000001b84400000) (1024K)]
  0x00000184c1976960 JavaThread "Unconstrained build operations Thread 6"        [_thread_blocked, id=16920, stack(0x0000001b84400000,0x0000001b84500000) (1024K)]
  0x00000184c1977d10 JavaThread "Unconstrained build operations Thread 7"        [_thread_blocked, id=21008, stack(0x0000001b84500000,0x0000001b84600000) (1024K)]
  0x00000184c197a470 JavaThread "Unconstrained build operations Thread 8"        [_thread_blocked, id=25916, stack(0x0000001b84600000,0x0000001b84700000) (1024K)]
  0x00000184c1976ff0 JavaThread "Unconstrained build operations Thread 9"        [_thread_blocked, id=34820, stack(0x0000001b84700000,0x0000001b84800000) (1024K)]
  0x00000184c197d8f0 JavaThread "Unconstrained build operations Thread 10"        [_thread_blocked, id=28332, stack(0x0000001b84800000,0x0000001b84900000) (1024K)]
  0x00000184c197d260 JavaThread "Unconstrained build operations Thread 11"        [_thread_blocked, id=23148, stack(0x0000001b84900000,0x0000001b84a00000) (1024K)]
  0x00000184c197beb0 JavaThread "Unconstrained build operations Thread 12"        [_thread_blocked, id=18008, stack(0x0000001b84a00000,0x0000001b84b00000) (1024K)]
  0x00000184c197c540 JavaThread "Unconstrained build operations Thread 13"        [_thread_blocked, id=32008, stack(0x0000001b84b00000,0x0000001b84c00000) (1024K)]
  0x00000184c197df80 JavaThread "Unconstrained build operations Thread 14"        [_thread_blocked, id=26864, stack(0x0000001b84c00000,0x0000001b84d00000) (1024K)]
  0x00000184c197e610 JavaThread "Unconstrained build operations Thread 15"        [_thread_blocked, id=30920, stack(0x0000001b84d00000,0x0000001b84e00000) (1024K)]
  0x00000184c197b190 JavaThread "Unconstrained build operations Thread 16"        [_thread_blocked, id=24416, stack(0x0000001b84e00000,0x0000001b84f00000) (1024K)]
  0x00000184c197eca0 JavaThread "Unconstrained build operations Thread 17"        [_thread_blocked, id=16248, stack(0x0000001b84f00000,0x0000001b85000000) (1024K)]
  0x00000184c197b820 JavaThread "Unconstrained build operations Thread 18"        [_thread_blocked, id=16400, stack(0x0000001b85000000,0x0000001b85100000) (1024K)]
  0x00000184c197f330 JavaThread "Unconstrained build operations Thread 19"        [_thread_blocked, id=32076, stack(0x0000001b85100000,0x0000001b85200000) (1024K)]
  0x00000184c2eadfb0 JavaThread "Unconstrained build operations Thread 20"        [_thread_blocked, id=20352, stack(0x0000001b85200000,0x0000001b85300000) (1024K)]
  0x00000184c2eae640 JavaThread "Unconstrained build operations Thread 21"        [_thread_blocked, id=29604, stack(0x0000001b85300000,0x0000001b85400000) (1024K)]
  0x00000184c2eaecd0 JavaThread "Unconstrained build operations Thread 22"        [_thread_blocked, id=2824, stack(0x0000001b85400000,0x0000001b85500000) (1024K)]
  0x00000184c2eb27e0 JavaThread "build event listener"              [_thread_blocked, id=29536, stack(0x0000001b85500000,0x0000001b85600000) (1024K)]
  0x00000184c2eaf360 JavaThread "included builds"                   [_thread_blocked, id=26148, stack(0x0000001b85600000,0x0000001b85700000) (1024K)]
  0x00000184c2eb0080 JavaThread "Execution worker"                  [_thread_blocked, id=25948, stack(0x0000001b85700000,0x0000001b85800000) (1024K)]
  0x00000184c2eb0da0 JavaThread "Execution worker Thread 2"         [_thread_blocked, id=31792, stack(0x0000001b85800000,0x0000001b85900000) (1024K)]
  0x00000184c2eb2e70 JavaThread "Execution worker Thread 3"         [_thread_blocked, id=33660, stack(0x0000001b85900000,0x0000001b85a00000) (1024K)]
  0x00000184c2eaf9f0 JavaThread "Execution worker Thread 4"         [_thread_blocked, id=33432, stack(0x0000001b85a00000,0x0000001b85b00000) (1024K)]
  0x00000184c2eb3b90 JavaThread "Execution worker Thread 5"         [_thread_blocked, id=33204, stack(0x0000001b85b00000,0x0000001b85c00000) (1024K)]
  0x00000184c2eb3500 JavaThread "Execution worker Thread 6"         [_thread_blocked, id=31856, stack(0x0000001b85c00000,0x0000001b85d00000) (1024K)]
  0x00000184c2eb1430 JavaThread "Execution worker Thread 7"         [_thread_blocked, id=17544, stack(0x0000001b85d00000,0x0000001b85e00000) (1024K)]
  0x00000184c2eb4f40 JavaThread "Execution worker Thread 8"         [_thread_blocked, id=34284, stack(0x0000001b85e00000,0x0000001b85f00000) (1024K)]
  0x00000184c2eb62f0 JavaThread "Execution worker Thread 9"         [_thread_blocked, id=6848, stack(0x0000001b86000000,0x0000001b86100000) (1024K)]
  0x00000184c2eb7010 JavaThread "Execution worker Thread 10"        [_thread_blocked, id=33916, stack(0x0000001b86200000,0x0000001b86300000) (1024K)]
  0x00000184c2eb6980 JavaThread "Execution worker Thread 11"        [_thread_blocked, id=14060, stack(0x0000001b86300000,0x0000001b86400000) (1024K)]
  0x00000184c2eb55d0 JavaThread "Cache worker for execution history cache (D:\flutter\packages\flutter_tools\gradle\.gradle\8.14\executionHistory)"        [_thread_blocked, id=29140, stack(0x0000001b86400000,0x0000001b86500000) (1024K)]
  0x00000184c2eb76a0 JavaThread "Unconstrained build operations Thread 23"        [_thread_blocked, id=32232, stack(0x0000001b86500000,0x0000001b86600000) (1024K)]
  0x00000184c2eb5c60 JavaThread "Unconstrained build operations Thread 24"        [_thread_blocked, id=2940, stack(0x0000001b86600000,0x0000001b86700000) (1024K)]
  0x00000184c2eb4220 JavaThread "Unconstrained build operations Thread 25"        [_thread_blocked, id=29168, stack(0x0000001b86700000,0x0000001b86800000) (1024K)]
  0x00000184c2eb9770 JavaThread "Unconstrained build operations Thread 26"        [_thread_blocked, id=27476, stack(0x0000001b86800000,0x0000001b86900000) (1024K)]
  0x00000184c2eb90e0 JavaThread "Unconstrained build operations Thread 27"        [_thread_blocked, id=32088, stack(0x0000001b86900000,0x0000001b86a00000) (1024K)]
  0x00000184c2eb9e00 JavaThread "Unconstrained build operations Thread 28"        [_thread_blocked, id=26700, stack(0x0000001b86a00000,0x0000001b86b00000) (1024K)]
  0x00000184c2ebb1b0 JavaThread "Unconstrained build operations Thread 29"        [_thread_blocked, id=5804, stack(0x0000001b86b00000,0x0000001b86c00000) (1024K)]
  0x00000184c2eb7d30 JavaThread "Unconstrained build operations Thread 30"        [_thread_blocked, id=4192, stack(0x0000001b86c00000,0x0000001b86d00000) (1024K)]
  0x00000184c2ebb840 JavaThread "Unconstrained build operations Thread 31"        [_thread_blocked, id=27772, stack(0x0000001b86d00000,0x0000001b86e00000) (1024K)]
  0x00000184c2ebab20 JavaThread "Unconstrained build operations Thread 32"        [_thread_blocked, id=6036, stack(0x0000001b86e00000,0x0000001b86f00000) (1024K)]
  0x00000184c2eba490 JavaThread "Unconstrained build operations Thread 33"        [_thread_blocked, id=34940, stack(0x0000001b86f00000,0x0000001b87000000) (1024K)]
  0x00000184c2eb83c0 JavaThread "Unconstrained build operations Thread 34"        [_thread_blocked, id=33844, stack(0x0000001b87000000,0x0000001b87100000) (1024K)]
  0x00000184c2ebbed0 JavaThread "Unconstrained build operations Thread 35"        [_thread_blocked, id=29384, stack(0x0000001b87100000,0x0000001b87200000) (1024K)]
  0x00000184c2eb8a50 JavaThread "Unconstrained build operations Thread 36"        [_thread_blocked, id=13556, stack(0x0000001b87200000,0x0000001b87300000) (1024K)]
  0x00000184c2ebc560 JavaThread "Unconstrained build operations Thread 37"        [_thread_blocked, id=33240, stack(0x0000001b87300000,0x0000001b87400000) (1024K)]
  0x00000184c2ebcbf0 JavaThread "Unconstrained build operations Thread 38"        [_thread_blocked, id=22080, stack(0x0000001b87400000,0x0000001b87500000) (1024K)]
  0x00000184c2ebd280 JavaThread "Unconstrained build operations Thread 39"        [_thread_blocked, id=32772, stack(0x0000001b87500000,0x0000001b87600000) (1024K)]
  0x00000184c0166e00 JavaThread "Unconstrained build operations Thread 40"        [_thread_blocked, id=34244, stack(0x0000001b87600000,0x0000001b87700000) (1024K)]
  0x00000184c0164d30 JavaThread "Unconstrained build operations Thread 41"        [_thread_blocked, id=2812, stack(0x0000001b87700000,0x0000001b87800000) (1024K)]
  0x00000184c01653c0 JavaThread "Unconstrained build operations Thread 42"        [_thread_blocked, id=34748, stack(0x0000001b87800000,0x0000001b87900000) (1024K)]
  0x00000184c01660e0 JavaThread "Unconstrained build operations Thread 43"        [_thread_blocked, id=6592, stack(0x0000001b87900000,0x0000001b87a00000) (1024K)]
  0x00000184c0165a50 JavaThread "Unconstrained build operations Thread 44"        [_thread_blocked, id=30096, stack(0x0000001b87a00000,0x0000001b87b00000) (1024K)]
  0x00000184c0166770 JavaThread "Unconstrained build operations Thread 45"        [_thread_blocked, id=27340, stack(0x0000001b87b00000,0x0000001b87c00000) (1024K)]
  0x00000184c0167490 JavaThread "Unconstrained build operations Thread 46"        [_thread_blocked, id=10804, stack(0x0000001b87c00000,0x0000001b87d00000) (1024K)]
  0x00000184c0164010 JavaThread "Unconstrained build operations Thread 47"        [_thread_blocked, id=19252, stack(0x0000001b87d00000,0x0000001b87e00000) (1024K)]
  0x00000184c016afa0 JavaThread "Unconstrained build operations Thread 48"        [_thread_blocked, id=1312, stack(0x0000001b87e00000,0x0000001b87f00000) (1024K)]
  0x00000184c0167b20 JavaThread "Unconstrained build operations Thread 49"        [_thread_blocked, id=32444, stack(0x0000001b87f00000,0x0000001b88000000) (1024K)]
  0x00000184c01681b0 JavaThread "Unconstrained build operations Thread 50"        [_thread_blocked, id=14708, stack(0x0000001b88000000,0x0000001b88100000) (1024K)]
  0x00000184c0168840 JavaThread "Unconstrained build operations Thread 51"        [_thread_blocked, id=18828, stack(0x0000001b88100000,0x0000001b88200000) (1024K)]
  0x00000184c0168ed0 JavaThread "Unconstrained build operations Thread 52"        [_thread_blocked, id=31652, stack(0x0000001b88200000,0x0000001b88300000) (1024K)]
  0x00000184c0169560 JavaThread "Unconstrained build operations Thread 53"        [_thread_blocked, id=25920, stack(0x0000001b88300000,0x0000001b88400000) (1024K)]
  0x00000184c016a910 JavaThread "Unconstrained build operations Thread 54"        [_thread_blocked, id=24824, stack(0x0000001b88400000,0x0000001b88500000) (1024K)]
  0x00000184c016a280 JavaThread "Unconstrained build operations Thread 55"        [_thread_blocked, id=916, stack(0x0000001b88500000,0x0000001b88600000) (1024K)]
  0x00000184c016b630 JavaThread "Unconstrained build operations Thread 56"        [_thread_blocked, id=35264, stack(0x0000001b88600000,0x0000001b88700000) (1024K)]
  0x00000184c0169bf0 JavaThread "Unconstrained build operations Thread 57"        [_thread_blocked, id=1056, stack(0x0000001b88700000,0x0000001b88800000) (1024K)]
  0x00000184c257f460 JavaThread "Unconstrained build operations Thread 58"        [_thread_blocked, id=24808, stack(0x0000001b88800000,0x0000001b88900000) (1024K)]
  0x00000184c257e0b0 JavaThread "Unconstrained build operations Thread 59"        [_thread_blocked, id=14812, stack(0x0000001b88900000,0x0000001b88a00000) (1024K)]
  0x00000184c257cd00 JavaThread "Unconstrained build operations Thread 60"        [_thread_blocked, id=26216, stack(0x0000001b88a00000,0x0000001b88b00000) (1024K)]
  0x00000184c257faf0 JavaThread "Unconstrained build operations Thread 61"        [_thread_blocked, id=700, stack(0x0000001b88b00000,0x0000001b88c00000) (1024K)]
  0x00000184c257e740 JavaThread "Unconstrained build operations Thread 62"        [_thread_blocked, id=26032, stack(0x0000001b88c00000,0x0000001b88d00000) (1024K)]
  0x00000184c257edd0 JavaThread "Unconstrained build operations Thread 63"        [_thread_blocked, id=22228, stack(0x0000001b88d00000,0x0000001b88e00000) (1024K)]
  0x00000184c257c670 JavaThread "Unconstrained build operations Thread 64"        [_thread_blocked, id=23392, stack(0x0000001b88e00000,0x0000001b88f00000) (1024K)]
  0x00000184c2580180 JavaThread "Unconstrained build operations Thread 65"        [_thread_blocked, id=32604, stack(0x0000001b88f00000,0x0000001b89000000) (1024K)]
  0x00000184c2580810 JavaThread "Unconstrained build operations Thread 66"        [_thread_blocked, id=16528, stack(0x0000001b89000000,0x0000001b89100000) (1024K)]
  0x00000184c257d390 JavaThread "Unconstrained build operations Thread 67"        [_thread_blocked, id=7260, stack(0x0000001b89100000,0x0000001b89200000) (1024K)]
  0x00000184c2581530 JavaThread "Unconstrained build operations Thread 68"        [_thread_blocked, id=15428, stack(0x0000001b89200000,0x0000001b89300000) (1024K)]
  0x00000184bc7b2750 JavaThread "build event listener"              [_thread_blocked, id=13088, stack(0x0000001b89300000,0x0000001b89400000) (1024K)]
  0x00000184bc7b2de0 JavaThread "Problems report writer"            [_thread_blocked, id=21904, stack(0x0000001b89400000,0x0000001b89500000) (1024K)]
  0x00000184c2896e50 JavaThread "Unconstrained build operations Thread 69"        [_thread_blocked, id=28556, stack(0x0000001b89500000,0x0000001b89600000) (1024K)]
  0x00000184c2895aa0 JavaThread "Unconstrained build operations Thread 70"        [_thread_blocked, id=12488, stack(0x0000001b89600000,0x0000001b89700000) (1024K)]
  0x00000184c2895410 JavaThread "Unconstrained build operations Thread 71"        [_thread_blocked, id=12924, stack(0x0000001b89700000,0x0000001b89800000) (1024K)]
  0x00000184c28974e0 JavaThread "Unconstrained build operations Thread 72"        [_thread_blocked, id=24300, stack(0x0000001b89800000,0x0000001b89900000) (1024K)]
  0x00000184c2896130 JavaThread "Unconstrained build operations Thread 73"        [_thread_blocked, id=17628, stack(0x0000001b89900000,0x0000001b89a00000) (1024K)]
  0x00000184c2897b70 JavaThread "Unconstrained build operations Thread 74"        [_thread_blocked, id=2172, stack(0x0000001b89a00000,0x0000001b89b00000) (1024K)]
  0x00000184c28967c0 JavaThread "Unconstrained build operations Thread 75"        [_thread_blocked, id=16800, stack(0x0000001b89b00000,0x0000001b89c00000) (1024K)]
  0x00000184c28946f0 JavaThread "Unconstrained build operations Thread 76"        [_thread_blocked, id=17612, stack(0x0000001b89c00000,0x0000001b89d00000) (1024K)]
  0x00000184c2894d80 JavaThread "Unconstrained build operations Thread 77"        [_thread_blocked, id=32660, stack(0x0000001b89d00000,0x0000001b89e00000) (1024K)]
  0x00000184c289a960 JavaThread "Unconstrained build operations Thread 78"        [_thread_blocked, id=708, stack(0x0000001b89e00000,0x0000001b89f00000) (1024K)]
  0x00000184c289a2d0 JavaThread "Unconstrained build operations Thread 79"        [_thread_blocked, id=15292, stack(0x0000001b89f00000,0x0000001b8a000000) (1024K)]
  0x00000184c289aff0 JavaThread "Unconstrained build operations Thread 80"        [_thread_blocked, id=23096, stack(0x0000001b8a000000,0x0000001b8a100000) (1024K)]
  0x00000184c2898f20 JavaThread "Unconstrained build operations Thread 81"        [_thread_blocked, id=18640, stack(0x0000001b8a100000,0x0000001b8a200000) (1024K)]
  0x00000184c2898200 JavaThread "Unconstrained build operations Thread 82"        [_thread_blocked, id=33212, stack(0x0000001b8a200000,0x0000001b8a300000) (1024K)]
  0x00000184c289bd10 JavaThread "Unconstrained build operations Thread 83"        [_thread_blocked, id=19952, stack(0x0000001b8a300000,0x0000001b8a400000) (1024K)]
  0x00000184c289b680 JavaThread "Unconstrained build operations Thread 84"        [_thread_blocked, id=17400, stack(0x0000001b8a400000,0x0000001b8a500000) (1024K)]
  0x00000184c2898890 JavaThread "Unconstrained build operations Thread 85"        [_thread_blocked, id=16132, stack(0x0000001b8a500000,0x0000001b8a600000) (1024K)]
  0x00000184c2899c40 JavaThread "Unconstrained build operations Thread 86"        [_thread_blocked, id=28364, stack(0x0000001b8a600000,0x0000001b8a700000) (1024K)]
  0x00000184c289c3a0 JavaThread "Unconstrained build operations Thread 87"        [_thread_blocked, id=7500, stack(0x0000001b8a700000,0x0000001b8a800000) (1024K)]
  0x00000184c28995b0 JavaThread "Unconstrained build operations Thread 88"        [_thread_blocked, id=11812, stack(0x0000001b8a800000,0x0000001b8a900000) (1024K)]
  0x00000184c289ca30 JavaThread "Unconstrained build operations Thread 89"        [_thread_blocked, id=32796, stack(0x0000001b8a900000,0x0000001b8aa00000) (1024K)]
  0x00000184c28a0540 JavaThread "Unconstrained build operations Thread 90"        [_thread_blocked, id=24612, stack(0x0000001b8aa00000,0x0000001b8ab00000) (1024K)]
  0x00000184c289f820 JavaThread "Unconstrained build operations Thread 91"        [_thread_blocked, id=28012, stack(0x0000001b8ab00000,0x0000001b8ac00000) (1024K)]
  0x00000184c28a0bd0 JavaThread "Unconstrained build operations Thread 92"        [_thread_blocked, id=16532, stack(0x0000001b8ac00000,0x0000001b8ad00000) (1024K)]
  0x00000184c289d750 JavaThread "Unconstrained build operations Thread 93"        [_thread_blocked, id=12240, stack(0x0000001b8ad00000,0x0000001b8ae00000) (1024K)]
  0x00000184c28a1260 JavaThread "Unconstrained build operations Thread 94"        [_thread_blocked, id=6632, stack(0x0000001b8ae00000,0x0000001b8af00000) (1024K)]
  0x00000184c289dde0 JavaThread "Unconstrained build operations Thread 95"        [_thread_blocked, id=15956, stack(0x0000001b8af00000,0x0000001b8b000000) (1024K)]
  0x00000184c289f190 JavaThread "Unconstrained build operations Thread 96"        [_thread_blocked, id=19864, stack(0x0000001b8b000000,0x0000001b8b100000) (1024K)]
  0x00000184c289eb00 JavaThread "Unconstrained build operations Thread 97"        [_thread_blocked, id=21736, stack(0x0000001b8b100000,0x0000001b8b200000) (1024K)]
  0x00000184c28a18f0 JavaThread "Unconstrained build operations Thread 98"        [_thread_blocked, id=33372, stack(0x0000001b8b300000,0x0000001b8b400000) (1024K)]
  0x00000184c289e470 JavaThread "Unconstrained build operations Thread 99"        [_thread_blocked, id=32500, stack(0x0000001b8b500000,0x0000001b8b600000) (1024K)]
  0x00000184c28a1f80 JavaThread "Unconstrained build operations Thread 100"        [_thread_blocked, id=9796, stack(0x0000001b8b600000,0x0000001b8b700000) (1024K)]
  0x00000184c28a3330 JavaThread "Unconstrained build operations Thread 101"        [_thread_blocked, id=3232, stack(0x0000001b8b700000,0x0000001b8b800000) (1024K)]
  0x00000184c289feb0 JavaThread "Unconstrained build operations Thread 102"        [_thread_blocked, id=34648, stack(0x0000001b8b800000,0x0000001b8b900000) (1024K)]
  0x00000184c28a2610 JavaThread "Unconstrained build operations Thread 103"        [_thread_blocked, id=28504, stack(0x0000001b8b900000,0x0000001b8ba00000) (1024K)]
  0x00000184c28a2ca0 JavaThread "Unconstrained build operations Thread 104"        [_thread_blocked, id=28720, stack(0x0000001b8ba00000,0x0000001b8bb00000) (1024K)]
  0x00000184c28a39c0 JavaThread "Unconstrained build operations Thread 105"        [_thread_blocked, id=31516, stack(0x0000001b8bb00000,0x0000001b8bc00000) (1024K)]
  0x00000184c041e8c0 JavaThread "Unconstrained build operations Thread 106"        [_thread_blocked, id=5260, stack(0x0000001b8bc00000,0x0000001b8bd00000) (1024K)]
  0x00000184c041d510 JavaThread "Unconstrained build operations Thread 107"        [_thread_blocked, id=26568, stack(0x0000001b8bd00000,0x0000001b8be00000) (1024K)]
  0x00000184c0421d40 JavaThread "Unconstrained build operations Thread 108"        [_thread_blocked, id=25452, stack(0x0000001b8be00000,0x0000001b8bf00000) (1024K)]
  0x00000184c0424b30 JavaThread "Unconstrained build operations Thread 109"        [_thread_blocked, id=33684, stack(0x0000001b8bf00000,0x0000001b8c000000) (1024K)]
  0x00000184c04223d0 JavaThread "Unconstrained build operations Thread 110"        [_thread_blocked, id=29124, stack(0x0000001b8c000000,0x0000001b8c100000) (1024K)]
  0x00000184c0423780 JavaThread "Unconstrained build operations Thread 111"        [_thread_blocked, id=27644, stack(0x0000001b8c100000,0x0000001b8c200000) (1024K)]
  0x00000184c0423e10 JavaThread "Unconstrained build operations Thread 112"        [_thread_blocked, id=8564, stack(0x0000001b8c200000,0x0000001b8c300000) (1024K)]
  0x00000184c0425850 JavaThread "Unconstrained build operations Thread 113"        [_thread_blocked, id=29340, stack(0x0000001b8c300000,0x0000001b8c400000) (1024K)]
  0x00000184c04251c0 JavaThread "Unconstrained build operations Thread 114"        [_thread_blocked, id=15200, stack(0x0000001b8c400000,0x0000001b8c500000) (1024K)]
  0x00000184c0426570 JavaThread "Unconstrained build operations Thread 115"        [_thread_blocked, id=26072, stack(0x0000001b8c500000,0x0000001b8c600000) (1024K)]
  0x00000184c04230f0 JavaThread "Unconstrained build operations Thread 116"        [_thread_blocked, id=5960, stack(0x0000001b8c600000,0x0000001b8c700000) (1024K)]
  0x00000184c0426c00 JavaThread "Unconstrained build operations Thread 117"        [_thread_blocked, id=20488, stack(0x0000001b8c700000,0x0000001b8c800000) (1024K)]
  0x00000184c0427920 JavaThread "Unconstrained build operations Thread 118"        [_thread_blocked, id=24464, stack(0x0000001b8cf00000,0x0000001b8d000000) (1024K)]
  0x00000184c04244a0 JavaThread "Unconstrained build operations Thread 119"        [_thread_blocked, id=12128, stack(0x0000001b8d100000,0x0000001b8d200000) (1024K)]
  0x00000184c0427fb0 JavaThread "Unconstrained build operations Thread 120"        [_thread_blocked, id=9608, stack(0x0000001b8d200000,0x0000001b8d300000) (1024K)]
Total: 186

Other Threads:
=>0x00000184ff9ba0d0 VMThread "VM Thread"                           [id=12516, stack(0x0000001b80e00000,0x0000001b80f00000) (1024K)]
  0x00000184ff9abd20 WatcherThread "VM Periodic Task Thread"        [id=28820, stack(0x0000001b80d00000,0x0000001b80e00000) (1024K)]
  0x00000184e9e5d6e0 WorkerThread "GC Thread#0"                     [id=35444, stack(0x0000001b80800000,0x0000001b80900000) (1024K)]
  0x00000184ffd34140 WorkerThread "GC Thread#1"                     [id=34760, stack(0x0000001b81900000,0x0000001b81a00000) (1024K)]
  0x00000184ffdeaa90 WorkerThread "GC Thread#2"                     [id=33396, stack(0x0000001b81a00000,0x0000001b81b00000) (1024K)]
  0x00000184bb17e400 WorkerThread "GC Thread#3"                     [id=33188, stack(0x0000001b81b00000,0x0000001b81c00000) (1024K)]
  0x00000184bbcc8c10 WorkerThread "GC Thread#4"                     [id=17380, stack(0x0000001b81c00000,0x0000001b81d00000) (1024K)]
  0x00000184bbbf2d00 WorkerThread "GC Thread#5"                     [id=11204, stack(0x0000001b81d00000,0x0000001b81e00000) (1024K)]
  0x00000184bd29de40 WorkerThread "GC Thread#6"                     [id=1480, stack(0x0000001b82b00000,0x0000001b82c00000) (1024K)]
  0x00000184bd29e1f0 WorkerThread "GC Thread#7"                     [id=11468, stack(0x0000001b82c00000,0x0000001b82d00000) (1024K)]
  0x00000184bd29f0b0 WorkerThread "GC Thread#8"                     [id=10064, stack(0x0000001b82d00000,0x0000001b82e00000) (1024K)]
  0x00000184bd29f460 WorkerThread "GC Thread#9"                     [id=6788, stack(0x0000001b82e00000,0x0000001b82f00000) (1024K)]
  0x00000184e9e6e5d0 ConcurrentGCThread "G1 Main Marker"            [id=29736, stack(0x0000001b80900000,0x0000001b80a00000) (1024K)]
  0x00000184e9e6efe0 WorkerThread "G1 Conc#0"                       [id=32028, stack(0x0000001b80a00000,0x0000001b80b00000) (1024K)]
  0x00000184bd6795c0 WorkerThread "G1 Conc#1"                       [id=35776, stack(0x0000001b82f00000,0x0000001b83000000) (1024K)]
  0x00000184bd676220 WorkerThread "G1 Conc#2"                       [id=16348, stack(0x0000001b83000000,0x0000001b83100000) (1024K)]
  0x00000184ff878620 ConcurrentGCThread "G1 Refine#0"               [id=9936, stack(0x0000001b80b00000,0x0000001b80c00000) (1024K)]
  0x00000184ff878f40 ConcurrentGCThread "G1 Service"                [id=19628, stack(0x0000001b80c00000,0x0000001b80d00000) (1024K)]
Total: 18

Threads with active compile tasks:
C2 CompilerThread1  46094 17864 %     4       org.objectweb.asm.ClassWriter::toByteArray @ 51 (1535 bytes)
Total: 1

VM state: at safepoint (normal execution)

VM Mutex/Monitor currently owned by a thread:  ([mutex/lock_event])
[0x00007ff87f6bf570] Threads_lock - owner thread: 0x00000184ff9ba0d0
[0x00007ff87f6bf670] Heap_lock - owner thread: 0x00000184e9e6e5d0

Heap address: 0x0000000080000000, size: 2048 MB, Compressed Oops mode: 32-bit

CDS archive(s) mapped at: [0x0000018482000000-0x0000018482ba0000-0x0000018482ba0000), size 12189696, SharedBaseAddress: 0x0000018482000000, ArchiveRelocationMode: 1.
Compressed class space mapped at: 0x0000018483000000-0x00000184b7000000, reserved size: 872415232
Narrow klass base: 0x0000018482000000, Narrow klass shift: 0, Narrow klass range: 0x100000000

GC Precious Log:
 CardTable entry size: 512
 Card Set container configuration: InlinePtr #cards 5 size 8 Array Of Cards #cards 12 size 40 Howl #buckets 4 coarsen threshold 1843 Howl Bitmap #cards 512 size 80 coarsen threshold 460 Card regions per heap region 1 cards per card region 2048
 CPUs: 12 total, 12 available
 Memory: 7916M
 Large Page Support: Disabled
 NUMA Support: Disabled
 Compressed Oops: Enabled (32-bit)
 Heap Region Size: 1M
 Heap Min Capacity: 8M
 Heap Initial Capacity: 124M
 Heap Max Capacity: 2G
 Pre-touch: Disabled
 Parallel Workers: 10
 Concurrent Workers: 3
 Concurrent Refinement Workers: 10
 Periodic GC: Disabled

Heap:
 garbage-first heap   total 345088K, used 250002K [0x0000000080000000, 0x0000000100000000)
  region size 1024K, 12 young (12288K), 6 survivors (6144K)
 Metaspace       used 114667K, committed 117248K, reserved 983040K
  class space    used 16284K, committed 17536K, reserved 851968K

Heap Regions: E=young(eden), S=young(survivor), O=old, HS=humongous(starts), HC=humongous(continues), CS=collection set, F=free, TAMS=top-at-mark-start, PB=parsable bottom
|   0|0x0000000080000000, 0x0000000080100000, 0x0000000080100000|100%|HS|  |TAMS 0x0000000080100000| PB 0x0000000080000000| Complete 
|   1|0x0000000080100000, 0x0000000080200000, 0x0000000080200000|100%|HC|  |TAMS 0x0000000080200000| PB 0x0000000080100000| Complete 
|   2|0x0000000080200000, 0x0000000080300000, 0x0000000080300000|100%|HC|  |TAMS 0x0000000080300000| PB 0x0000000080200000| Complete 
|   3|0x0000000080300000, 0x0000000080400000, 0x0000000080400000|100%|HS|  |TAMS 0x0000000080400000| PB 0x0000000080300000| Complete 
|   4|0x0000000080400000, 0x0000000080500000, 0x0000000080500000|100%| O|  |TAMS 0x0000000080500000| PB 0x0000000080500000| Untracked 
|   5|0x0000000080500000, 0x0000000080600000, 0x0000000080600000|100%| O|  |TAMS 0x0000000080600000| PB 0x0000000080600000| Untracked 
|   6|0x0000000080600000, 0x0000000080700000, 0x0000000080700000|100%| O|  |TAMS 0x0000000080700000| PB 0x0000000080700000| Untracked 
|   7|0x0000000080700000, 0x0000000080800000, 0x0000000080800000|100%|HS|  |TAMS 0x0000000080800000| PB 0x0000000080700000| Complete 
|   8|0x0000000080800000, 0x0000000080900000, 0x0000000080900000|100%| O|  |TAMS 0x0000000080900000| PB 0x0000000080900000| Untracked 
|   9|0x0000000080900000, 0x0000000080a00000, 0x0000000080a00000|100%| O|  |TAMS 0x0000000080a00000| PB 0x0000000080a00000| Untracked 
|  10|0x0000000080a00000, 0x0000000080b00000, 0x0000000080b00000|100%| O|  |TAMS 0x0000000080b00000| PB 0x0000000080b00000| Untracked 
|  11|0x0000000080b00000, 0x0000000080c00000, 0x0000000080c00000|100%| O|  |TAMS 0x0000000080c00000| PB 0x0000000080c00000| Untracked 
|  12|0x0000000080c00000, 0x0000000080d00000, 0x0000000080d00000|100%| O|  |TAMS 0x0000000080d00000| PB 0x0000000080d00000| Untracked 
|  13|0x0000000080d00000, 0x0000000080e00000, 0x0000000080e00000|100%| O|  |TAMS 0x0000000080e00000| PB 0x0000000080e00000| Updating 
|  14|0x0000000080e00000, 0x0000000080f00000, 0x0000000080f00000|100%| O|  |TAMS 0x0000000080f00000| PB 0x0000000080f00000| Untracked 
|  15|0x0000000080f00000, 0x0000000081000000, 0x0000000081000000|100%| O|  |TAMS 0x0000000081000000| PB 0x0000000081000000| Untracked 
|  16|0x0000000081000000, 0x0000000081100000, 0x0000000081100000|100%| O|  |TAMS 0x0000000081100000| PB 0x0000000081100000| Untracked 
|  17|0x0000000081100000, 0x0000000081200000, 0x0000000081200000|100%| O|  |TAMS 0x0000000081200000| PB 0x0000000081200000| Untracked 
|  18|0x0000000081200000, 0x0000000081300000, 0x0000000081300000|100%| O|  |TAMS 0x0000000081300000| PB 0x0000000081300000| Untracked 
|  19|0x0000000081300000, 0x0000000081400000, 0x0000000081400000|100%| O|  |TAMS 0x0000000081400000| PB 0x0000000081400000| Untracked 
|  20|0x0000000081400000, 0x0000000081500000, 0x0000000081500000|100%| O|  |TAMS 0x0000000081500000| PB 0x0000000081500000| Untracked 
|  21|0x0000000081500000, 0x0000000081600000, 0x0000000081600000|100%| O|  |TAMS 0x0000000081600000| PB 0x0000000081600000| Untracked 
|  22|0x0000000081600000, 0x0000000081700000, 0x0000000081700000|100%| O|  |TAMS 0x0000000081700000| PB 0x0000000081700000| Untracked 
|  23|0x0000000081700000, 0x0000000081800000, 0x0000000081800000|100%| O|  |TAMS 0x0000000081800000| PB 0x0000000081800000| Untracked 
|  24|0x0000000081800000, 0x0000000081900000, 0x0000000081900000|100%| O|  |TAMS 0x0000000081900000| PB 0x0000000081900000| Untracked 
|  25|0x0000000081900000, 0x0000000081a00000, 0x0000000081a00000|100%| O|  |TAMS 0x0000000081a00000| PB 0x0000000081a00000| Updating 
|  26|0x0000000081a00000, 0x0000000081b00000, 0x0000000081b00000|100%| O|  |TAMS 0x0000000081b00000| PB 0x0000000081b00000| Updating 
|  27|0x0000000081b00000, 0x0000000081c00000, 0x0000000081c00000|100%| O|  |TAMS 0x0000000081c00000| PB 0x0000000081c00000| Updating 
|  28|0x0000000081c00000, 0x0000000081d00000, 0x0000000081d00000|100%| O|  |TAMS 0x0000000081d00000| PB 0x0000000081d00000| Untracked 
|  29|0x0000000081d00000, 0x0000000081e00000, 0x0000000081e00000|100%| O|  |TAMS 0x0000000081e00000| PB 0x0000000081e00000| Untracked 
|  30|0x0000000081e00000, 0x0000000081f00000, 0x0000000081f00000|100%| O|  |TAMS 0x0000000081f00000| PB 0x0000000081f00000| Untracked 
|  31|0x0000000081f00000, 0x0000000082000000, 0x0000000082000000|100%| O|  |TAMS 0x0000000082000000| PB 0x0000000082000000| Untracked 
|  32|0x0000000082000000, 0x0000000082100000, 0x0000000082100000|100%| O|  |TAMS 0x0000000082100000| PB 0x0000000082100000| Updating 
|  33|0x0000000082100000, 0x0000000082200000, 0x0000000082200000|100%| O|  |TAMS 0x0000000082200000| PB 0x0000000082200000| Updating 
|  34|0x0000000082200000, 0x0000000082300000, 0x0000000082300000|100%| O|  |TAMS 0x0000000082300000| PB 0x0000000082300000| Updating 
|  35|0x0000000082300000, 0x0000000082400000, 0x0000000082400000|100%| O|  |TAMS 0x0000000082400000| PB 0x0000000082400000| Untracked 
|  36|0x0000000082400000, 0x0000000082500000, 0x0000000082500000|100%| O|  |TAMS 0x0000000082500000| PB 0x0000000082500000| Updating 
|  37|0x0000000082500000, 0x0000000082600000, 0x0000000082600000|100%| O|  |TAMS 0x0000000082600000| PB 0x0000000082600000| Untracked 
|  38|0x0000000082600000, 0x0000000082700000, 0x0000000082700000|100%| O|  |TAMS 0x0000000082700000| PB 0x0000000082700000| Untracked 
|  39|0x0000000082700000, 0x0000000082800000, 0x0000000082800000|100%|HS|  |TAMS 0x0000000082800000| PB 0x0000000082700000| Complete 
|  40|0x0000000082800000, 0x0000000082900000, 0x0000000082900000|100%|HC|  |TAMS 0x0000000082900000| PB 0x0000000082800000| Complete 
|  41|0x0000000082900000, 0x0000000082a00000, 0x0000000082a00000|100%|HS|  |TAMS 0x0000000082a00000| PB 0x0000000082900000| Complete 
|  42|0x0000000082a00000, 0x0000000082b00000, 0x0000000082b00000|100%|HC|  |TAMS 0x0000000082b00000| PB 0x0000000082a00000| Complete 
|  43|0x0000000082b00000, 0x0000000082c00000, 0x0000000082c00000|100%| O|  |TAMS 0x0000000082c00000| PB 0x0000000082c00000| Untracked 
|  44|0x0000000082c00000, 0x0000000082d00000, 0x0000000082d00000|100%| O|  |TAMS 0x0000000082d00000| PB 0x0000000082d00000| Updating 
|  45|0x0000000082d00000, 0x0000000082e00000, 0x0000000082e00000|100%|HS|  |TAMS 0x0000000082e00000| PB 0x0000000082d00000| Complete 
|  46|0x0000000082e00000, 0x0000000082f00000, 0x0000000082f00000|100%|HC|  |TAMS 0x0000000082f00000| PB 0x0000000082e00000| Complete 
|  47|0x0000000082f00000, 0x0000000083000000, 0x0000000083000000|100%|HC|  |TAMS 0x0000000083000000| PB 0x0000000082f00000| Complete 
|  48|0x0000000083000000, 0x0000000083100000, 0x0000000083100000|100%| O|  |TAMS 0x0000000083100000| PB 0x0000000083100000| Untracked 
|  49|0x0000000083100000, 0x0000000083200000, 0x0000000083200000|100%| O|  |TAMS 0x0000000083200000| PB 0x0000000083200000| Updating 
|  50|0x0000000083200000, 0x0000000083300000, 0x0000000083300000|100%| O|  |TAMS 0x0000000083300000| PB 0x0000000083300000| Updating 
|  51|0x0000000083300000, 0x0000000083400000, 0x0000000083400000|100%| O|  |TAMS 0x0000000083400000| PB 0x0000000083400000| Updating 
|  52|0x0000000083400000, 0x0000000083500000, 0x0000000083500000|100%| O|  |TAMS 0x0000000083500000| PB 0x0000000083500000| Updating 
|  53|0x0000000083500000, 0x0000000083600000, 0x0000000083600000|100%| O|  |TAMS 0x0000000083600000| PB 0x0000000083600000| Updating 
|  54|0x0000000083600000, 0x0000000083700000, 0x0000000083700000|100%|HS|  |TAMS 0x0000000083700000| PB 0x0000000083600000| Complete 
|  55|0x0000000083700000, 0x0000000083800000, 0x0000000083800000|100%|HC|  |TAMS 0x0000000083800000| PB 0x0000000083700000| Complete 
|  56|0x0000000083800000, 0x0000000083900000, 0x0000000083900000|100%|HC|  |TAMS 0x0000000083900000| PB 0x0000000083800000| Complete 
|  57|0x0000000083900000, 0x0000000083a00000, 0x0000000083a00000|100%| O|  |TAMS 0x0000000083a00000| PB 0x0000000083a00000| Updating 
|  58|0x0000000083a00000, 0x0000000083b00000, 0x0000000083b00000|100%| O|  |TAMS 0x0000000083b00000| PB 0x0000000083b00000| Updating 
|  59|0x0000000083b00000, 0x0000000083c00000, 0x0000000083c00000|100%| O|  |TAMS 0x0000000083c00000| PB 0x0000000083c00000| Untracked 
|  60|0x0000000083c00000, 0x0000000083d00000, 0x0000000083d00000|100%|HS|  |TAMS 0x0000000083d00000| PB 0x0000000083c00000| Complete 
|  61|0x0000000083d00000, 0x0000000083e00000, 0x0000000083e00000|100%| O|  |TAMS 0x0000000083e00000| PB 0x0000000083e00000| Updating 
|  62|0x0000000083e00000, 0x0000000083f00000, 0x0000000083f00000|100%| O|  |TAMS 0x0000000083f00000| PB 0x0000000083f00000| Untracked 
|  63|0x0000000083f00000, 0x0000000084000000, 0x0000000084000000|100%| O|  |TAMS 0x0000000084000000| PB 0x0000000084000000| Untracked 
|  64|0x0000000084000000, 0x0000000084100000, 0x0000000084100000|100%| O|  |TAMS 0x0000000084100000| PB 0x0000000084100000| Updating 
|  65|0x0000000084100000, 0x0000000084200000, 0x0000000084200000|100%|HS|  |TAMS 0x0000000084200000| PB 0x0000000084100000| Complete 
|  66|0x0000000084200000, 0x0000000084300000, 0x0000000084300000|100%| O|  |TAMS 0x0000000084300000| PB 0x0000000084300000| Updating 
|  67|0x0000000084300000, 0x0000000084400000, 0x0000000084400000|100%|HS|  |TAMS 0x0000000084400000| PB 0x0000000084300000| Complete 
|  68|0x0000000084400000, 0x0000000084500000, 0x0000000084500000|100%| O|  |TAMS 0x0000000084500000| PB 0x0000000084500000| Updating 
|  69|0x0000000084500000, 0x0000000084600000, 0x0000000084600000|100%|HS|  |TAMS 0x0000000084600000| PB 0x0000000084500000| Complete 
|  70|0x0000000084600000, 0x0000000084700000, 0x0000000084700000|100%| O|  |TAMS 0x0000000084700000| PB 0x0000000084700000| Untracked 
|  71|0x0000000084700000, 0x0000000084800000, 0x0000000084800000|100%| O|  |TAMS 0x0000000084800000| PB 0x0000000084800000| Updating 
|  72|0x0000000084800000, 0x0000000084900000, 0x0000000084900000|100%| O|  |TAMS 0x0000000084900000| PB 0x0000000084900000| Updating 
|  73|0x0000000084900000, 0x0000000084a00000, 0x0000000084a00000|100%| O|  |TAMS 0x0000000084a00000| PB 0x0000000084a00000| Updating 
|  74|0x0000000084a00000, 0x0000000084b00000, 0x0000000084b00000|100%| O|  |TAMS 0x0000000084b00000| PB 0x0000000084b00000| Updating 
|  75|0x0000000084b00000, 0x0000000084c00000, 0x0000000084c00000|100%| O|  |TAMS 0x0000000084c00000| PB 0x0000000084c00000| Updating 
|  76|0x0000000084c00000, 0x0000000084d00000, 0x0000000084d00000|100%| O|  |TAMS 0x0000000084d00000| PB 0x0000000084d00000| Updating 
|  77|0x0000000084d00000, 0x0000000084e00000, 0x0000000084e00000|100%|HS|  |TAMS 0x0000000084e00000| PB 0x0000000084d00000| Complete 
|  78|0x0000000084e00000, 0x0000000084f00000, 0x0000000084f00000|100%|HC|  |TAMS 0x0000000084f00000| PB 0x0000000084e00000| Complete 
|  79|0x0000000084f00000, 0x0000000085000000, 0x0000000085000000|100%|HS|  |TAMS 0x0000000085000000| PB 0x0000000084f00000| Complete 
|  80|0x0000000085000000, 0x0000000085100000, 0x0000000085100000|100%|HS|  |TAMS 0x0000000085100000| PB 0x0000000085000000| Complete 
|  81|0x0000000085100000, 0x0000000085200000, 0x0000000085200000|100%|HS|  |TAMS 0x0000000085200000| PB 0x0000000085100000| Complete 
|  82|0x0000000085200000, 0x0000000085300000, 0x0000000085300000|100%|HS|  |TAMS 0x0000000085300000| PB 0x0000000085200000| Complete 
|  83|0x0000000085300000, 0x0000000085400000, 0x0000000085400000|100%| O|  |TAMS 0x0000000085400000| PB 0x0000000085400000| Updating 
|  84|0x0000000085400000, 0x0000000085500000, 0x0000000085500000|100%|HS|  |TAMS 0x0000000085500000| PB 0x0000000085400000| Complete 
|  85|0x0000000085500000, 0x0000000085600000, 0x0000000085600000|100%|HC|  |TAMS 0x0000000085600000| PB 0x0000000085500000| Complete 
|  86|0x0000000085600000, 0x0000000085700000, 0x0000000085700000|100%|HS|  |TAMS 0x0000000085700000| PB 0x0000000085600000| Complete 
|  87|0x0000000085700000, 0x0000000085800000, 0x0000000085800000|100%| O|  |TAMS 0x0000000085800000| PB 0x0000000085800000| Updating 
|  88|0x0000000085800000, 0x0000000085900000, 0x0000000085900000|100%| O|  |TAMS 0x0000000085900000| PB 0x0000000085900000| Updating 
|  89|0x0000000085900000, 0x0000000085a00000, 0x0000000085a00000|100%| O|  |TAMS 0x0000000085a00000| PB 0x0000000085a00000| Updating 
|  90|0x0000000085a00000, 0x0000000085b00000, 0x0000000085b00000|100%| O|  |TAMS 0x0000000085b00000| PB 0x0000000085b00000| Updating 
|  91|0x0000000085b00000, 0x0000000085c00000, 0x0000000085c00000|100%| O|  |TAMS 0x0000000085c00000| PB 0x0000000085c00000| Updating 
|  92|0x0000000085c00000, 0x0000000085d00000, 0x0000000085d00000|100%| O|  |TAMS 0x0000000085d00000| PB 0x0000000085d00000| Updating 
|  93|0x0000000085d00000, 0x0000000085e00000, 0x0000000085e00000|100%| O|  |TAMS 0x0000000085e00000| PB 0x0000000085e00000| Updating 
|  94|0x0000000085e00000, 0x0000000085f00000, 0x0000000085f00000|100%| O|  |TAMS 0x0000000085f00000| PB 0x0000000085f00000| Updating 
|  95|0x0000000085f00000, 0x0000000086000000, 0x0000000086000000|100%| O|  |TAMS 0x0000000086000000| PB 0x0000000086000000| Updating 
|  96|0x0000000086000000, 0x0000000086100000, 0x0000000086100000|100%| O|  |TAMS 0x0000000086100000| PB 0x0000000086100000| Updating 
|  97|0x0000000086100000, 0x0000000086200000, 0x0000000086200000|100%| O|  |TAMS 0x0000000086200000| PB 0x0000000086200000| Untracked 
|  98|0x0000000086200000, 0x0000000086300000, 0x0000000086300000|100%| O|  |TAMS 0x0000000086300000| PB 0x0000000086300000| Untracked 
|  99|0x0000000086300000, 0x0000000086400000, 0x0000000086400000|100%| O|  |TAMS 0x0000000086400000| PB 0x0000000086400000| Untracked 
| 100|0x0000000086400000, 0x0000000086500000, 0x0000000086500000|100%| O|  |TAMS 0x0000000086500000| PB 0x0000000086500000| Updating 
| 101|0x0000000086500000, 0x0000000086600000, 0x0000000086600000|100%| O|  |TAMS 0x0000000086600000| PB 0x0000000086600000| Untracked 
| 102|0x0000000086600000, 0x0000000086700000, 0x0000000086700000|100%| O|  |TAMS 0x0000000086700000| PB 0x0000000086700000| Untracked 
| 103|0x0000000086700000, 0x0000000086800000, 0x0000000086800000|100%| O|  |TAMS 0x0000000086800000| PB 0x0000000086800000| Untracked 
| 104|0x0000000086800000, 0x0000000086900000, 0x0000000086900000|100%| O|  |TAMS 0x0000000086900000| PB 0x0000000086900000| Updating 
| 105|0x0000000086900000, 0x0000000086a00000, 0x0000000086a00000|100%| O|  |TAMS 0x0000000086a00000| PB 0x0000000086a00000| Updating 
| 106|0x0000000086a00000, 0x0000000086b00000, 0x0000000086b00000|100%| O|  |TAMS 0x0000000086b00000| PB 0x0000000086b00000| Updating 
| 107|0x0000000086b00000, 0x0000000086c00000, 0x0000000086c00000|100%| O|  |TAMS 0x0000000086c00000| PB 0x0000000086c00000| Untracked 
| 108|0x0000000086c00000, 0x0000000086d00000, 0x0000000086d00000|100%| O|  |TAMS 0x0000000086d00000| PB 0x0000000086d00000| Untracked 
| 109|0x0000000086d00000, 0x0000000086e00000, 0x0000000086e00000|100%| O|  |TAMS 0x0000000086e00000| PB 0x0000000086e00000| Updating 
| 110|0x0000000086e00000, 0x0000000086f00000, 0x0000000086f00000|100%| O|  |TAMS 0x0000000086f00000| PB 0x0000000086f00000| Updating 
| 111|0x0000000086f00000, 0x0000000087000000, 0x0000000087000000|100%| O|  |TAMS 0x0000000087000000| PB 0x0000000087000000| Updating 
| 112|0x0000000087000000, 0x0000000087100000, 0x0000000087100000|100%| O|  |TAMS 0x0000000087100000| PB 0x0000000087100000| Updating 
| 113|0x0000000087100000, 0x0000000087200000, 0x0000000087200000|100%| O|  |TAMS 0x0000000087200000| PB 0x0000000087200000| Updating 
| 114|0x0000000087200000, 0x0000000087300000, 0x0000000087300000|100%| O|  |TAMS 0x0000000087300000| PB 0x0000000087300000| Untracked 
| 115|0x0000000087300000, 0x0000000087400000, 0x0000000087400000|100%| O|  |TAMS 0x0000000087400000| PB 0x0000000087400000| Updating 
| 116|0x0000000087400000, 0x0000000087500000, 0x0000000087500000|100%| O|  |TAMS 0x0000000087500000| PB 0x0000000087500000| Updating 
| 117|0x0000000087500000, 0x0000000087600000, 0x0000000087600000|100%| O|  |TAMS 0x0000000087600000| PB 0x0000000087600000| Updating 
| 118|0x0000000087600000, 0x0000000087700000, 0x0000000087700000|100%| O|  |TAMS 0x0000000087700000| PB 0x0000000087700000| Updating 
| 119|0x0000000087700000, 0x0000000087800000, 0x0000000087800000|100%| O|  |TAMS 0x0000000087800000| PB 0x0000000087800000| Updating 
| 120|0x0000000087800000, 0x0000000087900000, 0x0000000087900000|100%| O|  |TAMS 0x0000000087900000| PB 0x0000000087900000| Updating 
| 121|0x0000000087900000, 0x0000000087a00000, 0x0000000087a00000|100%| O|  |TAMS 0x0000000087a00000| PB 0x0000000087a00000| Updating 
| 122|0x0000000087a00000, 0x0000000087b00000, 0x0000000087b00000|100%|HS|  |TAMS 0x0000000087b00000| PB 0x0000000087a00000| Complete 
| 123|0x0000000087b00000, 0x0000000087c00000, 0x0000000087c00000|100%|HS|  |TAMS 0x0000000087c00000| PB 0x0000000087b00000| Complete 
| 124|0x0000000087c00000, 0x0000000087d00000, 0x0000000087d00000|100%|HS|  |TAMS 0x0000000087d00000| PB 0x0000000087c00000| Complete 
| 125|0x0000000087d00000, 0x0000000087e00000, 0x0000000087e00000|100%|HS|  |TAMS 0x0000000087e00000| PB 0x0000000087d00000| Complete 
| 126|0x0000000087e00000, 0x0000000087f00000, 0x0000000087f00000|100%| O|  |TAMS 0x0000000087f00000| PB 0x0000000087f00000| Updating 
| 127|0x0000000087f00000, 0x0000000088000000, 0x0000000088000000|100%| O|  |TAMS 0x0000000088000000| PB 0x0000000088000000| Updating 
| 128|0x0000000088000000, 0x0000000088100000, 0x0000000088100000|100%| O|  |TAMS 0x0000000088100000| PB 0x0000000088100000| Updating 
| 129|0x0000000088100000, 0x0000000088200000, 0x0000000088200000|100%| O|  |TAMS 0x0000000088200000| PB 0x0000000088200000| Updating 
| 130|0x0000000088200000, 0x0000000088300000, 0x0000000088300000|100%| O|  |TAMS 0x0000000088300000| PB 0x0000000088300000| Updating 
| 131|0x0000000088300000, 0x0000000088400000, 0x0000000088400000|100%| O|  |TAMS 0x0000000088400000| PB 0x0000000088400000| Updating 
| 132|0x0000000088400000, 0x0000000088500000, 0x0000000088500000|100%| O|  |TAMS 0x0000000088500000| PB 0x0000000088500000| Updating 
| 133|0x0000000088500000, 0x0000000088600000, 0x0000000088600000|100%| O|  |TAMS 0x0000000088600000| PB 0x0000000088600000| Updating 
| 134|0x0000000088600000, 0x0000000088700000, 0x0000000088700000|100%| O|  |TAMS 0x0000000088700000| PB 0x0000000088700000| Updating 
| 135|0x0000000088700000, 0x0000000088800000, 0x0000000088800000|100%| O|  |TAMS 0x0000000088800000| PB 0x0000000088800000| Updating 
| 136|0x0000000088800000, 0x0000000088900000, 0x0000000088900000|100%| O|  |TAMS 0x0000000088900000| PB 0x0000000088900000| Updating 
| 137|0x0000000088900000, 0x0000000088a00000, 0x0000000088a00000|100%| O|  |TAMS 0x0000000088a00000| PB 0x0000000088a00000| Updating 
| 138|0x0000000088a00000, 0x0000000088b00000, 0x0000000088b00000|100%| O|  |TAMS 0x0000000088b00000| PB 0x0000000088b00000| Updating 
| 139|0x0000000088b00000, 0x0000000088c00000, 0x0000000088c00000|100%| O|  |TAMS 0x0000000088c00000| PB 0x0000000088c00000| Updating 
| 140|0x0000000088c00000, 0x0000000088d00000, 0x0000000088d00000|100%|HS|  |TAMS 0x0000000088d00000| PB 0x0000000088c00000| Complete 
| 141|0x0000000088d00000, 0x0000000088e00000, 0x0000000088e00000|100%|HC|  |TAMS 0x0000000088e00000| PB 0x0000000088d00000| Complete 
| 142|0x0000000088e00000, 0x0000000088f00000, 0x0000000088f00000|100%| O|  |TAMS 0x0000000088f00000| PB 0x0000000088f00000| Updating 
| 143|0x0000000088f00000, 0x0000000089000000, 0x0000000089000000|100%| O|  |TAMS 0x0000000089000000| PB 0x0000000089000000| Updating 
| 144|0x0000000089000000, 0x0000000089100000, 0x0000000089100000|100%| O|  |TAMS 0x0000000089000000| PB 0x0000000089000000| Untracked 
| 145|0x0000000089100000, 0x0000000089200000, 0x0000000089200000|100%| O|  |TAMS 0x0000000089100000| PB 0x0000000089100000| Untracked 
| 146|0x0000000089200000, 0x0000000089300000, 0x0000000089300000|100%|HS|  |TAMS 0x0000000089300000| PB 0x0000000089200000| Complete 
| 147|0x0000000089300000, 0x0000000089400000, 0x0000000089400000|100%|HS|  |TAMS 0x0000000089400000| PB 0x0000000089300000| Complete 
| 148|0x0000000089400000, 0x0000000089500000, 0x0000000089500000|100%| O|  |TAMS 0x0000000089500000| PB 0x0000000089500000| Updating 
| 149|0x0000000089500000, 0x0000000089600000, 0x0000000089600000|100%| O|  |TAMS 0x0000000089600000| PB 0x0000000089600000| Updating 
| 150|0x0000000089600000, 0x0000000089700000, 0x0000000089700000|100%| O|  |TAMS 0x0000000089700000| PB 0x0000000089700000| Updating 
| 151|0x0000000089700000, 0x0000000089800000, 0x0000000089800000|100%| O|  |TAMS 0x0000000089800000| PB 0x0000000089800000| Updating 
| 152|0x0000000089800000, 0x0000000089900000, 0x0000000089900000|100%| O|  |TAMS 0x0000000089900000| PB 0x0000000089900000| Updating 
| 153|0x0000000089900000, 0x0000000089a00000, 0x0000000089a00000|100%| O|  |TAMS 0x0000000089a00000| PB 0x0000000089a00000| Untracked 
| 154|0x0000000089a00000, 0x0000000089b00000, 0x0000000089b00000|100%| O|  |TAMS 0x0000000089b00000| PB 0x0000000089b00000| Untracked 
| 155|0x0000000089b00000, 0x0000000089c00000, 0x0000000089c00000|100%| O|  |TAMS 0x0000000089c00000| PB 0x0000000089c00000| Updating 
| 156|0x0000000089c00000, 0x0000000089d00000, 0x0000000089d00000|100%| O|  |TAMS 0x0000000089d00000| PB 0x0000000089d00000| Updating 
| 157|0x0000000089d00000, 0x0000000089e00000, 0x0000000089e00000|100%| O|  |TAMS 0x0000000089e00000| PB 0x0000000089e00000| Updating 
| 158|0x0000000089e00000, 0x0000000089f00000, 0x0000000089f00000|100%| O|  |TAMS 0x0000000089f00000| PB 0x0000000089f00000| Updating 
| 159|0x0000000089f00000, 0x000000008a000000, 0x000000008a000000|100%| O|  |TAMS 0x000000008a000000| PB 0x000000008a000000| Updating 
| 160|0x000000008a000000, 0x000000008a100000, 0x000000008a100000|100%| O|  |TAMS 0x000000008a100000| PB 0x000000008a100000| Updating 
| 161|0x000000008a100000, 0x000000008a200000, 0x000000008a200000|100%| O|  |TAMS 0x000000008a200000| PB 0x000000008a200000| Updating 
| 162|0x000000008a200000, 0x000000008a300000, 0x000000008a300000|100%| O|  |TAMS 0x000000008a300000| PB 0x000000008a300000| Updating 
| 163|0x000000008a300000, 0x000000008a400000, 0x000000008a400000|100%| O|  |TAMS 0x000000008a400000| PB 0x000000008a400000| Updating 
| 164|0x000000008a400000, 0x000000008a500000, 0x000000008a500000|100%| O|  |TAMS 0x000000008a500000| PB 0x000000008a500000| Updating 
| 165|0x000000008a500000, 0x000000008a600000, 0x000000008a600000|100%| O|  |TAMS 0x000000008a600000| PB 0x000000008a600000| Updating 
| 166|0x000000008a600000, 0x000000008a700000, 0x000000008a700000|100%| O|  |TAMS 0x000000008a700000| PB 0x000000008a700000| Updating 
| 167|0x000000008a700000, 0x000000008a800000, 0x000000008a800000|100%| O|  |TAMS 0x000000008a800000| PB 0x000000008a800000| Updating 
| 168|0x000000008a800000, 0x000000008a900000, 0x000000008a900000|100%|HS|  |TAMS 0x000000008a900000| PB 0x000000008a800000| Complete 
| 169|0x000000008a900000, 0x000000008aa00000, 0x000000008aa00000|100%|HC|  |TAMS 0x000000008aa00000| PB 0x000000008a900000| Complete 
| 170|0x000000008aa00000, 0x000000008ab00000, 0x000000008ab00000|100%| O|  |TAMS 0x000000008ab00000| PB 0x000000008ab00000| Updating 
| 171|0x000000008ab00000, 0x000000008ac00000, 0x000000008ac00000|100%| O|  |TAMS 0x000000008ac00000| PB 0x000000008ac00000| Updating 
| 172|0x000000008ac00000, 0x000000008ad00000, 0x000000008ad00000|100%| O|  |TAMS 0x000000008ad00000| PB 0x000000008ad00000| Updating 
| 173|0x000000008ad00000, 0x000000008ae00000, 0x000000008ae00000|100%| O|  |TAMS 0x000000008ae00000| PB 0x000000008ae00000| Updating 
| 174|0x000000008ae00000, 0x000000008af00000, 0x000000008af00000|100%| O|  |TAMS 0x000000008af00000| PB 0x000000008af00000| Updating 
| 175|0x000000008af00000, 0x000000008b000000, 0x000000008b000000|100%| O|  |TAMS 0x000000008b000000| PB 0x000000008b000000| Untracked 
| 176|0x000000008b000000, 0x000000008b100000, 0x000000008b100000|100%| O|  |TAMS 0x000000008b100000| PB 0x000000008b100000| Updating 
| 177|0x000000008b100000, 0x000000008b200000, 0x000000008b200000|100%| O|  |TAMS 0x000000008b200000| PB 0x000000008b200000| Untracked 
| 178|0x000000008b200000, 0x000000008b300000, 0x000000008b300000|100%| O|  |TAMS 0x000000008b300000| PB 0x000000008b300000| Untracked 
| 179|0x000000008b300000, 0x000000008b400000, 0x000000008b400000|100%| O|  |TAMS 0x000000008b400000| PB 0x000000008b400000| Updating 
| 180|0x000000008b400000, 0x000000008b500000, 0x000000008b500000|100%| O|  |TAMS 0x000000008b500000| PB 0x000000008b500000| Updating 
| 181|0x000000008b500000, 0x000000008b600000, 0x000000008b600000|100%| O|  |TAMS 0x000000008b600000| PB 0x000000008b600000| Updating 
| 182|0x000000008b600000, 0x000000008b700000, 0x000000008b700000|100%| O|  |TAMS 0x000000008b700000| PB 0x000000008b700000| Updating 
| 183|0x000000008b700000, 0x000000008b800000, 0x000000008b800000|100%| O|  |TAMS 0x000000008b800000| PB 0x000000008b800000| Updating 
| 184|0x000000008b800000, 0x000000008b900000, 0x000000008b900000|100%| O|  |TAMS 0x000000008b800000| PB 0x000000008b800000| Untracked 
| 185|0x000000008b900000, 0x000000008ba00000, 0x000000008ba00000|100%| O|  |TAMS 0x000000008b900000| PB 0x000000008b900000| Untracked 
| 186|0x000000008ba00000, 0x000000008bb00000, 0x000000008bb00000|100%| O|  |TAMS 0x000000008bb00000| PB 0x000000008bb00000| Updating 
| 187|0x000000008bb00000, 0x000000008bc00000, 0x000000008bc00000|100%| O|  |TAMS 0x000000008bc00000| PB 0x000000008bc00000| Updating 
| 188|0x000000008bc00000, 0x000000008bd00000, 0x000000008bd00000|100%| O|  |TAMS 0x000000008bd00000| PB 0x000000008bd00000| Updating 
| 189|0x000000008bd00000, 0x000000008be00000, 0x000000008be00000|100%| O|  |TAMS 0x000000008be00000| PB 0x000000008be00000| Updating 
| 190|0x000000008be00000, 0x000000008bf00000, 0x000000008bf00000|100%| O|  |TAMS 0x000000008bf00000| PB 0x000000008bf00000| Untracked 
| 191|0x000000008bf00000, 0x000000008c000000, 0x000000008c000000|100%| O|  |TAMS 0x000000008c000000| PB 0x000000008c000000| Untracked 
| 192|0x000000008c000000, 0x000000008c100000, 0x000000008c100000|100%| O|  |TAMS 0x000000008c100000| PB 0x000000008c100000| Updating 
| 193|0x000000008c100000, 0x000000008c200000, 0x000000008c200000|100%| O|  |TAMS 0x000000008c200000| PB 0x000000008c200000| Untracked 
| 194|0x000000008c200000, 0x000000008c300000, 0x000000008c300000|100%| O|  |TAMS 0x000000008c300000| PB 0x000000008c300000| Updating 
| 195|0x000000008c300000, 0x000000008c400000, 0x000000008c400000|100%| O|  |TAMS 0x000000008c400000| PB 0x000000008c400000| Updating 
| 196|0x000000008c400000, 0x000000008c500000, 0x000000008c500000|100%| O|  |TAMS 0x000000008c500000| PB 0x000000008c500000| Updating 
| 197|0x000000008c500000, 0x000000008c600000, 0x000000008c600000|100%| O|  |TAMS 0x000000008c600000| PB 0x000000008c600000| Updating 
| 198|0x000000008c600000, 0x000000008c700000, 0x000000008c700000|100%| O|  |TAMS 0x000000008c700000| PB 0x000000008c700000| Untracked 
| 199|0x000000008c700000, 0x000000008c800000, 0x000000008c800000|100%| O|  |TAMS 0x000000008c800000| PB 0x000000008c800000| Untracked 
| 200|0x000000008c800000, 0x000000008c900000, 0x000000008c900000|100%| O|  |TAMS 0x000000008c900000| PB 0x000000008c900000| Untracked 
| 201|0x000000008c900000, 0x000000008ca00000, 0x000000008ca00000|100%| O|  |TAMS 0x000000008ca00000| PB 0x000000008ca00000| Untracked 
| 202|0x000000008ca00000, 0x000000008cb00000, 0x000000008cb00000|100%| O|  |TAMS 0x000000008cb00000| PB 0x000000008cb00000| Untracked 
| 203|0x000000008cb00000, 0x000000008cc00000, 0x000000008cc00000|100%| O|  |TAMS 0x000000008cc00000| PB 0x000000008cc00000| Untracked 
| 204|0x000000008cc00000, 0x000000008cd00000, 0x000000008cd00000|100%| O|  |TAMS 0x000000008cd00000| PB 0x000000008cd00000| Untracked 
| 205|0x000000008cd00000, 0x000000008ce00000, 0x000000008ce00000|100%| O|  |TAMS 0x000000008ce00000| PB 0x000000008ce00000| Updating 
| 206|0x000000008ce00000, 0x000000008cf00000, 0x000000008cf00000|100%| O|  |TAMS 0x000000008cf00000| PB 0x000000008cf00000| Updating 
| 207|0x000000008cf00000, 0x000000008d000000, 0x000000008d000000|100%| O|  |TAMS 0x000000008d000000| PB 0x000000008d000000| Untracked 
| 208|0x000000008d000000, 0x000000008d100000, 0x000000008d100000|100%| O|  |TAMS 0x000000008d100000| PB 0x000000008d100000| Untracked 
| 209|0x000000008d100000, 0x000000008d200000, 0x000000008d200000|100%| O|  |TAMS 0x000000008d200000| PB 0x000000008d200000| Updating 
| 210|0x000000008d200000, 0x000000008d300000, 0x000000008d300000|100%| O|  |TAMS 0x000000008d300000| PB 0x000000008d300000| Untracked 
| 211|0x000000008d300000, 0x000000008d400000, 0x000000008d400000|100%| O|  |TAMS 0x000000008d400000| PB 0x000000008d400000| Untracked 
| 212|0x000000008d400000, 0x000000008d500000, 0x000000008d500000|100%| O|  |TAMS 0x000000008d500000| PB 0x000000008d500000| Untracked 
| 213|0x000000008d500000, 0x000000008d600000, 0x000000008d600000|100%| O|  |TAMS 0x000000008d600000| PB 0x000000008d600000| Updating 
| 214|0x000000008d600000, 0x000000008d700000, 0x000000008d700000|100%| O|  |TAMS 0x000000008d700000| PB 0x000000008d700000| Untracked 
| 215|0x000000008d700000, 0x000000008d800000, 0x000000008d800000|100%| O|  |TAMS 0x000000008d800000| PB 0x000000008d800000| Untracked 
| 216|0x000000008d800000, 0x000000008d900000, 0x000000008d900000|100%| O|  |TAMS 0x000000008d800000| PB 0x000000008d800000| Untracked 
| 217|0x000000008d900000, 0x000000008da00000, 0x000000008da00000|100%| O|  |TAMS 0x000000008d900000| PB 0x000000008d900000| Untracked 
| 218|0x000000008da00000, 0x000000008db00000, 0x000000008db00000|100%| O|  |TAMS 0x000000008da00000| PB 0x000000008da00000| Untracked 
| 219|0x000000008db00000, 0x000000008dc00000, 0x000000008dc00000|100%| O|  |TAMS 0x000000008db00000| PB 0x000000008db00000| Untracked 
| 220|0x000000008dc00000, 0x000000008dd00000, 0x000000008dd00000|100%| O|  |TAMS 0x000000008dc00000| PB 0x000000008dc00000| Untracked 
| 221|0x000000008dd00000, 0x000000008dd90f90, 0x000000008de00000| 56%| O|  |TAMS 0x000000008dd00000| PB 0x000000008dd00000| Updating 
| 222|0x000000008de00000, 0x000000008df00000, 0x000000008df00000|100%|HS|  |TAMS 0x000000008de00000| PB 0x000000008de00000| Complete 
| 223|0x000000008df00000, 0x000000008df00000, 0x000000008e000000|  0%| F|  |TAMS 0x000000008df00000| PB 0x000000008df00000| Untracked 
| 224|0x000000008e000000, 0x000000008e000000, 0x000000008e100000|  0%| F|  |TAMS 0x000000008e000000| PB 0x000000008e000000| Untracked 
| 225|0x000000008e100000, 0x000000008e100000, 0x000000008e200000|  0%| F|  |TAMS 0x000000008e100000| PB 0x000000008e100000| Untracked 
| 226|0x000000008e200000, 0x000000008e200000, 0x000000008e300000|  0%| F|  |TAMS 0x000000008e200000| PB 0x000000008e200000| Untracked 
| 227|0x000000008e300000, 0x000000008e300000, 0x000000008e400000|  0%| F|  |TAMS 0x000000008e300000| PB 0x000000008e300000| Untracked 
| 228|0x000000008e400000, 0x000000008e400000, 0x000000008e500000|  0%| F|  |TAMS 0x000000008e400000| PB 0x000000008e400000| Untracked 
| 229|0x000000008e500000, 0x000000008e600000, 0x000000008e600000|100%| O|  |TAMS 0x000000008e600000| PB 0x000000008e600000| Untracked 
| 230|0x000000008e600000, 0x000000008e700000, 0x000000008e700000|100%| O|  |TAMS 0x000000008e700000| PB 0x000000008e700000| Untracked 
| 231|0x000000008e700000, 0x000000008e800000, 0x000000008e800000|100%| O|  |TAMS 0x000000008e800000| PB 0x000000008e800000| Updating 
| 232|0x000000008e800000, 0x000000008e900000, 0x000000008e900000|100%| O|  |TAMS 0x000000008e900000| PB 0x000000008e900000| Untracked 
| 233|0x000000008e900000, 0x000000008ea00000, 0x000000008ea00000|100%| O|  |TAMS 0x000000008ea00000| PB 0x000000008ea00000| Untracked 
| 234|0x000000008ea00000, 0x000000008eb00000, 0x000000008eb00000|100%| O|  |TAMS 0x000000008eb00000| PB 0x000000008eb00000| Updating 
| 235|0x000000008eb00000, 0x000000008ec00000, 0x000000008ec00000|100%| O|  |TAMS 0x000000008eb83f28| PB 0x000000008eb83f28| Updating 
| 236|0x000000008ec00000, 0x000000008ec00000, 0x000000008ed00000|  0%| F|  |TAMS 0x000000008ec00000| PB 0x000000008ec00000| Untracked 
| 237|0x000000008ed00000, 0x000000008ed00000, 0x000000008ee00000|  0%| F|  |TAMS 0x000000008ed00000| PB 0x000000008ed00000| Untracked 
| 238|0x000000008ee00000, 0x000000008ee00000, 0x000000008ef00000|  0%| F|  |TAMS 0x000000008ee00000| PB 0x000000008ee00000| Untracked 
| 239|0x000000008ef00000, 0x000000008ef00000, 0x000000008f000000|  0%| F|  |TAMS 0x000000008ef00000| PB 0x000000008ef00000| Untracked 
| 240|0x000000008f000000, 0x000000008f000000, 0x000000008f100000|  0%| F|  |TAMS 0x000000008f000000| PB 0x000000008f000000| Untracked 
| 241|0x000000008f100000, 0x000000008f100000, 0x000000008f200000|  0%| F|  |TAMS 0x000000008f100000| PB 0x000000008f100000| Untracked 
| 242|0x000000008f200000, 0x000000008f200000, 0x000000008f300000|  0%| F|  |TAMS 0x000000008f200000| PB 0x000000008f200000| Untracked 
| 243|0x000000008f300000, 0x000000008f300000, 0x000000008f400000|  0%| F|  |TAMS 0x000000008f300000| PB 0x000000008f300000| Untracked 
| 244|0x000000008f400000, 0x000000008f400000, 0x000000008f500000|  0%| F|  |TAMS 0x000000008f400000| PB 0x000000008f400000| Untracked 
| 245|0x000000008f500000, 0x000000008f500000, 0x000000008f600000|  0%| F|  |TAMS 0x000000008f500000| PB 0x000000008f500000| Untracked 
| 246|0x000000008f600000, 0x000000008f600000, 0x000000008f700000|  0%| F|  |TAMS 0x000000008f600000| PB 0x000000008f600000| Untracked 
| 247|0x000000008f700000, 0x000000008f700000, 0x000000008f800000|  0%| F|  |TAMS 0x000000008f700000| PB 0x000000008f700000| Untracked 
| 248|0x000000008f800000, 0x000000008f800000, 0x000000008f900000|  0%| F|  |TAMS 0x000000008f800000| PB 0x000000008f800000| Untracked 
| 249|0x000000008f900000, 0x000000008f900000, 0x000000008fa00000|  0%| F|  |TAMS 0x000000008f900000| PB 0x000000008f900000| Untracked 
| 250|0x000000008fa00000, 0x000000008fa00000, 0x000000008fb00000|  0%| F|  |TAMS 0x000000008fa00000| PB 0x000000008fa00000| Untracked 
| 251|0x000000008fb00000, 0x000000008fb00000, 0x000000008fc00000|  0%| F|  |TAMS 0x000000008fb00000| PB 0x000000008fb00000| Untracked 
| 252|0x000000008fc00000, 0x000000008fc00000, 0x000000008fd00000|  0%| F|  |TAMS 0x000000008fc00000| PB 0x000000008fc00000| Untracked 
| 253|0x000000008fd00000, 0x000000008fd00000, 0x000000008fe00000|  0%| F|  |TAMS 0x000000008fd00000| PB 0x000000008fd00000| Untracked 
| 254|0x000000008fe00000, 0x000000008fe00000, 0x000000008ff00000|  0%| F|  |TAMS 0x000000008fe00000| PB 0x000000008fe00000| Untracked 
| 255|0x000000008ff00000, 0x000000008ff00000, 0x0000000090000000|  0%| F|  |TAMS 0x000000008ff00000| PB 0x000000008ff00000| Untracked 
| 256|0x0000000090000000, 0x0000000090000000, 0x0000000090100000|  0%| F|  |TAMS 0x0000000090000000| PB 0x0000000090000000| Untracked 
| 257|0x0000000090100000, 0x0000000090100000, 0x0000000090200000|  0%| F|  |TAMS 0x0000000090100000| PB 0x0000000090100000| Untracked 
| 258|0x0000000090200000, 0x0000000090200000, 0x0000000090300000|  0%| F|  |TAMS 0x0000000090200000| PB 0x0000000090200000| Untracked 
| 259|0x0000000090300000, 0x0000000090300000, 0x0000000090400000|  0%| F|  |TAMS 0x0000000090300000| PB 0x0000000090300000| Untracked 
| 260|0x0000000090400000, 0x0000000090400000, 0x0000000090500000|  0%| F|  |TAMS 0x0000000090400000| PB 0x0000000090400000| Untracked 
| 261|0x0000000090500000, 0x0000000090500000, 0x0000000090600000|  0%| F|  |TAMS 0x0000000090500000| PB 0x0000000090500000| Untracked 
| 262|0x0000000090600000, 0x0000000090600000, 0x0000000090700000|  0%| F|  |TAMS 0x0000000090600000| PB 0x0000000090600000| Untracked 
| 263|0x0000000090700000, 0x0000000090700000, 0x0000000090800000|  0%| F|  |TAMS 0x0000000090700000| PB 0x0000000090700000| Untracked 
| 264|0x0000000090800000, 0x0000000090800000, 0x0000000090900000|  0%| F|  |TAMS 0x0000000090800000| PB 0x0000000090800000| Untracked 
| 265|0x0000000090900000, 0x0000000090900000, 0x0000000090a00000|  0%| F|  |TAMS 0x0000000090900000| PB 0x0000000090900000| Untracked 
| 266|0x0000000090a00000, 0x0000000090a00000, 0x0000000090b00000|  0%| F|  |TAMS 0x0000000090a00000| PB 0x0000000090a00000| Untracked 
| 267|0x0000000090b00000, 0x0000000090b00000, 0x0000000090c00000|  0%| F|  |TAMS 0x0000000090b00000| PB 0x0000000090b00000| Untracked 
| 268|0x0000000090c00000, 0x0000000090c00000, 0x0000000090d00000|  0%| F|  |TAMS 0x0000000090c00000| PB 0x0000000090c00000| Untracked 
| 269|0x0000000090d00000, 0x0000000090d00000, 0x0000000090e00000|  0%| F|  |TAMS 0x0000000090d00000| PB 0x0000000090d00000| Untracked 
| 270|0x0000000090e00000, 0x0000000090e00000, 0x0000000090f00000|  0%| F|  |TAMS 0x0000000090e00000| PB 0x0000000090e00000| Untracked 
| 271|0x0000000090f00000, 0x0000000090f00000, 0x0000000091000000|  0%| F|  |TAMS 0x0000000090f00000| PB 0x0000000090f00000| Untracked 
| 272|0x0000000091000000, 0x0000000091000000, 0x0000000091100000|  0%| F|  |TAMS 0x0000000091000000| PB 0x0000000091000000| Untracked 
| 273|0x0000000091100000, 0x0000000091193b10, 0x0000000091200000| 57%| S|CS|TAMS 0x0000000091100000| PB 0x0000000091100000| Complete 
| 274|0x0000000091200000, 0x0000000091300000, 0x0000000091300000|100%| S|CS|TAMS 0x0000000091200000| PB 0x0000000091200000| Complete 
| 275|0x0000000091300000, 0x0000000091400000, 0x0000000091400000|100%| S|CS|TAMS 0x0000000091300000| PB 0x0000000091300000| Complete 
| 276|0x0000000091400000, 0x0000000091500000, 0x0000000091500000|100%| S|CS|TAMS 0x0000000091400000| PB 0x0000000091400000| Complete 
| 277|0x0000000091500000, 0x0000000091600000, 0x0000000091600000|100%| S|CS|TAMS 0x0000000091500000| PB 0x0000000091500000| Complete 
| 278|0x0000000091600000, 0x0000000091700000, 0x0000000091700000|100%| S|CS|TAMS 0x0000000091600000| PB 0x0000000091600000| Complete 
| 279|0x0000000091700000, 0x0000000091700000, 0x0000000091800000|  0%| F|  |TAMS 0x0000000091700000| PB 0x0000000091700000| Untracked 
| 280|0x0000000091800000, 0x0000000091800000, 0x0000000091900000|  0%| F|  |TAMS 0x0000000091800000| PB 0x0000000091800000| Untracked 
| 281|0x0000000091900000, 0x0000000091900000, 0x0000000091a00000|  0%| F|  |TAMS 0x0000000091900000| PB 0x0000000091900000| Untracked 
| 282|0x0000000091a00000, 0x0000000091a00000, 0x0000000091b00000|  0%| F|  |TAMS 0x0000000091a00000| PB 0x0000000091a00000| Untracked 
| 283|0x0000000091b00000, 0x0000000091b00000, 0x0000000091c00000|  0%| F|  |TAMS 0x0000000091b00000| PB 0x0000000091b00000| Untracked 
| 284|0x0000000091c00000, 0x0000000091c00000, 0x0000000091d00000|  0%| F|  |TAMS 0x0000000091c00000| PB 0x0000000091c00000| Untracked 
| 285|0x0000000091d00000, 0x0000000091d00000, 0x0000000091e00000|  0%| F|  |TAMS 0x0000000091d00000| PB 0x0000000091d00000| Untracked 
| 286|0x0000000091e00000, 0x0000000091e00000, 0x0000000091f00000|  0%| F|  |TAMS 0x0000000091e00000| PB 0x0000000091e00000| Untracked 
| 287|0x0000000091f00000, 0x0000000091f00000, 0x0000000092000000|  0%| F|  |TAMS 0x0000000091f00000| PB 0x0000000091f00000| Untracked 
| 288|0x0000000092000000, 0x0000000092000000, 0x0000000092100000|  0%| F|  |TAMS 0x0000000092000000| PB 0x0000000092000000| Untracked 
| 289|0x0000000092100000, 0x0000000092100000, 0x0000000092200000|  0%| F|  |TAMS 0x0000000092100000| PB 0x0000000092100000| Untracked 
| 290|0x0000000092200000, 0x0000000092200000, 0x0000000092300000|  0%| F|  |TAMS 0x0000000092200000| PB 0x0000000092200000| Untracked 
| 291|0x0000000092300000, 0x0000000092300000, 0x0000000092400000|  0%| F|  |TAMS 0x0000000092300000| PB 0x0000000092300000| Untracked 
| 292|0x0000000092400000, 0x0000000092400000, 0x0000000092500000|  0%| F|  |TAMS 0x0000000092400000| PB 0x0000000092400000| Untracked 
| 293|0x0000000092500000, 0x0000000092500000, 0x0000000092600000|  0%| F|  |TAMS 0x0000000092500000| PB 0x0000000092500000| Untracked 
| 294|0x0000000092600000, 0x0000000092600000, 0x0000000092700000|  0%| F|  |TAMS 0x0000000092600000| PB 0x0000000092600000| Untracked 
| 295|0x0000000092700000, 0x0000000092700000, 0x0000000092800000|  0%| F|  |TAMS 0x0000000092700000| PB 0x0000000092700000| Untracked 
| 296|0x0000000092800000, 0x0000000092800000, 0x0000000092900000|  0%| F|  |TAMS 0x0000000092800000| PB 0x0000000092800000| Untracked 
| 297|0x0000000092900000, 0x0000000092900000, 0x0000000092a00000|  0%| F|  |TAMS 0x0000000092900000| PB 0x0000000092900000| Untracked 
| 298|0x0000000092a00000, 0x0000000092a00000, 0x0000000092b00000|  0%| F|  |TAMS 0x0000000092a00000| PB 0x0000000092a00000| Untracked 
| 299|0x0000000092b00000, 0x0000000092b00000, 0x0000000092c00000|  0%| F|  |TAMS 0x0000000092b00000| PB 0x0000000092b00000| Untracked 
| 300|0x0000000092c00000, 0x0000000092c00000, 0x0000000092d00000|  0%| F|  |TAMS 0x0000000092c00000| PB 0x0000000092c00000| Untracked 
| 301|0x0000000092d00000, 0x0000000092d00000, 0x0000000092e00000|  0%| F|  |TAMS 0x0000000092d00000| PB 0x0000000092d00000| Untracked 
| 302|0x0000000092e00000, 0x0000000092e00000, 0x0000000092f00000|  0%| F|  |TAMS 0x0000000092e00000| PB 0x0000000092e00000| Untracked 
| 303|0x0000000092f00000, 0x0000000092f00000, 0x0000000093000000|  0%| F|  |TAMS 0x0000000092f00000| PB 0x0000000092f00000| Untracked 
| 304|0x0000000093000000, 0x0000000093000000, 0x0000000093100000|  0%| F|  |TAMS 0x0000000093000000| PB 0x0000000093000000| Untracked 
| 305|0x0000000093100000, 0x0000000093100000, 0x0000000093200000|  0%| F|  |TAMS 0x0000000093100000| PB 0x0000000093100000| Untracked 
| 306|0x0000000093200000, 0x0000000093200000, 0x0000000093300000|  0%| F|  |TAMS 0x0000000093200000| PB 0x0000000093200000| Untracked 
| 307|0x0000000093300000, 0x0000000093300000, 0x0000000093400000|  0%| F|  |TAMS 0x0000000093300000| PB 0x0000000093300000| Untracked 
| 308|0x0000000093400000, 0x0000000093400000, 0x0000000093500000|  0%| F|  |TAMS 0x0000000093400000| PB 0x0000000093400000| Untracked 
| 309|0x0000000093500000, 0x0000000093500000, 0x0000000093600000|  0%| F|  |TAMS 0x0000000093500000| PB 0x0000000093500000| Untracked 
| 310|0x0000000093600000, 0x0000000093600000, 0x0000000093700000|  0%| F|  |TAMS 0x0000000093600000| PB 0x0000000093600000| Untracked 
| 311|0x0000000093700000, 0x0000000093700000, 0x0000000093800000|  0%| F|  |TAMS 0x0000000093700000| PB 0x0000000093700000| Untracked 
| 312|0x0000000093800000, 0x0000000093800000, 0x0000000093900000|  0%| F|  |TAMS 0x0000000093800000| PB 0x0000000093800000| Untracked 
| 313|0x0000000093900000, 0x0000000093900000, 0x0000000093a00000|  0%| F|  |TAMS 0x0000000093900000| PB 0x0000000093900000| Untracked 
| 314|0x0000000093a00000, 0x0000000093a00000, 0x0000000093b00000|  0%| F|  |TAMS 0x0000000093a00000| PB 0x0000000093a00000| Untracked 
| 315|0x0000000093b00000, 0x0000000093b00000, 0x0000000093c00000|  0%| F|  |TAMS 0x0000000093b00000| PB 0x0000000093b00000| Untracked 
| 316|0x0000000093c00000, 0x0000000093c00000, 0x0000000093d00000|  0%| F|  |TAMS 0x0000000093c00000| PB 0x0000000093c00000| Untracked 
| 317|0x0000000093d00000, 0x0000000093d00000, 0x0000000093e00000|  0%| F|  |TAMS 0x0000000093d00000| PB 0x0000000093d00000| Untracked 
| 318|0x0000000093e00000, 0x0000000093e00000, 0x0000000093f00000|  0%| F|  |TAMS 0x0000000093e00000| PB 0x0000000093e00000| Untracked 
| 319|0x0000000093f00000, 0x0000000093f00000, 0x0000000094000000|  0%| F|  |TAMS 0x0000000093f00000| PB 0x0000000093f00000| Untracked 
| 320|0x0000000094000000, 0x0000000094000000, 0x0000000094100000|  0%| F|  |TAMS 0x0000000094000000| PB 0x0000000094000000| Untracked 
| 321|0x0000000094100000, 0x0000000094100000, 0x0000000094200000|  0%| F|  |TAMS 0x0000000094100000| PB 0x0000000094100000| Untracked 
| 322|0x0000000094200000, 0x0000000094200000, 0x0000000094300000|  0%| F|  |TAMS 0x0000000094200000| PB 0x0000000094200000| Untracked 
| 323|0x0000000094300000, 0x0000000094300000, 0x0000000094400000|  0%| F|  |TAMS 0x0000000094300000| PB 0x0000000094300000| Untracked 
| 324|0x0000000094400000, 0x0000000094400000, 0x0000000094500000|  0%| F|  |TAMS 0x0000000094400000| PB 0x0000000094400000| Untracked 
| 325|0x0000000094500000, 0x0000000094500000, 0x0000000094600000|  0%| F|  |TAMS 0x0000000094500000| PB 0x0000000094500000| Untracked 
|2037|0x00000000ff500000, 0x00000000ff600000, 0x00000000ff600000|100%| O|  |TAMS 0x00000000ff600000| PB 0x00000000ff600000| Updating 
|2038|0x00000000ff600000, 0x00000000ff600000, 0x00000000ff700000|  0%| F|  |TAMS 0x00000000ff600000| PB 0x00000000ff600000| Untracked 
|2039|0x00000000ff700000, 0x00000000ff800000, 0x00000000ff800000|100%| E|  |TAMS 0x00000000ff700000| PB 0x00000000ff700000| Complete 
|2040|0x00000000ff800000, 0x00000000ff900000, 0x00000000ff900000|100%| E|CS|TAMS 0x00000000ff800000| PB 0x00000000ff800000| Complete 
|2041|0x00000000ff900000, 0x00000000ffa00000, 0x00000000ffa00000|100%| E|CS|TAMS 0x00000000ff900000| PB 0x00000000ff900000| Complete 
|2042|0x00000000ffa00000, 0x00000000ffb00000, 0x00000000ffb00000|100%| E|CS|TAMS 0x00000000ffa00000| PB 0x00000000ffa00000| Complete 
|2043|0x00000000ffb00000, 0x00000000ffc00000, 0x00000000ffc00000|100%| E|CS|TAMS 0x00000000ffb00000| PB 0x00000000ffb00000| Complete 
|2044|0x00000000ffc00000, 0x00000000ffd00000, 0x00000000ffd00000|100%| O|  |TAMS 0x00000000ffd00000| PB 0x00000000ffd00000| Updating 
|2045|0x00000000ffd00000, 0x00000000ffe00000, 0x00000000ffe00000|100%| O|  |TAMS 0x00000000ffe00000| PB 0x00000000ffe00000| Updating 
|2046|0x00000000ffe00000, 0x00000000fff00000, 0x00000000fff00000|100%| E|CS|TAMS 0x00000000ffe00000| PB 0x00000000ffe00000| Complete 
|2047|0x00000000fff00000, 0x0000000100000000, 0x0000000100000000|100%| O|  |TAMS 0x0000000100000000| PB 0x0000000100000000| Updating 

Card table byte_map: [0x00000184fc950000,0x00000184fcd50000] _byte_map_base: 0x00000184fc550000

Marking Bits: (CMBitMap*) 0x00000184e9e5dcf0
 Bits: [0x00000184fcd50000, 0x00000184fed50000)

Polling page: 0x00000184e7e50000

Metaspace:

Usage:
  Non-class:     96.08 MB used.
      Class:     15.90 MB used.
       Both:    111.98 MB used.

Virtual space:
  Non-class space:      128.00 MB reserved,      97.38 MB ( 76%) committed,  2 nodes.
      Class space:      832.00 MB reserved,      17.12 MB (  2%) committed,  1 nodes.
             Both:      960.00 MB reserved,     114.50 MB ( 12%) committed. 

Chunk freelists:
   Non-Class:  14.31 MB
       Class:  14.89 MB
        Both:  29.21 MB

MaxMetaspaceSize: 1.00 GB
CompressedClassSpaceSize: 832.00 MB
Initial GC threshold: 21.00 MB
Current GC threshold: 181.88 MB
CDS: on
 - commit_granule_bytes: 65536.
 - commit_granule_words: 8192.
 - virtual_space_node_default_size: 8388608.
 - enlarge_chunks_in_place: 1.
 - use_allocation_guard: 0.


Internal statistics:

num_allocs_failed_limit: 12.
num_arena_births: 4570.
num_arena_deaths: 0.
num_vsnodes_births: 3.
num_vsnodes_deaths: 0.
num_space_committed: 1832.
num_space_uncommitted: 0.
num_chunks_returned_to_freelist: 12.
num_chunks_taken_from_freelist: 10170.
num_chunk_merges: 12.
num_chunk_splits: 6584.
num_chunks_enlarged: 4084.
num_inconsistent_stats: 0.

CodeHeap 'non-profiled nmethods': size=120000Kb used=11316Kb max_used=11943Kb free=108684Kb
 bounds [0x00000184f4ad0000, 0x00000184f5680000, 0x00000184fc000000]
CodeHeap 'profiled nmethods': size=120000Kb used=28129Kb max_used=28922Kb free=91870Kb
 bounds [0x00000184ed000000, 0x00000184eec40000, 0x00000184f4530000]
CodeHeap 'non-nmethods': size=5760Kb used=2800Kb max_used=2862Kb free=2959Kb
 bounds [0x00000184f4530000, 0x00000184f4810000, 0x00000184f4ad0000]
CodeCache: size=245760Kb, used=42245Kb, max_used=43727Kb, free=203513Kb
 total_blobs=15765, nmethods=14720, adapters=947, full_count=0
Compilation: enabled, stopped_count=0, restarted_count=0

Compilation events (20 events):
Event: 43.991 Thread 0x00000184ff9f7640 17869       4       org.gradle.internal.instantiation.generator.AbstractClassGenerator$ClassGenerationHandler::applyTo (1 bytes)
Event: 43.991 Thread 0x00000184ff9f7640 nmethod 17869 0x00000184f5677690 code [0x00000184f5677820, 0x00000184f56778a8]
Event: 43.995 Thread 0x00000184ff9f7640 17870       4       java.util.Spliterators::spliterator (25 bytes)
Event: 43.996 Thread 0x00000184ffa201c0 17871       1       org.gradle.api.internal.tasks.properties.annotations.AbstractOutputPropertyAnnotationHandler::isPropertyRelevant (2 bytes)
Event: 43.996 Thread 0x00000184ffa201c0 nmethod 17871 0x00000184f5677990 code [0x00000184f5677b20, 0x00000184f5677be8]
Event: 43.997 Thread 0x00000184ff9f7640 nmethod 17870 0x00000184f5677c90 code [0x00000184f5677e20, 0x00000184f5677fc8]
Event: 43.997 Thread 0x00000184ff9f7640 17872 %     4       org.gradle.api.internal.collections.SortedSetElementSource::removeByProvider @ 10 (50 bytes)
Event: 44.000 Thread 0x00000184ffa201c0 17873       3       org.gradle.plugins.ide.internal.tooling.GradleProjectBuilder$$Lambda/0x000001848406ae10::apply (12 bytes)
Event: 44.000 Thread 0x00000184ffa201c0 nmethod 17873 0x00000184eec3b990 code [0x00000184eec3bba0, 0x00000184eec3c240]
Event: 44.000 Thread 0x00000184ffa201c0 17874       3       org.gradle.plugins.ide.internal.tooling.GradleProjectBuilder::lambda$collectTasks$1 (6 bytes)
Event: 44.001 Thread 0x00000184ffa201c0 nmethod 17874 0x00000184eec3c490 code [0x00000184eec3c680, 0x00000184eec3cb60]
Event: 44.001 Thread 0x00000184ffa201c0 17875       3       org.gradle.plugins.ide.internal.tooling.GradleProjectBuilder::buildTask (27 bytes)
Event: 44.001 Thread 0x00000184ffa201c0 nmethod 17875 0x00000184eec3cd90 code [0x00000184eec3cf80, 0x00000184eec3d408]
Event: 44.001 Thread 0x00000184ffa201c0 17876       3       org.gradle.plugins.ide.internal.tooling.model.LaunchableGradleProjectTask::<init> (5 bytes)
Event: 44.001 Thread 0x00000184ffa201c0 nmethod 17876 0x00000184eec3d610 code [0x00000184eec3d7c0, 0x00000184eec3d988]
Event: 44.001 Thread 0x00000184ffa201c0 17877       3       org.gradle.plugins.ide.internal.tooling.model.LaunchableGradleTask::<init> (5 bytes)
Event: 44.001 Thread 0x00000184ffa201c0 nmethod 17877 0x00000184eec3da90 code [0x00000184eec3dc40, 0x00000184eec3dda8]
Event: 44.009 Thread 0x00000184ffa201c0 17878       3       kotlin.Pair::equals (55 bytes)
Event: 44.010 Thread 0x00000184ffa201c0 nmethod 17878 0x00000184eec3de90 code [0x00000184eec3e0a0, 0x00000184eec3e8b8]
Event: 44.017 Thread 0x00000184ff9f7640 nmethod 17872% 0x00000184f5678110 code [0x00000184f5678380, 0x00000184f5679588]

GC Heap History (20 events):
Event: 33.630 GC heap before
{Heap before GC invocations=52 (full 0):
 garbage-first heap   total 291840K, used 235490K [0x0000000080000000, 0x0000000100000000)
  region size 1024K, 67 young (68608K), 7 survivors (7168K)
 Metaspace       used 107030K, committed 109568K, reserved 983040K
  class space    used 15284K, committed 16512K, reserved 851968K
}
Event: 33.633 GC heap after
{Heap after GC invocations=53 (full 0):
 garbage-first heap   total 291840K, used 176423K [0x0000000080000000, 0x0000000100000000)
  region size 1024K, 4 young (4096K), 4 survivors (4096K)
 Metaspace       used 107030K, committed 109568K, reserved 983040K
  class space    used 15284K, committed 16512K, reserved 851968K
}
Event: 35.300 GC heap before
{Heap before GC invocations=53 (full 0):
 garbage-first heap   total 291840K, used 256295K [0x0000000080000000, 0x0000000100000000)
  region size 1024K, 83 young (84992K), 4 survivors (4096K)
 Metaspace       used 107175K, committed 109760K, reserved 983040K
  class space    used 15299K, committed 16576K, reserved 851968K
}
Event: 35.305 GC heap after
{Heap after GC invocations=54 (full 0):
 garbage-first heap   total 291840K, used 178833K [0x0000000080000000, 0x0000000100000000)
  region size 1024K, 9 young (9216K), 9 survivors (9216K)
 Metaspace       used 107175K, committed 109760K, reserved 983040K
  class space    used 15299K, committed 16576K, reserved 851968K
}
Event: 37.082 GC heap before
{Heap before GC invocations=54 (full 0):
 garbage-first heap   total 291840K, used 256657K [0x0000000080000000, 0x0000000100000000)
  region size 1024K, 86 young (88064K), 9 survivors (9216K)
 Metaspace       used 107313K, committed 109888K, reserved 983040K
  class space    used 15312K, committed 16576K, reserved 851968K
}
Event: 37.087 GC heap after
{Heap after GC invocations=55 (full 0):
 garbage-first heap   total 291840K, used 183638K [0x0000000080000000, 0x0000000100000000)
  region size 1024K, 7 young (7168K), 7 survivors (7168K)
 Metaspace       used 107313K, committed 109888K, reserved 983040K
  class space    used 15312K, committed 16576K, reserved 851968K
}
Event: 38.991 GC heap before
{Heap before GC invocations=56 (full 0):
 garbage-first heap   total 307200K, used 264534K [0x0000000080000000, 0x0000000100000000)
  region size 1024K, 84 young (86016K), 7 survivors (7168K)
 Metaspace       used 107560K, committed 110144K, reserved 983040K
  class space    used 15342K, committed 16576K, reserved 851968K
}
Event: 38.996 GC heap after
{Heap after GC invocations=57 (full 0):
 garbage-first heap   total 307200K, used 191372K [0x0000000080000000, 0x0000000100000000)
  region size 1024K, 8 young (8192K), 8 survivors (8192K)
 Metaspace       used 107560K, committed 110144K, reserved 983040K
  class space    used 15342K, committed 16576K, reserved 851968K
}
Event: 40.902 GC heap before
{Heap before GC invocations=57 (full 0):
 garbage-first heap   total 307200K, used 277388K [0x0000000080000000, 0x0000000100000000)
  region size 1024K, 92 young (94208K), 8 survivors (8192K)
 Metaspace       used 109006K, committed 111616K, reserved 983040K
  class space    used 15572K, committed 16832K, reserved 851968K
}
Event: 40.911 GC heap after
{Heap after GC invocations=58 (full 0):
 garbage-first heap   total 307200K, used 198739K [0x0000000080000000, 0x0000000100000000)
  region size 1024K, 10 young (10240K), 10 survivors (10240K)
 Metaspace       used 109006K, committed 111616K, reserved 983040K
  class space    used 15572K, committed 16832K, reserved 851968K
}
Event: 41.451 GC heap before
{Heap before GC invocations=58 (full 0):
 garbage-first heap   total 307200K, used 279635K [0x0000000080000000, 0x0000000100000000)
  region size 1024K, 89 young (91136K), 10 survivors (10240K)
 Metaspace       used 109178K, committed 111744K, reserved 983040K
  class space    used 15574K, committed 16832K, reserved 851968K
}
Event: 41.461 GC heap after
{Heap after GC invocations=59 (full 0):
 garbage-first heap   total 307200K, used 205506K [0x0000000080000000, 0x0000000100000000)
  region size 1024K, 8 young (8192K), 8 survivors (8192K)
 Metaspace       used 109178K, committed 111744K, reserved 983040K
  class space    used 15574K, committed 16832K, reserved 851968K
}
Event: 42.091 GC heap before
{Heap before GC invocations=60 (full 0):
 garbage-first heap   total 345088K, used 281282K [0x0000000080000000, 0x0000000100000000)
  region size 1024K, 83 young (84992K), 8 survivors (8192K)
 Metaspace       used 109474K, committed 112064K, reserved 983040K
  class space    used 15578K, committed 16832K, reserved 851968K
}
Event: 42.102 GC heap after
{Heap after GC invocations=61 (full 0):
 garbage-first heap   total 345088K, used 215541K [0x0000000080000000, 0x0000000100000000)
  region size 1024K, 10 young (10240K), 10 survivors (10240K)
 Metaspace       used 109474K, committed 112064K, reserved 983040K
  class space    used 15578K, committed 16832K, reserved 851968K
}
Event: 42.648 GC heap before
{Heap before GC invocations=61 (full 0):
 garbage-first heap   total 345088K, used 310773K [0x0000000080000000, 0x0000000100000000)
  region size 1024K, 103 young (105472K), 10 survivors (10240K)
 Metaspace       used 109667K, committed 112256K, reserved 983040K
  class space    used 15581K, committed 16832K, reserved 851968K
}
Event: 42.660 GC heap after
{Heap after GC invocations=62 (full 0):
 garbage-first heap   total 345088K, used 228489K [0x0000000080000000, 0x0000000100000000)
  region size 1024K, 13 young (13312K), 13 survivors (13312K)
 Metaspace       used 109667K, committed 112256K, reserved 983040K
  class space    used 15581K, committed 16832K, reserved 851968K
}
Event: 43.386 GC heap before
{Heap before GC invocations=62 (full 0):
 garbage-first heap   total 345088K, used 313481K [0x0000000080000000, 0x0000000100000000)
  region size 1024K, 96 young (98304K), 13 survivors (13312K)
 Metaspace       used 111977K, committed 114624K, reserved 983040K
  class space    used 15882K, committed 17152K, reserved 851968K
}
Event: 43.398 GC heap after
{Heap after GC invocations=63 (full 0):
 garbage-first heap   total 345088K, used 238810K [0x0000000080000000, 0x0000000100000000)
  region size 1024K, 11 young (11264K), 11 survivors (11264K)
 Metaspace       used 111977K, committed 114624K, reserved 983040K
  class space    used 15882K, committed 17152K, reserved 851968K
}
Event: 43.933 GC heap before
{Heap before GC invocations=63 (full 0):
 garbage-first heap   total 345088K, used 293082K [0x0000000080000000, 0x0000000100000000)
  region size 1024K, 65 young (66560K), 11 survivors (11264K)
 Metaspace       used 114440K, committed 117056K, reserved 983040K
  class space    used 16253K, committed 17536K, reserved 851968K
}
Event: 43.939 GC heap after
{Heap after GC invocations=64 (full 0):
 garbage-first heap   total 345088K, used 243858K [0x0000000080000000, 0x0000000100000000)
  region size 1024K, 6 young (6144K), 6 survivors (6144K)
 Metaspace       used 114440K, committed 117056K, reserved 983040K
  class space    used 16253K, committed 17536K, reserved 851968K
}

Dll operation events (14 events):
Event: 0.020 Loaded shared library C:\Users\megda\.antigravity-ide\extensions\redhat.java-1.55.0-win32-x64\jre\21.0.11-win32-x86_64\bin\java.dll
Event: 0.116 Loaded shared library C:\Users\megda\.antigravity-ide\extensions\redhat.java-1.55.0-win32-x64\jre\21.0.11-win32-x86_64\bin\zip.dll
Event: 0.155 Loaded shared library C:\Users\megda\.antigravity-ide\extensions\redhat.java-1.55.0-win32-x64\jre\21.0.11-win32-x86_64\bin\instrument.dll
Event: 0.165 Loaded shared library C:\Users\megda\.antigravity-ide\extensions\redhat.java-1.55.0-win32-x64\jre\21.0.11-win32-x86_64\bin\net.dll
Event: 0.176 Loaded shared library C:\Users\megda\.antigravity-ide\extensions\redhat.java-1.55.0-win32-x64\jre\21.0.11-win32-x86_64\bin\nio.dll
Event: 0.181 Loaded shared library C:\Users\megda\.antigravity-ide\extensions\redhat.java-1.55.0-win32-x64\jre\21.0.11-win32-x86_64\bin\zip.dll
Event: 0.536 Loaded shared library C:\Users\megda\.antigravity-ide\extensions\redhat.java-1.55.0-win32-x64\jre\21.0.11-win32-x86_64\bin\jimage.dll
Event: 0.754 Loaded shared library C:\Users\megda\.antigravity-ide\extensions\redhat.java-1.55.0-win32-x64\jre\21.0.11-win32-x86_64\bin\verify.dll
Event: 0.880 Loaded shared library C:\Users\megda\.gradle\native\1def1411415f61bf3af743bc5b6707747c0891f09f0c88961ee8f79bc544acac\windows-amd64\native-platform.dll
Event: 0.903 Loaded shared library C:\Users\megda\.gradle\native\0.2.7\x86_64-windows-gnu\gradle-fileevents.dll
Event: 2.322 Loaded shared library C:\Users\megda\.antigravity-ide\extensions\redhat.java-1.55.0-win32-x64\jre\21.0.11-win32-x86_64\bin\management.dll
Event: 2.332 Loaded shared library C:\Users\megda\.antigravity-ide\extensions\redhat.java-1.55.0-win32-x64\jre\21.0.11-win32-x86_64\bin\management_ext.dll
Event: 2.497 Loaded shared library C:\Users\megda\.antigravity-ide\extensions\redhat.java-1.55.0-win32-x64\jre\21.0.11-win32-x86_64\bin\extnet.dll
Event: 2.859 Loaded shared library C:\Users\megda\.antigravity-ide\extensions\redhat.java-1.55.0-win32-x64\jre\21.0.11-win32-x86_64\bin\sunmscapi.dll

Deoptimization events (20 events):
Event: 43.811 Thread 0x00000184bc7adf20 Uncommon trap: trap_request=0xffffff45 fr.pc=0x00000184f4b6abd8 relative=0x0000000000000218
Event: 43.811 Thread 0x00000184bc7adf20 Uncommon trap: reason=unstable_if action=reinterpret pc=0x00000184f4b6abd8 method=org.objectweb.asm.Type.getTypeInternal(Ljava/lang/String;II)Lorg/objectweb/asm/Type; @ 5 c2
Event: 43.811 Thread 0x00000184bc7adf20 DEOPT PACKING pc=0x00000184f4b6abd8 sp=0x0000001b824fa270
Event: 43.811 Thread 0x00000184bc7adf20 DEOPT UNPACKING pc=0x00000184f4584422 sp=0x0000001b824fa208 mode 2
Event: 43.834 Thread 0x00000184bc7adf20 Uncommon trap: trap_request=0xffffffc6 fr.pc=0x00000184f524cf0c relative=0x000000000000084c
Event: 43.834 Thread 0x00000184bc7adf20 Uncommon trap: reason=bimorphic_or_optimized_type_check action=maybe_recompile pc=0x00000184f524cf0c method=org.gradle.api.Namer$Comparator.compare(Ljava/lang/Object;Ljava/lang/Object;)I @ 5 c2
Event: 43.834 Thread 0x00000184bc7adf20 DEOPT PACKING pc=0x00000184f524cf0c sp=0x0000001b824fa020
Event: 43.834 Thread 0x00000184bc7adf20 DEOPT UNPACKING pc=0x00000184f4584422 sp=0x0000001b824f9fb0 mode 2
Event: 43.903 Thread 0x00000184bc7adf20 Uncommon trap: trap_request=0xffffffde fr.pc=0x00000184f5172c78 relative=0x0000000000000718
Event: 43.903 Thread 0x00000184bc7adf20 Uncommon trap: reason=class_check action=maybe_recompile pc=0x00000184f5172c78 method=kotlin.text.StringsKt__StringsKt.indexOf(Ljava/lang/CharSequence;Ljava/lang/String;IZ)I @ 18 c2
Event: 43.903 Thread 0x00000184bc7adf20 DEOPT PACKING pc=0x00000184f5172c78 sp=0x0000001b824fa270
Event: 43.903 Thread 0x00000184bc7adf20 DEOPT UNPACKING pc=0x00000184f4584422 sp=0x0000001b824fa200 mode 2
Event: 43.904 Thread 0x00000184bc7adf20 Uncommon trap: trap_request=0xffffffde fr.pc=0x00000184f5172c78 relative=0x0000000000000718
Event: 43.904 Thread 0x00000184bc7adf20 Uncommon trap: reason=class_check action=maybe_recompile pc=0x00000184f5172c78 method=kotlin.text.StringsKt__StringsKt.indexOf(Ljava/lang/CharSequence;Ljava/lang/String;IZ)I @ 18 c2
Event: 43.904 Thread 0x00000184bc7adf20 DEOPT PACKING pc=0x00000184f5172c78 sp=0x0000001b824fa270
Event: 43.904 Thread 0x00000184bc7adf20 DEOPT UNPACKING pc=0x00000184f4584422 sp=0x0000001b824fa200 mode 2
Event: 43.905 Thread 0x00000184bc7adf20 Uncommon trap: trap_request=0xffffffde fr.pc=0x00000184f5172c78 relative=0x0000000000000718
Event: 43.905 Thread 0x00000184bc7adf20 Uncommon trap: reason=class_check action=maybe_recompile pc=0x00000184f5172c78 method=kotlin.text.StringsKt__StringsKt.indexOf(Ljava/lang/CharSequence;Ljava/lang/String;IZ)I @ 18 c2
Event: 43.905 Thread 0x00000184bc7adf20 DEOPT PACKING pc=0x00000184f5172c78 sp=0x0000001b824fa270
Event: 43.905 Thread 0x00000184bc7adf20 DEOPT UNPACKING pc=0x00000184f4584422 sp=0x0000001b824fa200 mode 2

Classes loaded (20 events):
Event: 39.906 Loading class java/beans/ParameterDescriptor
Event: 39.907 Loading class java/beans/ParameterDescriptor done
Event: 39.972 Loading class sun/reflect/misc/MethodUtil
Event: 39.973 Loading class sun/reflect/misc/MethodUtil done
Event: 39.973 Loading class sun/reflect/misc/MethodUtil$1
Event: 39.973 Loading class sun/reflect/misc/MethodUtil$1 done
Event: 40.117 Loading class java/nio/file/StandardCopyOption
Event: 40.117 Loading class java/nio/file/StandardCopyOption done
Event: 40.117 Loading class sun/nio/fs/WindowsFileCopy
Event: 40.119 Loading class sun/nio/fs/WindowsFileCopy done
Event: 40.222 Loading class java/time/Instant$1
Event: 40.222 Loading class java/time/Instant$1 done
Event: 40.281 Loading class java/util/concurrent/CompletableFuture$AsyncRun
Event: 40.282 Loading class java/util/concurrent/CompletableFuture$AsyncRun done
Event: 40.701 Loading class jdk/internal/math/FormattedFPDecimal
Event: 40.702 Loading class jdk/internal/math/FormattedFPDecimal done
Event: 42.931 Loading class java/util/TreeMap$ValueSpliterator
Event: 42.932 Loading class java/util/TreeMap$ValueSpliterator done
Event: 43.770 Loading class java/security/cert/CertificateEncodingException
Event: 43.771 Loading class java/security/cert/CertificateEncodingException done

Classes unloaded (0 events):
No events

Classes redefined (0 events):
No events

Internal exceptions (20 events):
Event: 41.254 Thread 0x00000184c2eb0080 Exception <a 'sun/nio/fs/WindowsException'{0x000000008fc4b1e0}> (0x000000008fc4b1e0) 
thrown [s\src\hotspot\share\prims\jni.cpp, line 520]
Event: 41.254 Thread 0x00000184c2eb0080 Exception <a 'sun/nio/fs/WindowsException'{0x000000008fc4ce80}> (0x000000008fc4ce80) 
thrown [s\src\hotspot\share\prims\jni.cpp, line 520]
Event: 41.255 Thread 0x00000184c2eb0080 Exception <a 'sun/nio/fs/WindowsException'{0x000000008fc4ea70}> (0x000000008fc4ea70) 
thrown [s\src\hotspot\share\prims\jni.cpp, line 520]
Event: 41.255 Thread 0x00000184c2eb0080 Exception <a 'sun/nio/fs/WindowsException'{0x000000008fc50608}> (0x000000008fc50608) 
thrown [s\src\hotspot\share\prims\jni.cpp, line 520]
Event: 41.258 Thread 0x00000184c2eb0080 Exception <a 'sun/nio/fs/WindowsException'{0x000000008fc66108}> (0x000000008fc66108) 
thrown [s\src\hotspot\share\prims\jni.cpp, line 520]
Event: 41.258 Thread 0x00000184c2eb0080 Exception <a 'sun/nio/fs/WindowsException'{0x000000008fc67d90}> (0x000000008fc67d90) 
thrown [s\src\hotspot\share\prims\jni.cpp, line 520]
Event: 41.258 Thread 0x00000184c2eb0080 Exception <a 'sun/nio/fs/WindowsException'{0x000000008fc696c0}> (0x000000008fc696c0) 
thrown [s\src\hotspot\share\prims\jni.cpp, line 520]
Event: 41.511 Thread 0x00000184bc7adf20 Implicit null exception at 0x00000184f4f315e8 to 0x00000184f4f342d0
Event: 41.512 Thread 0x00000184bc7adf20 Implicit null exception at 0x00000184f4f383d4 to 0x00000184f4f3ae44
Event: 41.512 Thread 0x00000184bc7adf20 Implicit null exception at 0x00000184f4cf8a74 to 0x00000184f4cf8c90
Event: 43.113 Thread 0x00000184bc7adf20 Implicit null exception at 0x00000184f55eeabe to 0x00000184f55eec00
Event: 43.200 Thread 0x00000184bc7adf20 Implicit null exception at 0x00000184f5605247 to 0x00000184f56053eb
Event: 43.208 Thread 0x00000184bc7adf20 Implicit null exception at 0x00000184f560c347 to 0x00000184f560c4eb
Event: 43.254 Thread 0x00000184bc7adf20 Implicit null exception at 0x00000184f5614cc5 to 0x00000184f5615290
Event: 43.269 Thread 0x00000184bc7adf20 Implicit null exception at 0x00000184f5617b88 to 0x00000184f5617e44
Event: 43.269 Thread 0x00000184bc7adf20 Implicit null exception at 0x00000184f5616ea2 to 0x00000184f5617200
Event: 43.278 Thread 0x00000184bc7adf20 Implicit null exception at 0x00000184f537b1da to 0x00000184f537bbc8
Event: 43.491 Thread 0x00000184bc7adf20 Implicit null exception at 0x00000184f562d2e5 to 0x00000184f562dafc
Event: 43.497 Thread 0x00000184bc7adf20 Implicit null exception at 0x00000184f562ead7 to 0x00000184f562ed3c
Event: 43.535 Thread 0x00000184bc7adf20 Implicit null exception at 0x00000184f56367de to 0x00000184f5636f24

ZGC Phase Switch (0 events):
No events

VM Operations (20 events):
Event: 41.557 Executing safepoint VM operation: G1PauseRemark done
Event: 41.623 Executing safepoint VM operation: G1PauseCleanup
Event: 41.624 Executing safepoint VM operation: G1PauseCleanup done
Event: 41.969 Executing safepoint VM operation: ICBufferFull
Event: 41.970 Executing safepoint VM operation: ICBufferFull done
Event: 42.091 Executing safepoint VM operation: G1CollectForAllocation (G1 Evacuation Pause)
Event: 42.102 Executing safepoint VM operation: G1CollectForAllocation (G1 Evacuation Pause) done
Event: 42.648 Executing safepoint VM operation: G1CollectForAllocation (G1 Evacuation Pause)
Event: 42.660 Executing safepoint VM operation: G1CollectForAllocation (G1 Evacuation Pause) done
Event: 43.063 Executing safepoint VM operation: ICBufferFull
Event: 43.063 Executing safepoint VM operation: ICBufferFull done
Event: 43.262 Executing non-safepoint VM operation: HandshakeAllThreads (Deoptimize)
Event: 43.262 Executing non-safepoint VM operation: HandshakeAllThreads (Deoptimize) done
Event: 43.386 Executing safepoint VM operation: G1CollectForAllocation (G1 Evacuation Pause)
Event: 43.398 Executing safepoint VM operation: G1CollectForAllocation (G1 Evacuation Pause) done
Event: 43.817 Executing safepoint VM operation: ICBufferFull
Event: 43.818 Executing safepoint VM operation: ICBufferFull done
Event: 43.933 Executing safepoint VM operation: G1TryInitiateConcMark (G1 Humongous Allocation)
Event: 43.939 Executing safepoint VM operation: G1TryInitiateConcMark (G1 Humongous Allocation) done
Event: 44.021 Executing safepoint VM operation: G1PauseRemark

Memory protections (0 events):
No events

Nmethod flushes (20 events):
Event: 44.030 Thread 0x00000184ff9ba0d0 flushing  nmethod 0x00000184eda3e190
Event: 44.030 Thread 0x00000184ff9ba0d0 flushing  nmethod 0x00000184edb01d90
Event: 44.030 Thread 0x00000184ff9ba0d0 flushing  nmethod 0x00000184edb59b10
Event: 44.030 Thread 0x00000184ff9ba0d0 flushing  nmethod 0x00000184edb5a510
Event: 44.030 Thread 0x00000184ff9ba0d0 flushing  nmethod 0x00000184edbdaa90
Event: 44.030 Thread 0x00000184ff9ba0d0 flushing  nmethod 0x00000184edd40790
Event: 44.030 Thread 0x00000184ff9ba0d0 flushing  nmethod 0x00000184edef9e10
Event: 44.030 Thread 0x00000184ff9ba0d0 flushing  nmethod 0x00000184ee029d90
Event: 44.030 Thread 0x00000184ff9ba0d0 flushing  nmethod 0x00000184ee7ae610
Event: 44.030 Thread 0x00000184ff9ba0d0 flushing  nmethod 0x00000184ee7aec90
Event: 44.030 Thread 0x00000184ff9ba0d0 flushing  nmethod 0x00000184ee7af190
Event: 44.030 Thread 0x00000184ff9ba0d0 flushing  nmethod 0x00000184ee7af710
Event: 44.030 Thread 0x00000184ff9ba0d0 flushing  nmethod 0x00000184ee7b0610
Event: 44.030 Thread 0x00000184ff9ba0d0 flushing  nmethod 0x00000184ee7b1f90
Event: 44.030 Thread 0x00000184ff9ba0d0 flushing  nmethod 0x00000184ee7b2790
Event: 44.030 Thread 0x00000184ff9ba0d0 flushing  nmethod 0x00000184ee7b3910
Event: 44.030 Thread 0x00000184ff9ba0d0 flushing  nmethod 0x00000184ee7b4310
Event: 44.030 Thread 0x00000184ff9ba0d0 flushing  nmethod 0x00000184ee7b5690
Event: 44.030 Thread 0x00000184ff9ba0d0 flushing  nmethod 0x00000184ee7eed90
Event: 44.030 Thread 0x00000184ff9ba0d0 flushing  nmethod 0x00000184ee7f2510

Events (20 events):
Event: 42.206 Thread 0x00000184bc7adf20 Thread added: 0x00000184c28a3330
Event: 42.235 Thread 0x00000184bc7adf20 Thread added: 0x00000184c289feb0
Event: 42.235 Thread 0x00000184bc7adf20 Thread added: 0x00000184c28a2610
Event: 42.235 Thread 0x00000184bc7adf20 Thread added: 0x00000184c28a2ca0
Event: 42.235 Thread 0x00000184bc7adf20 Thread added: 0x00000184c28a39c0
Event: 42.236 Thread 0x00000184bc7adf20 Thread added: 0x00000184c041e8c0
Event: 42.236 Thread 0x00000184bc7adf20 Thread added: 0x00000184c041d510
Event: 42.236 Thread 0x00000184bc7adf20 Thread added: 0x00000184c0421d40
Event: 42.236 Thread 0x00000184bc7adf20 Thread added: 0x00000184c0424b30
Event: 42.237 Thread 0x00000184bc7adf20 Thread added: 0x00000184c04223d0
Event: 42.237 Thread 0x00000184bc7adf20 Thread added: 0x00000184c0423780
Event: 42.237 Thread 0x00000184bc7adf20 Thread added: 0x00000184c0423e10
Event: 42.370 Thread 0x00000184bc7adf20 Thread added: 0x00000184c0425850
Event: 42.371 Thread 0x00000184bc7adf20 Thread added: 0x00000184c04251c0
Event: 42.371 Thread 0x00000184bc7adf20 Thread added: 0x00000184c0426570
Event: 42.371 Thread 0x00000184bc7adf20 Thread added: 0x00000184c04230f0
Event: 42.371 Thread 0x00000184bc7adf20 Thread added: 0x00000184c0426c00
Event: 42.371 Thread 0x00000184bc7adf20 Thread added: 0x00000184c0427920
Event: 42.371 Thread 0x00000184bc7adf20 Thread added: 0x00000184c04244a0
Event: 42.371 Thread 0x00000184bc7adf20 Thread added: 0x00000184c0427fb0


Dynamic libraries:
0x00007ff6bc5f0000 - 0x00007ff6bc5fe000 	C:\Users\megda\.antigravity-ide\extensions\redhat.java-1.55.0-win32-x64\jre\21.0.11-win32-x86_64\bin\java.exe
0x00007ff962e60000 - 0x00007ff9630c6000 	C:\Windows\SYSTEM32\ntdll.dll
0x00007ff962030000 - 0x00007ff9620f9000 	C:\Windows\System32\KERNEL32.DLL
0x00007ff960650000 - 0x00007ff960a50000 	C:\Windows\System32\KERNELBASE.dll
0x00007ff9604f0000 - 0x00007ff96063c000 	C:\Windows\System32\ucrtbase.dll
0x00007ff9238a0000 - 0x00007ff9238be000 	C:\Users\megda\.antigravity-ide\extensions\redhat.java-1.55.0-win32-x64\jre\21.0.11-win32-x86_64\bin\VCRUNTIME140.dll
0x00007ff92de20000 - 0x00007ff92de38000 	C:\Users\megda\.antigravity-ide\extensions\redhat.java-1.55.0-win32-x64\jre\21.0.11-win32-x86_64\bin\jli.dll
0x00007ff961900000 - 0x00007ff961ac7000 	C:\Windows\System32\USER32.dll
0x00007ff9604c0000 - 0x00007ff9604e7000 	C:\Windows\System32\win32u.dll
0x00007ff947a60000 - 0x00007ff947cf2000 	C:\Windows\WinSxS\amd64_microsoft.windows.common-controls_6595b64144ccf1df_6.0.26100.8737_none_3e092eaee333b772\COMCTL32.dll
0x00007ff960b90000 - 0x00007ff960c39000 	C:\Windows\System32\msvcrt.dll
0x00007ff960c40000 - 0x00007ff960c6b000 	C:\Windows\System32\GDI32.dll
0x00007ff960a60000 - 0x00007ff960b89000 	C:\Windows\System32\gdi32full.dll
0x00007ff960140000 - 0x00007ff9601e3000 	C:\Windows\System32\msvcp_win.dll
0x00007ff961de0000 - 0x00007ff961e12000 	C:\Windows\System32\IMM32.DLL
0x00007ff95c990000 - 0x00007ff95c99c000 	C:\Users\megda\.antigravity-ide\extensions\redhat.java-1.55.0-win32-x64\jre\21.0.11-win32-x86_64\bin\vcruntime140_1.dll
0x00007ff903360000 - 0x00007ff9033ed000 	C:\Users\megda\.antigravity-ide\extensions\redhat.java-1.55.0-win32-x64\jre\21.0.11-win32-x86_64\bin\msvcp140.dll
0x00007ff87ea00000 - 0x00007ff87f7a2000 	C:\Users\megda\.antigravity-ide\extensions\redhat.java-1.55.0-win32-x64\jre\21.0.11-win32-x86_64\bin\server\jvm.dll
0x00007ff961b90000 - 0x00007ff961c47000 	C:\Windows\System32\ADVAPI32.dll
0x00007ff961ca0000 - 0x00007ff961d4a000 	C:\Windows\System32\sechost.dll
0x00007ff9627e0000 - 0x00007ff9628f8000 	C:\Windows\System32\RPCRT4.dll
0x00007ff961d50000 - 0x00007ff961dd0000 	C:\Windows\System32\WS2_32.dll
0x00007ff956110000 - 0x00007ff956146000 	C:\Windows\SYSTEM32\WINMM.dll
0x00007ff95fee0000 - 0x00007ff95ff3e000 	C:\Windows\SYSTEM32\POWRPROF.dll
0x00007ff94ab70000 - 0x00007ff94ab7b000 	C:\Windows\SYSTEM32\VERSION.dll
0x00007ff95fec0000 - 0x00007ff95fed4000 	C:\Windows\SYSTEM32\UMPDC.dll
0x00007ff95ed60000 - 0x00007ff95ed7b000 	C:\Windows\SYSTEM32\kernel.appcore.dll
0x00007ff94b2f0000 - 0x00007ff94b2fa000 	C:\Users\megda\.antigravity-ide\extensions\redhat.java-1.55.0-win32-x64\jre\21.0.11-win32-x86_64\bin\jimage.dll
0x00007ff95d520000 - 0x00007ff95d762000 	C:\Windows\SYSTEM32\DBGHELP.DLL
0x00007ff962430000 - 0x00007ff9627b3000 	C:\Windows\System32\combase.dll
0x00007ff962100000 - 0x00007ff9621d9000 	C:\Windows\System32\OLEAUT32.dll
0x00007ff948420000 - 0x00007ff94845b000 	C:\Windows\SYSTEM32\dbgcore.DLL
0x00007ff960080000 - 0x00007ff96012c000 	C:\Windows\System32\bcryptPrimitives.dll
0x00007ff931f90000 - 0x00007ff931f9f000 	C:\Users\megda\.antigravity-ide\extensions\redhat.java-1.55.0-win32-x64\jre\21.0.11-win32-x86_64\bin\instrument.dll
0x00007ff923860000 - 0x00007ff923880000 	C:\Users\megda\.antigravity-ide\extensions\redhat.java-1.55.0-win32-x64\jre\21.0.11-win32-x86_64\bin\java.dll
0x00007ff960c70000 - 0x00007ff961402000 	C:\Windows\System32\SHELL32.dll
0x00007ff95db00000 - 0x00007ff95e392000 	C:\Windows\SYSTEM32\windows.storage.dll
0x00007ff962900000 - 0x00007ff9629f7000 	C:\Windows\System32\SHCORE.dll
0x00007ff962c30000 - 0x00007ff962c97000 	C:\Windows\System32\shlwapi.dll
0x00007ff95ffa0000 - 0x00007ff95ffc9000 	C:\Windows\SYSTEM32\profapi.dll
0x00007ff91f160000 - 0x00007ff91f178000 	C:\Users\megda\.antigravity-ide\extensions\redhat.java-1.55.0-win32-x64\jre\21.0.11-win32-x86_64\bin\zip.dll
0x00007ff931fe0000 - 0x00007ff931ff0000 	C:\Users\megda\.antigravity-ide\extensions\redhat.java-1.55.0-win32-x64\jre\21.0.11-win32-x86_64\bin\net.dll
0x00007ff957da0000 - 0x00007ff957ec9000 	C:\Windows\SYSTEM32\WINHTTP.dll
0x00007ff95f310000 - 0x00007ff95f37c000 	C:\Windows\system32\mswsock.dll
0x00007ff91e4c0000 - 0x00007ff91e4d6000 	C:\Users\megda\.antigravity-ide\extensions\redhat.java-1.55.0-win32-x64\jre\21.0.11-win32-x86_64\bin\nio.dll
0x00007ff92dea0000 - 0x00007ff92deb0000 	C:\Users\megda\.antigravity-ide\extensions\redhat.java-1.55.0-win32-x64\jre\21.0.11-win32-x86_64\bin\verify.dll
0x00007ff922940000 - 0x00007ff922967000 	C:\Users\megda\.gradle\native\1def1411415f61bf3af743bc5b6707747c0891f09f0c88961ee8f79bc544acac\windows-amd64\native-platform.dll
0x00007ff8fabc0000 - 0x00007ff8fac38000 	C:\Users\megda\.gradle\native\0.2.7\x86_64-windows-gnu\gradle-fileevents.dll
0x00007ff950150000 - 0x00007ff95015a000 	C:\Users\megda\.antigravity-ide\extensions\redhat.java-1.55.0-win32-x64\jre\21.0.11-win32-x86_64\bin\management.dll
0x00007ff950140000 - 0x00007ff95014c000 	C:\Users\megda\.antigravity-ide\extensions\redhat.java-1.55.0-win32-x64\jre\21.0.11-win32-x86_64\bin\management_ext.dll
0x00007ff961b60000 - 0x00007ff961b68000 	C:\Windows\System32\PSAPI.DLL
0x00007ff95e7c0000 - 0x00007ff95e7f3000 	C:\Windows\SYSTEM32\IPHLPAPI.DLL
0x00007ff9627c0000 - 0x00007ff9627ca000 	C:\Windows\System32\NSI.dll
0x00007ff9236d0000 - 0x00007ff9236d9000 	C:\Users\megda\.antigravity-ide\extensions\redhat.java-1.55.0-win32-x64\jre\21.0.11-win32-x86_64\bin\extnet.dll
0x00007ff95f630000 - 0x00007ff95f64b000 	C:\Windows\SYSTEM32\CRYPTSP.dll
0x00007ff95ecc0000 - 0x00007ff95ecf9000 	C:\Windows\system32\rsaenh.dll
0x00007ff95f3d0000 - 0x00007ff95f402000 	C:\Windows\SYSTEM32\USERENV.dll
0x00007ff95ff70000 - 0x00007ff95ff9a000 	C:\Windows\SYSTEM32\bcrypt.dll
0x00007ff95f610000 - 0x00007ff95f61c000 	C:\Windows\SYSTEM32\CRYPTBASE.dll
0x00007ff92d930000 - 0x00007ff92d93e000 	C:\Users\megda\.antigravity-ide\extensions\redhat.java-1.55.0-win32-x64\jre\21.0.11-win32-x86_64\bin\sunmscapi.dll
0x00007ff960340000 - 0x00007ff9604b8000 	C:\Windows\System32\CRYPT32.dll
0x00007ff95f850000 - 0x00007ff95f880000 	C:\Windows\SYSTEM32\ncrypt.dll
0x00007ff95f800000 - 0x00007ff95f83f000 	C:\Windows\SYSTEM32\NTASN1.dll
0x00007ff95a260000 - 0x00007ff95a268000 	C:\Windows\system32\wshunix.dll
0x00007ff92c3d0000 - 0x00007ff92c3e8000 	C:\Windows\system32\napinsp.dll
0x00007ff95e800000 - 0x00007ff95e955000 	C:\Windows\SYSTEM32\DNSAPI.dll
0x00007ff95f110000 - 0x00007ff95f11d000 	C:\Windows\SYSTEM32\DSPARSE.dll
0x00007ff92c3b0000 - 0x00007ff92c3c3000 	C:\Windows\System32\winrnr.dll
0x00007ff92c2a0000 - 0x00007ff92c2c2000 	C:\Windows\system32\nlansp_c.dll
0x00007ff950600000 - 0x00007ff950616000 	C:\Windows\system32\wshbth.dll
0x00007ff9556e0000 - 0x00007ff9556eb000 	C:\Windows\System32\rasadhlp.dll
0x00007ff958f80000 - 0x00007ff959006000 	C:\Windows\System32\fwpuclnt.dll

JVMTI agents:
C:\Users\megda\.gradle\wrapper\dists\gradle-8.14-all\c2qonpi39x1mddn7hk5gh9iqj\gradle-8.14\lib\agents\gradle-instrumentation-agent-8.14.jar path:C:\Users\megda\.antigravity-ide\extensions\redhat.java-1.55.0-win32-x64\jre\21.0.11-win32-x86_64\bin\instrument.dll, loaded, initialized, instrumentlib options:none

dbghelp: loaded successfully - version: 4.0.5 - missing functions: none
symbol engine: initialized successfully - sym options: 0x614 - pdb path: .;C:\Users\megda\.antigravity-ide\extensions\redhat.java-1.55.0-win32-x64\jre\21.0.11-win32-x86_64\bin;C:\Windows\SYSTEM32;C:\Windows\WinSxS\amd64_microsoft.windows.common-controls_6595b64144ccf1df_6.0.26100.8737_none_3e092eaee333b772;C:\Users\megda\.antigravity-ide\extensions\redhat.java-1.55.0-win32-x64\jre\21.0.11-win32-x86_64\bin\server;C:\Users\megda\.gradle\native\1def1411415f61bf3af743bc5b6707747c0891f09f0c88961ee8f79bc544acac\windows-amd64;C:\Users\megda\.gradle\native\0.2.7\x86_64-windows-gnu

VM Arguments:
jvm_args: --add-opens=java.base/java.lang=ALL-UNNAMED --add-opens=java.base/java.lang.invoke=ALL-UNNAMED --add-opens=java.base/java.util=ALL-UNNAMED --add-opens=java.prefs/java.util.prefs=ALL-UNNAMED --add-exports=jdk.compiler/com.sun.tools.javac.api=ALL-UNNAMED --add-exports=jdk.compiler/com.sun.tools.javac.util=ALL-UNNAMED --add-opens=java.base/java.util=ALL-UNNAMED --add-opens=java.prefs/java.util.prefs=ALL-UNNAMED --add-opens=java.base/java.nio.charset=ALL-UNNAMED --add-opens=java.base/java.net=ALL-UNNAMED --add-opens=java.base/java.util.concurrent.atomic=ALL-UNNAMED --add-opens=java.xml/javax.xml.namespace=ALL-UNNAMED -XX:MaxMetaspaceSize=1G -XX:+HeapDumpOnOutOfMemoryError -Xmx2G -Dfile.encoding=UTF-8 -Duser.country=US -Duser.language=en -Duser.variant -javaagent:C:\Users\megda\.gradle\wrapper\dists\gradle-8.14-all\c2qonpi39x1mddn7hk5gh9iqj\gradle-8.14\lib\agents\gradle-instrumentation-agent-8.14.jar 
java_command: org.gradle.launcher.daemon.bootstrap.GradleDaemon 8.14
java_class_path (initial): C:\Users\megda\.gradle\wrapper\dists\gradle-8.14-all\c2qonpi39x1mddn7hk5gh9iqj\gradle-8.14\lib\gradle-daemon-main-8.14.jar
Launcher Type: SUN_STANDARD

[Global flags]
     intx CICompilerCount                          = 4                                         {product} {ergonomic}
   size_t CompressedClassSpaceSize                 = 872415232                                 {product} {ergonomic}
     uint ConcGCThreads                            = 3                                         {product} {ergonomic}
     uint G1ConcRefinementThreads                  = 10                                        {product} {ergonomic}
   size_t G1HeapRegionSize                         = 1048576                                   {product} {ergonomic}
    uintx GCDrainStackTargetSize                   = 64                                        {product} {ergonomic}
     bool HeapDumpOnOutOfMemoryError               = true                                   {manageable} {command line}
   size_t InitialHeapSize                          = 130023424                                 {product} {ergonomic}
   size_t MarkStackSize                            = 4194304                                   {product} {ergonomic}
   size_t MaxHeapSize                              = 2147483648                                {product} {command line}
   size_t MaxMetaspaceSize                         = 1073741824                                {product} {command line}
   size_t MaxNewSize                               = 1287651328                                {product} {ergonomic}
   size_t MinHeapDeltaBytes                        = 1048576                                   {product} {ergonomic}
   size_t MinHeapSize                              = 8388608                                   {product} {ergonomic}
    uintx NonNMethodCodeHeapSize                   = 5839372                                {pd product} {ergonomic}
    uintx NonProfiledCodeHeapSize                  = 122909434                              {pd product} {ergonomic}
    uintx ProfiledCodeHeapSize                     = 122909434                              {pd product} {ergonomic}
    uintx ReservedCodeCacheSize                    = 251658240                              {pd product} {ergonomic}
     bool SegmentedCodeCache                       = true                                      {product} {ergonomic}
   size_t SoftMaxHeapSize                          = 2147483648                             {manageable} {ergonomic}
     bool UseCompressedOops                        = true                           {product lp64_product} {ergonomic}
     bool UseG1GC                                  = true                                      {product} {ergonomic}
     bool UseLargePagesIndividualAllocation        = false                                  {pd product} {ergonomic}

Logging:
Log output configuration:
 #0: stdout all=warning uptime,level,tags foldmultilines=false
 #1: stderr all=off uptime,level,tags foldmultilines=false

Release file:
JAVA_VERSION="21.0.11" 
MODULES="java.base java.compiler java.datatransfer java.xml java.prefs java.desktop java.instrument java.logging java.management java.security.sasl java.naming java.rmi java.management.rmi java.net.http java.scripting java.security.jgss java.transaction.xa java.sql java.sql.rowset java.xml.crypto java.se java.smartcardio jdk.accessibility jdk.internal.jvmstat jdk.attach jdk.charsets jdk.internal.opt jdk.zipfs jdk.compiler jdk.crypto.ec jdk.crypto.cryptoki jdk.crypto.mscapi jdk.dynalink jdk.internal.ed jdk.editpad jdk.hotspot.agent jdk.httpserver jdk.internal.le jdk.internal.vm.ci jdk.internal.vm.compiler jdk.internal.vm.compiler.management jdk.jartool jdk.javadoc jdk.jcmd jdk.management jdk.management.agent jdk.jconsole jdk.jdeps jdk.jdwp.agent jdk.jdi jdk.jfr jdk.jshell jdk.jsobject jdk.jstatd jdk.localedata jdk.management.jfr jdk.naming.dns jdk.naming.rmi jdk.net jdk.nio.mapmode jdk.random jdk.sctp jdk.security.auth jdk.security.jgss jdk.unsupported jdk.unsupported.desktop jdk.xml.dom" 

Environment Variables:
JAVA_HOME=C:\Program Files\Microsoft\jdk-17.0.18.8-hotspot\
PATH=C:\flutter\bin\cache\dart-sdk;C:\flutter\bin\dart.bat;C:\Program Files\Microsoft\jdk-17.0.18.8-hotspot\bin;C:\Windows\System32\HWAudioDriver;C:\Windows\system32;C:\Windows;C:\Windows\System32\Wbem;C:\Windows\System32\WindowsPowerShell\v1.0\;C:\Windows\System32\OpenSSH\;C:\Users\Administrator\AppData\Local\Microsoft\WindowsApps;C:\Program Files\Git\cmd;C:\Program Files\Docker\Docker\resources\bin;C:\Program Files\nodejs\;D:\flutter\bin;C:\flutter\bin;C:\Users\megda\AppData\Local\Android\Sdk\platform-tools;C:\Users\megda\AppData\Local\Android\Sdk\cmdline-tools\latest\bin;C:\Users\megda\AppData\Local\Android\Sdk\cmdline-tools;D:\android_sdk;C:\Program Files\PyManager\;C:\Users\megda\AppData\Local\Programs\Python\Python313\Scripts\;C:\Users\megda\AppData\Local\Programs\Python\Python313\;C:\Users\megda\AppData\Local\Programs\Ollama;C:\flutter\bin\cache\dart-sdk;C:\flutter\bin\dart.bat;C:\Program Files\Microsoft\jdk-17.0.18.8-hotspot\bin;C:\Windows\System32\HWAudioDriver;C:\Windows\system32;C:\Windows;C:\Windows\System32\Wbem;C:\Windows\System32\WindowsPowerShell\v1.0\;C:\Windows\System32\OpenSSH\;C:\Users\Administrator\AppData\Local\Microsoft\WindowsApps;C:\Program Files\Git\cmd;C:\Program Files\Docker\Docker\resources\bin;C:\Program Files\nodejs\;D:\flutter\bin;C:\flutter\bin;C:\Users\megda\AppData\Local\Android\Sdk\platform-tools;C:\Users\megda\AppData\Local\Android\Sdk\cmdline-tools\latest\bin;C:\Users\megda\AppData\Local\Android\Sdk\cmdline-tools;D:\android_sdk;C:\flutter\bin\cache\dart-sdk;C:\flutter\bin\dart.bat;C:\Program Files\Microsoft\jdk-17.0.18.8-hotspot\bin;C:\Windows\System32\HWAudioDriver;C:\Windows\system32;C:\Windows;C:\Windows\System32\Wbem;C:\Windows\System32\WindowsPowerShell\v1.0\;C:\Windows\System32\OpenSSH\;C:\Users\Administrator\AppData\Local\Microsoft\WindowsApps;C:\Program Files\Git\cmd;C:\Program Files\Docker\Docker\resources\bin;C:\Program Files\nodejs\;D:\flutter\bin;C:\flutter\bin;C:\Users\megda\AppData\Local\Android\Sdk\platform-tools;C:\Users\megda\AppData\Local\Android\Sdk\cmdline-tools\latest\bin;C:\Users\megda\AppData\Local\Android\Sdk\cmdline-tools;D:\android_sdk;C:\Users\megda\.local\bin\claude.exe;C:\flutter\bin\cache\dart-sdk;C:\flutter\bin\dart.bat;C:\Program Files\Microsoft\jdk-17.0.18.8-hotspot\bin;C:\Windows\System32\HWAudioDriver;C:\Windows\system32;C:\Windows;C:\Windows\System32\Wbem;C:\Windows\System32\WindowsPowerShell\v1.0\;C:\Windows\System32\OpenSSH\;C:\Users\Administrator\AppData\Local\Microsoft\WindowsApps;C:\Program F;C:\Users\megda\.local\bin;C:\Users\megda\AppData\Local\Programs\Antigravity\bin;C:\Users\megda\AppData\Local\Programs\Microsoft VS Code\bin;C:\Users\megda\AppData\Local\Programs\Antigravity IDE\bin;C:\Users\megda\AppData\Local\PowerToys\DSCModules\;C:\Users\megda\AppData\Local\Python\bin
USERNAME=megda
OS=Windows_NT
PROCESSOR_IDENTIFIER=Intel64 Family 6 Model 154 Stepping 3, GenuineIntel
TMP=C:\Users\megda\AppData\Local\Temp
TEMP=C:\Users\megda\AppData\Local\Temp




Periodic native trim disabled

---------------  S Y S T E M  ---------------

OS:
 Windows 11 , 64 bit Build 26100 (10.0.26100.8737)
OS uptime: 1 days 21:20 hours
Hyper-V role detected

CPU: total 12 (initial active 12) (6 cores per cpu, 2 threads per core) family 6 model 154 stepping 3 microcode 0x426, cx8, cmov, fxsr, ht, mmx, 3dnowpref, sse, sse2, sse3, ssse3, sse4.1, sse4.2, popcnt, lzcnt, tsc, tscinvbit, avx, avx2, aes, erms, clmul, bmi1, bmi2, adx, sha, fma, vzeroupper, clflush, clflushopt, clwb, hv, serialize, rdtscp, rdpid, fsrm, f16c, cet_ibt, cet_ss
Processor Information for processor 0
  Max Mhz: 2000, Current Mhz: 2000, Mhz Limit: 2000
Processor Information for processor 1
  Max Mhz: 2000, Current Mhz: 2000, Mhz Limit: 2000
Processor Information for processor 2
  Max Mhz: 2000, Current Mhz: 2000, Mhz Limit: 2000
Processor Information for processor 3
  Max Mhz: 2000, Current Mhz: 2000, Mhz Limit: 2000
Processor Information for processor 4
  Max Mhz: 2000, Current Mhz: 2000, Mhz Limit: 2000
Processor Information for processor 5
  Max Mhz: 2000, Current Mhz: 2000, Mhz Limit: 2000
Processor Information for processor 6
  Max Mhz: 2000, Current Mhz: 2000, Mhz Limit: 2000
Processor Information for processor 7
  Max Mhz: 2000, Current Mhz: 2000, Mhz Limit: 2000
Processor Information for processor 8
  Max Mhz: 2000, Current Mhz: 1466, Mhz Limit: 2000
Processor Information for processor 9
  Max Mhz: 2000, Current Mhz: 2000, Mhz Limit: 2000
Processor Information for processor 10
  Max Mhz: 2000, Current Mhz: 1466, Mhz Limit: 2000
Processor Information for processor 11
  Max Mhz: 2000, Current Mhz: 1466, Mhz Limit: 2000

Memory: 4k page, system-wide physical 7916M (230M free)
TotalPageFile size 32492M (AvailPageFile size 74M)
current process WorkingSet (physical memory assigned to process): 551M, peak: 584M
current process commit charge ("private bytes"): 720M, peak: 805M

vm_info: OpenJDK 64-Bit Server VM (21.0.11+10-LTS) for windows-amd64 JRE (21.0.11+10-LTS), built on 2026-04-21T00:00:00Z by "admin" with MS VC++ 17.12 (VS2022)

END.
